"죄종별(1)","죄종별(2)",범죄발생검거기간별(1),2011,2012,2013,2014,2015,2016,2017,2018,2019,2020
"계","소계",계,1382463,1370121,1420658,1392112,1500234,1552455,1413717,1328609,1342854,1289129
"계","소계",1일이내,676679,637659,630581,604041,610183,621450,536805,445309,398658,334645
"계","소계",2일이내,27644,28492,29009,28636,30859,32599,29994,24174,23087,21178
"계","소계",3일이내,26687,28430,30595,30852,33833,36502,34996,30166,29732,28117
"계","소계",10일이내,105133,113035,121944,129472,149162,168827,163919,152679,163576,161200
"계","소계",1개월이내,135784,145559,151568,161089,185207,206784,206553,216045,241449,242976
"계","소계",3개월이내,143550,154215,162624,164023,184206,191167,179988,196725,224458,234199
"계","소계",6개월이내,74801,73673,80623,78330,89588,91144,80619,81804,90758,97092
"계","소계",1년이내,66227,66454,70438,66035,74963,73131,64280,62144,64063,64299
"계","소계",1년초과,125921,122565,143276,129610,142233,130851,116563,119563,107073,105423
"계","소계",미상,37,39,-,24,-,-,-,-,-,-
"강력범죄","소계",계,22426,21187,23937,23897,24373,24897,26334,25811,25507,23556
"강력범죄","소계",1일이내,10755,9350,9820,9755,10058,10279,11097,8721,7964,5685
"강력범죄","소계",2일이내,574,547,584,558,489,449,449,316,288,283
"강력범죄","소계",3일이내,505,522,553,501,456,408,402,369,377,287
"강력범죄","소계",10일이내,2409,2386,2673,2495,2572,2392,2398,2269,2166,1909
"강력범죄","소계",1개월이내,2835,2868,3462,3744,3985,4358,4853,5227,5671,5448
"강력범죄","소계",3개월이내,2428,2544,3135,3406,3334,3650,3922,4570,5163,5776
"강력범죄","소계",6개월이내,1077,1051,1410,1354,1320,1239,1156,1381,1472,1589
"강력범죄","소계",1년이내,746,704,958,914,964,841,780,1075,907,944
"강력범죄","소계",1년초과,1096,1215,1342,1170,1195,1281,1277,1883,1499,1635
"강력범죄","소계",미상,1,-,-,-,-,-,-,-,-,-
"강력범죄","살인기수",계,395,395,334,364,357,348,301,298,299,299
"강력범죄","살인기수",1일이내,217,226,195,213,220,208,183,186,176,185
"강력범죄","살인기수",2일이내,13,19,14,18,13,16,14,14,18,18
"강력범죄","살인기수",3일이내,11,13,9,14,15,8,1,8,7,9
"강력범죄","살인기수",10일이내,35,41,38,31,35,28,27,18,23,20
"강력범죄","살인기수",1개월이내,29,21,20,28,22,23,20,16,18,13
"강력범죄","살인기수",3개월이내,38,30,22,25,16,30,24,21,23,22
"강력범죄","살인기수",6개월이내,18,15,8,12,8,8,7,14,13,14
"강력범죄","살인기수",1년이내,8,8,9,11,5,7,7,5,5,6
"강력범죄","살인기수",1년초과,26,22,19,12,23,20,18,16,16,12
"강력범죄","살인미수등",계,759,576,579,537,552,561,525,484,481,406
"강력범죄","살인미수등",1일이내,511,412,425,372,408,432,430,366,360,286
"강력범죄","살인미수등",2일이내,16,13,15,12,10,11,10,8,6,9
"강력범죄","살인미수등",3일이내,16,7,6,8,7,9,1,7,4,8
"강력범죄","살인미수등",10일이내,69,35,29,38,31,33,16,24,20,25
"강력범죄","살인미수등",1개월이내,49,34,27,24,27,21,17,18,26,19
"강력범죄","살인미수등",3개월이내,33,28,30,23,24,20,21,16,24,24
"강력범죄","살인미수등",6개월이내,22,13,13,15,9,9,7,13,11,10
"강력범죄","살인미수등",1년이내,18,9,14,9,11,11,8,10,11,7
"강력범죄","살인미수등",1년초과,25,25,20,36,25,15,15,22,19,18
"강력범죄","강도",계,3385,2240,1857,1546,1457,1168,977,821,801,658
"강력범죄","강도",1일이내,1078,775,596,532,510,445,419,341,360,271
"강력범죄","강도",2일이내,120,89,81,64,62,69,44,36,27,26
"강력범죄","강도",3일이내,101,73,60,65,44,40,31,19,33,16
"강력범죄","강도",10일이내,479,337,266,228,256,157,122,96,93,64
"강력범죄","강도",1개월이내,609,353,276,239,206,155,129,132,102,85
"강력범죄","강도",3개월이내,430,255,238,198,149,127,95,84,101,92
"강력범죄","강도",6개월이내,173,106,98,65,77,52,34,40,33,49
"강력범죄","강도",1년이내,141,73,76,42,40,24,31,16,17,25
"강력범죄","강도",1년초과,253,179,166,113,113,99,72,57,35,30
"강력범죄","강도",미상,1,-,-,-,-,-,-,-,-,-
"강력범죄","강간·강제추행",계,16404,16630,-,-,-,-,-,-,-,-
"강력범죄","강간·강제추행",1일이내,8062,7118,-,-,-,-,-,-,-,-
"강력범죄","강간·강제추행",2일이내,388,388,-,-,-,-,-,-,-,-
"강력범죄","강간·강제추행",3일이내,349,400,-,-,-,-,-,-,-,-
"강력범죄","강간·강제추행",10일이내,1697,1869,-,-,-,-,-,-,-,-
"강력범죄","강간·강제추행",1개월이내,2003,2335,-,-,-,-,-,-,-,-
"강력범죄","강간·강제추행",3개월이내,1798,2106,-,-,-,-,-,-,-,-
"강력범죄","강간·강제추행",6개월이내,811,864,-,-,-,-,-,-,-,-
"강력범죄","강간·강제추행",1년이내,545,593,-,-,-,-,-,-,-,-
"강력범죄","강간·강제추행",1년초과,751,957,-,-,-,-,-,-,-,-
"강력범죄","강간",계,-,-,5481,5051,5101,5097,5134,5206,5197,5183
"강력범죄","강간",1일이내,-,-,1319,1179,1231,1188,1281,960,950,721
"강력범죄","강간",2일이내,-,-,138,124,101,89,81,55,59,54
"강력범죄","강간",3일이내,-,-,135,104,83,73,84,66,73,57
"강력범죄","강간",10일이내,-,-,697,579,550,520,475,407,387,332
"강력범죄","강간",1개월이내,-,-,928,976,1002,1019,1099,1147,1162,1073
"강력범죄","강간",3개월이내,-,-,982,996,972,1019,1013,1188,1268,1528
"강력범죄","강간",6개월이내,-,-,470,438,409,397,348,408,458,466
"강력범죄","강간",1년이내,-,-,356,294,344,316,266,369,297,336
"강력범죄","강간",1년초과,-,-,456,361,409,476,487,606,543,616
"강력범죄","유사강간",계,-,-,122,359,514,568,631,758,768,796
"강력범죄","유사강간",1일이내,-,-,30,96,138,146,162,161,145,118
"강력범죄","유사강간",2일이내,-,-,-,17,10,10,7,14,10,11
"강력범죄","유사강간",3일이내,-,-,6,9,12,7,11,12,6,9
"강력범죄","유사강간",10일이내,-,-,14,40,58,60,74,73,50,60
"강력범죄","유사강간",1개월이내,-,-,23,73,118,135,131,161,199,189
"강력범죄","유사강간",3개월이내,-,-,24,58,77,100,138,152,188,226
"강력범죄","유사강간",6개월이내,-,-,10,34,36,58,39,54,70,70
"강력범죄","유사강간",1년이내,-,-,6,19,30,24,26,57,40,39
"강력범죄","유사강간",1년초과,-,-,9,13,35,28,43,74,60,74
"강력범죄","강제추행",계,-,-,12525,13584,14355,15384,17219,16324,16395,14864
"강력범죄","강제추행",1일이내,-,-,6052,6197,6450,6907,7769,5776,5109,3422
"강력범죄","강제추행",2일이내,-,-,243,261,238,198,254,147,137,134
"강력범죄","강제추행",3일이내,-,-,274,249,256,237,255,223,225,155
"강력범죄","강제추행",10일이내,-,-,1324,1364,1460,1436,1550,1515,1474,1278
"강력범죄","강제추행",1개월이내,-,-,1804,2101,2400,2771,3283,3554,3965,3888
"강력범죄","강제추행",3개월이내,-,-,1478,1824,1897,2191,2445,2901,3397,3727
"강력범죄","강제추행",6개월이내,-,-,609,666,694,663,667,766,823,920
"강력범죄","강제추행",1년이내,-,-,363,480,473,424,412,573,516,511
"강력범죄","강제추행",1년초과,-,-,378,442,487,557,584,869,749,829
"강력범죄","기타 강간·강제추행등",계,-,-,1646,1037,555,408,305,356,326,235
"강력범죄","기타 강간·강제추행등",1일이내,-,-,369,286,148,109,89,87,91,43
"강력범죄","기타 강간·강제추행등",2일이내,-,-,39,25,11,13,8,9,8,7
"강력범죄","기타 강간·강제추행등",3일이내,-,-,39,26,11,5,9,7,7,5
"강력범죄","기타 강간·강제추행등",10일이내,-,-,190,98,56,49,26,37,25,18
"강력범죄","기타 강간·강제추행등",1개월이내,-,-,268,159,90,76,49,51,57,35
"강력범죄","기타 강간·강제추행등",3개월이내,-,-,242,146,72,63,46,48,47,42
"강력범죄","기타 강간·강제추행등",6개월이내,-,-,139,71,39,18,12,17,21,23
"강력범죄","기타 강간·강제추행등",1년이내,-,-,103,48,37,14,17,11,7,13
"강력범죄","기타 강간·강제추행등",1년초과,-,-,257,178,91,61,49,89,63,49
"강력범죄","방화",계,1483,1346,1393,1419,1482,1363,1242,1564,1240,1115
"강력범죄","방화",1일이내,887,819,834,880,953,844,764,844,773,639
"강력범죄","방화",2일이내,37,38,54,37,44,43,31,33,23,24
"강력범죄","방화",3일이내,28,29,24,26,28,29,10,27,22,28
"강력범죄","방화",10일이내,129,104,115,117,126,109,108,99,94,112
"강력범죄","방화",1개월이내,145,125,116,144,120,158,125,148,142,146
"강력범죄","방화",3개월이내,129,125,119,136,127,100,140,160,115,115
"강력범죄","방화",6개월이내,53,53,63,53,48,34,42,69,43,37
"강력범죄","방화",1년이내,34,21,31,11,24,21,13,34,14,7
"강력범죄","방화",1년초과,41,32,37,15,12,25,9,150,14,7
"절도범죄","소계",계,112849,106360,118578,119467,127368,118597,113771,106669,113673,111246
"절도범죄","소계",1일이내,29610,25871,24272,22675,23333,23688,24790,19325,18371,15691
"절도범죄","소계",2일이내,4017,3477,3336,3369,3568,4016,3775,3068,2896,2589
"절도범죄","소계",3일이내,3295,3010,2987,2752,3221,3610,3511,2985,3028,2873
"절도범죄","소계",10일이내,15524,14494,15685,16664,18484,19604,19886,18922,20441,20244
"절도범죄","소계",1개월이내,20611,21929,24777,25715,29122,29639,29600,30312,33217,33052
"절도범죄","소계",3개월이내,19548,20734,24356,24237,25969,21061,19071,20579,23762,24691
"절도범죄","소계",6개월이내,9232,8278,10347,10460,10400,7330,5740,5823,6341,7048
"절도범죄","소계",1년이내,5615,4621,6547,6852,6451,4375,3254,2624,3064,2825
"절도범죄","소계",1년초과,5395,3945,6271,6742,6820,5274,4144,3031,2553,2233
"절도범죄","소계",미상,2,1,-,1,-,-,-,-,-,-
"폭력범죄","소계",계,249836,257199,243438,242798,262401,271048,257623,251586,252877,230773
"폭력범죄","소계",1일이내,157121,149901,139631,131350,137238,136017,118864,100210,87668,64628
"폭력범죄","소계",2일이내,4276,4797,4646,4385,4939,5467,5469,4817,4829,4172
"폭력범죄","소계",3일이내,5155,6014,6189,6369,6920,7627,8326,8227,8429,7478
"폭력범죄","소계",10일이내,23239,27068,27184,29175,33673,38769,40974,42695,46225,44442
"폭력범죄","소계",1개월이내,27580,32093,31163,34232,39637,43747,46163,52367,58759,60022
"폭력범죄","소계",3개월이내,19653,22508,20886,22875,25101,25710,25540,30229,33442,36004
"폭력범죄","소계",6개월이내,5806,6798,5917,6466,6590,6200,5812,6717,7082,7702
"폭력범죄","소계",1년이내,3312,3877,3425,3640,3707,3384,3044,3100,3193,3137
"폭력범죄","소계",1년초과,3692,4140,4397,4306,4596,4127,3431,3224,3250,3188
"폭력범죄","소계",미상,2,3,-,-,-,-,-,-,-,-
"폭력범죄","상해",계,61952,58914,52908,48177,46319,48740,43477,38737,35995,32042
"폭력범죄","상해",1일이내,30740,26849,22799,19286,17693,18988,15549,12134,10414,7833
"폭력범죄","상해",2일이내,1416,1367,1191,1020,1028,1033,1014,708,659,539
"폭력범죄","상해",3일이내,1647,1588,1612,1327,1384,1419,1418,1150,1128,896
"폭력범죄","상해",10일이내,8005,8204,7952,7538,7522,8053,7895,7098,6702,6082
"폭력범죄","상해",1개월이내,10063,10649,9872,9727,9634,10225,9667,9626,9507,9006
"폭력범죄","상해",3개월이내,6556,6793,6129,6001,5943,5858,5384,5479,5286,5461
"폭력범죄","상해",6개월이내,1655,1665,1460,1485,1410,1435,1138,1191,1107,1139
"폭력범죄","상해",1년이내,908,841,823,787,763,727,619,619,515,485
"폭력범죄","상해",1년초과,962,956,1070,1006,942,1002,793,732,677,601
"폭력범죄","상해",미상,-,2,-,-,-,-,-,-,-,-
"폭력범죄","폭행",계,114514,119817,118284,123092,140524,157675,152066,151384,149461,132352
"폭력범죄","폭행",1일이내,86171,84079,80778,78872,85659,90829,80406,67956,57418,40619
"폭력범죄","폭행",2일이내,1605,2044,2226,2314,2718,3320,3373,3218,3154,2731
"폭력범죄","폭행",3일이내,2187,2852,3113,3574,4081,4823,5469,5634,5712,5159
"폭력범죄","폭행",10일이내,8541,11089,11825,13974,17626,22440,24414,26804,29469,28119
"폭력범죄","폭행",1개월이내,8453,10653,11154,13587,17665,21780,23930,29042,33176,34047
"폭력범죄","폭행",3개월이내,5165,6202,6263,7543,9201,10628,10917,14289,15978,16941
"폭력범죄","폭행",6개월이내,1290,1535,1403,1645,1822,1914,1900,2596,2554,2867
"폭력범죄","폭행",1년이내,627,679,717,789,853,960,838,994,1063,991
"폭력범죄","폭행",1년초과,474,684,805,794,899,981,819,851,937,878
"폭력범죄","폭행",미상,1,-,-,-,-,-,-,-,-,-
"폭력범죄","체포·감금",계,720,777,834,864,959,1247,1389,1139,1192,1139
"폭력범죄","체포·감금",1일이내,277,297,342,333,396,596,715,478,436,349
"폭력범죄","체포·감금",2일이내,17,19,13,19,25,32,34,19,33,15
"폭력범죄","체포·감금",3일이내,10,9,17,18,22,26,30,22,25,21
"폭력범죄","체포·감금",10일이내,53,69,68,63,104,122,141,130,147,160
"폭력범죄","체포·감금",1개월이내,111,98,103,115,111,167,167,177,220,224
"폭력범죄","체포·감금",3개월이내,113,125,136,143,139,157,161,162,180,206
"폭력범죄","체포·감금",6개월이내,47,55,55,60,66,59,53,63,49,75
"폭력범죄","체포·감금",1년이내,26,43,38,53,39,33,35,35,44,35
"폭력범죄","체포·감금",1년초과,66,62,62,60,57,55,53,53,58,54
"폭력범죄","협박",계,3143,3948,4013,4576,8304,15043,14699,16155,19807,19876
"폭력범죄","협박",1일이내,752,1059,1056,1241,2869,6348,5602,5761,6750,5689
"폭력범죄","협박",2일이내,33,42,40,51,119,297,270,269,285,292
"폭력범죄","협박",3일이내,50,68,63,64,159,335,318,392,523,429
"폭력범죄","협박",10일이내,307,352,399,443,906,1897,2104,2167,2866,2918
"폭력범죄","협박",1개월이내,567,732,736,850,1512,2619,2958,3435,4488,4860
"폭력범죄","협박",3개월이내,711,891,848,984,1521,2129,2113,2633,3202,3761
"폭력범죄","협박",6개월이내,298,376,360,399,551,610,630,724,861,996
"폭력범죄","협박",1년이내,216,196,261,262,321,387,345,402,431,471
"폭력범죄","협박",1년초과,209,232,250,282,346,421,359,372,401,460
"폭력범죄","약취·유인",계,223,174,154,172,181,191,191,167,224,186
"폭력범죄","약취·유인",1일이내,75,65,56,47,51,63,63,52,50,34
"폭력범죄","약취·유인",2일이내,7,5,3,5,2,3,8,6,7,2
"폭력범죄","약취·유인",3일이내,9,2,1,4,2,7,6,6,3,7
"폭력범죄","약취·유인",10일이내,25,22,15,12,15,12,22,19,26,20
"폭력범죄","약취·유인",1개월이내,24,22,26,32,28,32,25,38,55,38
"폭력범죄","약취·유인",3개월이내,35,22,29,27,29,28,38,20,51,46
"폭력범죄","약취·유인",6개월이내,23,10,7,18,16,17,8,7,15,17
"폭력범죄","약취·유인",1년이내,7,12,9,6,13,11,4,7,5,9
"폭력범죄","약취·유인",1년초과,18,14,8,21,25,18,17,12,12,13
"폭력범죄","폭력행위등",계,40172,41670,37672,34851,33780,12604,10668,8694,7945,7073
"폭력범죄","폭력행위등",1일이내,23740,22739,20781,18401,17244,5305,4090,2595,2043,1439
"폭력범죄","폭력행위등",2일이내,773,830,722,579,569,208,196,124,98,66
"폭력범죄","폭력행위등",3일이내,754,912,829,767,661,269,248,168,157,120
"폭력범죄","폭력행위등",10일이내,3715,4220,3894,3769,3720,1594,1499,1176,1084,920
"폭력범죄","폭력행위등",1개월이내,4676,5373,4889,4854,5093,2304,2186,2048,1956,1849
"폭력범죄","폭력행위등",3개월이내,3625,4190,3559,3634,3500,1602,1448,1640,1668,1711
"폭력범죄","폭력행위등",6개월이내,1231,1401,1174,1169,1136,547,458,467,453,489
"폭력범죄","폭력행위등",1년이내,796,935,715,742,750,327,246,209,234,229
"폭력범죄","폭력행위등",1년초과,862,1069,1109,936,1107,448,297,267,252,250
"폭력범죄","폭력행위등",미상,-,1,-,-,-,-,-,-,-,-
"폭력범죄","공갈",계,3238,4829,2855,3523,2866,3086,3026,2584,3031,2679
"폭력범죄","공갈",1일이내,626,631,309,335,264,325,259,196,186,144
"폭력범죄","공갈",2일이내,53,71,32,30,18,21,19,17,27,21
"폭력범죄","공갈",3일이내,41,86,28,28,22,26,24,13,29,14
"폭력범죄","공갈",10일이내,261,366,176,201,146,160,179,129,160,91
"폭력범죄","공갈",1개월이내,441,760,414,498,358,522,456,440,463,378
"폭력범죄","공갈",3개월이내,597,1001,652,822,685,766,711,730,888,794
"폭력범죄","공갈",6개월이내,380,683,464,581,473,436,500,392,602,537
"폭력범죄","공갈",1년이내,247,635,307,443,382,342,402,270,326,325
"폭력범죄","공갈",1년초과,592,596,473,585,518,488,476,397,350,375
"폭력범죄","손괴",계,25874,27070,26718,27543,29468,32462,32107,32726,35222,35426
"폭력범죄","손괴",1일이내,14740,14182,13510,12835,13062,13563,12180,11038,10371,8521
"폭력범죄","손괴",2일이내,372,419,419,367,460,553,555,456,566,506
"폭력범죄","손괴",3일이내,457,497,526,587,589,722,813,842,852,832
"폭력범죄","손괴",10일이내,2332,2746,2855,3175,3634,4491,4720,5172,5771,6132
"폭력범죄","손괴",1개월이내,3245,3806,3969,4569,5236,6098,6774,7561,8894,9620
"폭력범죄","손괴",3개월이내,2851,3284,3270,3721,4083,4542,4768,5276,6189,7084
"폭력범죄","손괴",6개월이내,882,1073,994,1109,1116,1182,1125,1277,1441,1582
"폭력범죄","손괴",1년이내,485,536,555,558,586,597,555,564,575,592
"폭력범죄","손괴",1년초과,509,527,620,622,702,714,617,540,563,557
"폭력범죄","손괴",미상,1,-,-,-,-,-,-,-,-,-
"지능범죄","소계",계,206226,199597,207108,204116,236499,240226,225445,245413,267063,279050
"지능범죄","소계",1일이내,14654,14825,15062,13938,14260,14036,13333,14071,13852,12431
"지능범죄","소계",2일이내,715,562,525,439,589,703,770,819,983,1307
"지능범죄","소계",3일이내,886,424,410,411,603,747,786,959,1021,1344
"지능범죄","소계",10일이내,4469,3593,3221,3223,4495,5975,6432,7435,9099,11143
"지능범죄","소계",1개월이내,16592,15513,13895,15450,20178,24869,27701,33656,40520,40655
"지능범죄","소계",3개월이내,32013,32994,36698,36699,46195,50714,51304,62566,76371,83261
"지능범죄","소계",6개월이내,24857,24695,27351,26953,32263,32636,30361,33047,37801,44777
"지능범죄","소계",1년이내,30824,31656,31667,30151,33061,31805,27985,27736,28003,28242
"지능범죄","소계",1년초과,81206,75327,78279,76845,84855,78741,66773,65124,59413,55890
"지능범죄","소계",미상,10,8,-,7,-,-,-,-,-,-
"지능범죄","직무유기",계,306,358,359,339,336,336,277,333,327,361
"지능범죄","직무유기",1일이내,1,2,1,1,2,2,1,-,2,-
"지능범죄","직무유기",2일이내,1,1,-,-,-,-,-,1,-,-
"지능범죄","직무유기",3일이내,1,-,-,-,1,-,1,-,-,-
"지능범죄","직무유기",10일이내,4,8,4,5,4,5,3,5,2,1
"지능범죄","직무유기",1개월이내,19,17,26,19,17,18,14,26,29,25
"지능범죄","직무유기",3개월이내,75,89,70,70,74,80,61,75,86,114
"지능범죄","직무유기",6개월이내,45,68,64,69,67,57,59,57,65,60
"지능범죄","직무유기",1년이내,49,65,59,59,48,64,46,61,42,66
"지능범죄","직무유기",1년초과,111,108,135,116,123,110,92,108,101,95
"지능범죄","직권남용",계,173,192,231,247,275,284,312,341,399,409
"지능범죄","직권남용",1일이내,-,1,2,1,1,7,2,3,2,2
"지능범죄","직권남용",2일이내,1,1,-,-,-,-,-,-,-,1
"지능범죄","직권남용",3일이내,2,2,2,-,-,1,1,-,-,2
"지능범죄","직권남용",10일이내,5,5,5,2,6,2,6,4,2,11
"지능범죄","직권남용",1개월이내,20,21,29,23,22,22,25,26,27,31
"지능범죄","직권남용",3개월이내,51,53,63,90,100,98,101,103,128,119
"지능범죄","직권남용",6개월이내,25,27,29,45,40,51,62,57,82,68
"지능범죄","직권남용",1년이내,27,21,29,34,39,45,35,54,62,60
"지능범죄","직권남용",1년초과,42,61,72,52,67,58,80,94,96,115
"지능범죄","증수뢰",계,571,340,234,242,229,247,290,328,240,259
"지능범죄","증수뢰",1일이내,11,12,6,4,8,13,7,1,2,3
"지능범죄","증수뢰",2일이내,-,1,-,-,-,-,-,-,-,-
"지능범죄","증수뢰",3일이내,-,1,-,-,-,-,-,-,-,-
"지능범죄","증수뢰",10일이내,3,3,2,1,1,2,1,1,3,1
"지능범죄","증수뢰",1개월이내,7,5,6,7,2,8,9,9,8,7
"지능범죄","증수뢰",3개월이내,70,20,26,17,16,22,25,32,30,33
"지능범죄","증수뢰",6개월이내,54,27,20,23,24,23,35,45,26,19
"지능범죄","증수뢰",1년이내,91,89,40,39,48,41,50,49,30,44
"지능범죄","증수뢰",1년초과,335,182,134,151,130,138,163,191,141,152
"지능범죄","통화",계,149,265,198,154,174,123,532,153,107,63
"지능범죄","통화",1일이내,22,33,29,21,40,32,55,36,19,11
"지능범죄","통화",2일이내,1,7,6,5,5,4,3,3,7,2
"지능범죄","통화",3일이내,3,4,6,2,3,5,10,4,4,2
"지능범죄","통화",10일이내,16,56,31,23,35,17,47,19,17,9
"지능범죄","통화",1개월이내,38,38,41,37,42,26,90,22,23,13
"지능범죄","통화",3개월이내,38,101,48,45,29,25,131,31,23,14
"지능범죄","통화",6개월이내,25,16,14,7,14,6,66,15,6,9
"지능범죄","통화",1년이내,1,6,5,3,3,2,114,13,4,1
"지능범죄","통화",1년초과,5,4,18,11,3,6,16,10,4,2
"지능범죄","문서·인장",계,12878,11647,12038,11516,12216,11265,10878,10794,9610,9055
"지능범죄","문서·인장",1일이내,831,966,777,687,766,809,566,481,432,344
"지능범죄","문서·인장",2일이내,45,37,45,29,30,35,29,39,45,40
"지능범죄","문서·인장",3일이내,41,48,46,37,41,54,44,40,55,48
"지능범죄","문서·인장",10일이내,356,311,304,270,308,397,353,386,473,411
"지능범죄","문서·인장",1개월이내,1318,982,950,779,815,873,855,1414,1095,1080
"지능범죄","문서·인장",3개월이내,2125,1821,1748,1521,1514,1348,1430,1536,1654,1661
"지능범죄","문서·인장",6개월이내,1625,1387,1295,1282,1299,1159,1199,1069,1121,1121
"지능범죄","문서·인장",1년이내,1836,1635,1794,1942,1867,1755,1606,1242,1151,1112
"지능범죄","문서·인장",1년초과,4701,4460,5079,4969,5576,4835,4796,4587,3584,3238
"지능범죄","유가증권인지",계,482,359,312,277,233,184,161,153,103,68
"지능범죄","유가증권인지",1일이내,14,10,8,13,11,7,8,13,1,2
"지능범죄","유가증권인지",2일이내,1,-,1,-,2,1,1,2,1,-
"지능범죄","유가증권인지",3일이내,1,-,-,-,2,-,1,2,-,-
"지능범죄","유가증권인지",10일이내,6,3,7,7,-,2,4,3,3,3
"지능범죄","유가증권인지",1개월이내,14,27,10,8,8,5,7,5,7,6
"지능범죄","유가증권인지",3개월이내,90,36,33,42,24,17,15,18,17,9
"지능범죄","유가증권인지",6개월이내,94,68,44,44,21,26,22,36,11,5
"지능범죄","유가증권인지",1년이내,73,72,49,50,33,22,17,16,12,12
"지능범죄","유가증권인지",1년초과,189,143,160,113,132,104,86,58,51,31
"지능범죄","사기",계,167362,160852,165987,164594,192694,197359,183974,202300,225121,237407
"지능범죄","사기",1일이내,13127,13072,13247,12387,12198,11666,11182,12127,12011,10824
"지능범죄","사기",2일이내,528,390,294,274,325,375,424,532,664,1024
"지능범죄","사기",3일이내,720,279,198,246,338,401,422,645,692,976
"지능범죄","사기",10일이내,3420,2602,1983,2149,2761,3662,3959,4822,6075,8093
"지능범죄","사기",1개월이내,13663,12885,10921,12699,16511,20418,22764,27244,33743,33552
"지능범죄","사기",3개월이내,26242,27368,30317,31234,40458,44884,45196,55120,68132,74422
"지능범죄","사기",6개월이내,19812,19822,22102,21854,27355,28163,25814,28422,33317,40292
"지능범죄","사기",1년이내,24901,25527,25364,23877,26650,25965,22593,22883,23697,24096
"지능범죄","사기",1년초과,64939,58901,61561,59869,66098,61825,51620,50505,46790,44128
"지능범죄","사기",미상,10,6,-,5,-,-,-,-,-,-
"지능범죄","횡령",계,20094,21923,23708,22761,26449,26470,25690,27107,27091,27883
"지능범죄","횡령",1일이내,643,728,992,822,1225,1499,1510,1400,1371,1235
"지능범죄","횡령",2일이내,137,124,176,130,227,287,313,238,260,239
"지능범죄","횡령",3일이내,116,88,158,125,216,285,307,266,269,316
"지능범죄","횡령",10일이내,648,599,871,759,1371,1876,2047,2176,2495,2590
"지능범죄","횡령",1개월이내,1435,1472,1840,1801,2690,3405,3868,4773,5420,5764
"지능범죄","횡령",3개월이내,2913,3195,3977,3345,3675,3904,4089,5108,5793,6387
"지능범죄","횡령",6개월이내,2670,2880,3354,3174,3048,2758,2691,2779,2775,2796
"지능범죄","횡령",1년이내,3211,3550,3680,3490,3724,3241,2982,2872,2466,2393
"지능범죄","횡령",1년초과,8321,9286,8660,9114,10273,9215,7883,7495,6242,6163
"지능범죄","횡령",미상,-,1,-,1,-,-,-,-,-,-
"지능범죄","배임",계,4211,3661,4041,3986,3893,3958,3331,3904,4065,3545
"지능범죄","배임",1일이내,5,1,-,2,9,1,2,10,12,10
"지능범죄","배임",2일이내,1,1,3,1,-,1,-,4,6,1
"지능범죄","배임",3일이내,2,2,-,1,2,1,-,2,1,-
"지능범죄","배임",10일이내,11,6,14,7,9,12,12,19,29,24
"지능범죄","배임",1개월이내,78,66,72,77,71,94,69,137,168,177
"지능범죄","배임",3개월이내,409,311,416,335,305,336,256,543,508,502
"지능범죄","배임",6개월이내,507,400,429,455,395,393,413,567,398,407
"지능범죄","배임",1년이내,635,691,647,657,649,670,542,546,539,458
"지능범죄","배임",1년초과,2563,2182,2460,2450,2453,2450,2037,2076,2404,1966
"지능범죄","배임",미상,-,1,-,1,-,-,-,-,-,-
"풍속범죄","소계",계,27305,23102,25209,23124,22733,24600,21089,18390,19279,20514
"풍속범죄","소계",1일이내,8854,8377,7771,7688,7954,7149,7053,5898,5508,4860
"풍속범죄","소계",2일이내,278,256,291,256,230,207,214,166,172,296
"풍속범죄","소계",3일이내,299,254,294,242,243,232,236,215,209,274
"풍속범죄","소계",10일이내,1962,1829,2250,1386,1542,1446,1289,1338,1364,1388
"풍속범죄","소계",1개월이내,5139,3982,4286,3032,2945,2746,2467,2657,2656,2692
"풍속범죄","소계",3개월이내,5477,4045,5006,4530,3745,3937,3180,3268,3322,4022
"풍속범죄","소계",6개월이내,2220,1678,1955,2249,1985,2822,1769,1564,2293,2307
"풍속범죄","소계",1년이내,1498,1319,1237,2017,2008,3420,2260,1208,1813,2569
"풍속범죄","소계",1년초과,1578,1362,2119,1724,2081,2641,2621,2076,1942,2106
"풍속범죄","성풍속범죄",계,12305,13426,17341,15026,14522,11416,12553,12505,11452,12625
"풍속범죄","성풍속범죄",1일이내,1984,3299,3626,4118,4331,4069,4771,3798,3432,2714
"풍속범죄","성풍속범죄",2일이내,102,140,206,179,156,123,146,110,95,242
"풍속범죄","성풍속범죄",3일이내,124,135,210,141,147,136,152,137,118,183
"풍속범죄","성풍속범죄",10일이내,1030,1156,1712,900,1030,839,893,870,838,894
"풍속범죄","성풍속범죄",1개월이내,3828,3128,3672,2362,2330,1879,1941,2148,1888,2084
"풍속범죄","성풍속범죄",3개월이내,3545,3201,4448,3857,3148,2362,2519,2774,2420,3167
"풍속범죄","성풍속범죄",6개월이내,888,1122,1665,1656,1365,889,939,1139,1161,1467
"풍속범죄","성풍속범죄",1년이내,426,664,919,1044,1013,572,599,598,712,1082
"풍속범죄","성풍속범죄",1년초과,378,581,883,769,1002,547,593,931,788,792
"풍속범죄","도박범죄",계,15000,9676,7868,8098,8211,13184,8536,5885,7827,7889
"풍속범죄","도박범죄",1일이내,6870,5078,4145,3570,3623,3080,2282,2100,2076,2146
"풍속범죄","도박범죄",2일이내,176,116,85,77,74,84,68,56,77,54
"풍속범죄","도박범죄",3일이내,175,119,84,101,96,96,84,78,91,91
"풍속범죄","도박범죄",10일이내,932,673,538,486,512,607,396,468,526,494
"풍속범죄","도박범죄",1개월이내,1311,854,614,670,615,867,526,509,768,608
"풍속범죄","도박범죄",3개월이내,1932,844,558,673,597,1575,661,494,902,855
"풍속범죄","도박범죄",6개월이내,1332,556,290,593,620,1933,830,425,1132,840
"풍속범죄","도박범죄",1년이내,1072,655,318,973,995,2848,1661,610,1101,1487
"풍속범죄","도박범죄",1년초과,1200,781,1236,955,1079,2094,2028,1145,1154,1314
"특별경제범죄","소계",계,53393,59192,52689,52658,57736,50608,43791,46222,44878,41802
"특별경제범죄","소계",1일이내,10553,12688,12948,13887,15419,15681,14518,14020,13273,11024
"특별경제범죄","소계",2일이내,268,276,207,203,253,256,258,220,280,241
"특별경제범죄","소계",3일이내,270,253,237,272,246,310,304,333,346,337
"특별경제범죄","소계",10일이내,2181,2103,1703,1950,2115,2102,1902,2107,2516,2635
"특별경제범죄","소계",1개월이내,6308,6165,4967,5472,5849,5108,4833,5980,6948,6530
"특별경제범죄","소계",3개월이내,12719,13658,11783,12311,13146,9910,8298,9048,9351,9390
"특별경제범죄","소계",6개월이내,8553,8861,7975,6840,8084,6270,4702,4582,4475,4263
"특별경제범죄","소계",1년이내,5616,5344,5059,4459,5110,4290,3303,3889,2858,2826
"특별경제범죄","소계",1년초과,6920,9842,7810,7260,7514,6681,5673,6043,4831,4556
"특별경제범죄","소계",미상,5,2,-,4,-,-,-,-,-,-
"마약범죄","소계",계,3901,4048,4429,4567,6103,7096,7211,6168,7588,8707
"마약범죄","소계",1일이내,678,624,714,726,985,1461,1485,1238,1561,1776
"마약범죄","소계",2일이내,120,110,102,117,157,141,156,105,120,135
"마약범죄","소계",3일이내,106,117,82,75,117,136,98,94,88,108
"마약범죄","소계",10일이내,274,258,261,280,437,449,407,368,424,483
"마약범죄","소계",1개월이내,497,478,510,546,813,848,829,728,949,1133
"마약범죄","소계",3개월이내,815,860,999,1039,1315,1409,1550,1426,1680,1841
"마약범죄","소계",6개월이내,578,628,725,699,910,1054,1049,914,1134,1269
"마약범죄","소계",1년이내,464,524,542,585,758,898,910,677,972,1085
"마약범죄","소계",1년초과,369,448,494,500,611,700,727,618,660,877
"마약범죄","소계",미상,-,1,-,-,-,-,-,-,-,-
"보건범죄","소계",계,13879,16529,20100,14437,14304,14447,12286,10724,12289,14121
"보건범죄","소계",1일이내,3127,1981,2505,1813,1582,1392,1070,836,1068,946
"보건범죄","소계",2일이내,190,143,509,197,151,156,154,134,168,218
"보건범죄","소계",3일이내,195,146,490,203,187,179,186,144,206,248
"보건범죄","소계",10일이내,1304,1440,1930,1572,1510,1628,1527,1469,1828,2381
"보건범죄","소계",1개월이내,2997,3616,5314,3441,3300,3488,3130,2939,3467,4318
"보건범죄","소계",3개월이내,2859,4439,3707,3658,3289,3545,2824,2571,2903,3347
"보건범죄","소계",6개월이내,904,1348,2160,1392,1459,1570,1249,1016,1136,1138
"보건범죄","소계",1년이내,767,1155,1306,825,972,1068,957,574,615,849
"보건범죄","소계",1년초과,1536,2260,2179,1336,1854,1421,1189,1041,898,676
"보건범죄","소계",미상,-,1,-,-,-,-,-,-,-,-
"환경범죄","소계",계,2599,3050,4052,2462,2864,4252,4763,4662,3716,3350
"환경범죄","소계",1일이내,503,351,369,190,200,131,136,153,165,118
"환경범죄","소계",2일이내,46,32,32,18,23,18,21,32,41,34
"환경범죄","소계",3일이내,24,26,26,20,10,22,20,41,49,47
"환경범죄","소계",10일이내,248,251,269,194,220,288,331,336,451,395
"환경범죄","소계",1개월이내,685,749,816,749,789,1001,1181,1081,1139,1012
"환경범죄","소계",3개월이내,623,780,1527,722,786,1246,1079,1069,1108,985
"환경범죄","소계",6개월이내,186,238,392,211,227,766,419,566,329,397
"환경범죄","소계",1년이내,83,154,422,125,94,595,511,460,197,175
"환경범죄","소계",1년초과,201,469,199,233,515,185,1065,924,237,187
"교통범죄","소계",계,508485,498253,522952,518897,535417,539637,469162,397277,367602,339921
"교통범죄","소계",1일이내,394109,369534,374092,356229,352863,348991,296634,243517,212575,185328
"교통범죄","소계",2일이내,15017,16606,17095,17676,18864,18611,16383,12616,11124,10051
"교통범죄","소계",3일이내,14173,15990,17409,18349,20004,20198,18220,14479,13470,12468
"교통범죄","소계",10일이내,42240,48266,54978,60604,70688,75437,67771,57710,58549,56733
"교통범죄","소계",1개월이내,27691,31746,35983,41592,48409,52090,48229,45890,49544,51175
"교통범죄","소계",3개월이내,10755,11990,13193,15180,18140,17973,16767,16997,17682,19430
"교통범죄","소계",6개월이내,2058,2034,2201,2532,2822,3030,2676,2877,2427,2695
"교통범죄","소계",1년이내,1344,1078,1253,1378,1482,1541,1384,1420,1102,1035
"교통범죄","소계",1년초과,1086,992,6748,5348,2145,1766,1098,1771,1129,1006
"교통범죄","소계",미상,12,17,-,9,-,-,-,-,-,-
"노동범죄","소계",계,1520,1284,1686,1283,1118,2433,2819,1851,932,319
"노동범죄","소계",1일이내,332,228,240,168,115,77,67,57,36,21
"노동범죄","소계",2일이내,18,11,15,10,3,10,1,4,3,2
"노동범죄","소계",3일이내,17,9,8,3,3,9,12,5,5,3
"노동범죄","소계",10일이내,69,46,65,129,42,59,73,57,40,26
"노동범죄","소계",1개월이내,190,117,123,100,130,153,149,102,94,49
"노동범죄","소계",3개월이내,202,176,219,140,163,276,312,180,153,66
"노동범죄","소계",6개월이내,168,124,231,417,131,353,273,163,103,36
"노동범죄","소계",1년이내,190,116,237,117,172,450,462,338,140,40
"노동범죄","소계",1년초과,334,457,548,199,359,1046,1470,945,358,76
"안보범죄","소계",계,118,107,117,76,103,69,80,50,156,166
"안보범죄","소계",1일이내,17,9,7,6,10,9,7,7,15,5
"안보범죄","소계",2일이내,1,1,1,-,-,-,1,-,1,-
"안보범죄","소계",3일이내,-,-,-,-,-,1,-,-,-,-
"안보범죄","소계",10일이내,2,1,1,2,6,7,2,2,2,2
"안보범죄","소계",1개월이내,8,4,5,3,3,8,6,3,7,13
"안보범죄","소계",3개월이내,6,9,12,8,13,8,13,6,8,7
"안보범죄","소계",6개월이내,9,8,10,9,9,4,4,6,19,24
"안보범죄","소계",1년이내,22,11,12,5,6,7,8,5,25,41
"안보범죄","소계",1년초과,53,64,69,43,56,25,39,21,79,74
"선거범죄","소계",계,193,1140,250,1724,737,895,590,1746,587,731
"선거범죄","소계",1일이내,16,129,18,117,19,63,135,93,10,81
"선거범죄","소계",2일이내,3,14,3,19,3,17,19,12,-,8
"선거범죄","소계",3일이내,1,13,1,16,4,3,23,12,3,10
"선거범죄","소계",10일이내,12,99,12,101,39,44,90,52,13,42
"선거범죄","소계",1개월이내,43,242,59,434,139,193,148,353,68,127
"선거범죄","소계",3개월이내,64,424,98,657,277,365,103,696,223,254
"선거범죄","소계",6개월이내,30,162,37,263,152,147,46,341,150,138
"선거범죄","소계",1년이내,10,36,12,72,79,36,14,122,66,43
"선거범죄","소계",1년초과,14,21,10,45,25,27,12,65,54,28
"병역범죄","소계",계,15763,18290,22513,18712,18374,15698,14444,13137,11742,3032
"병역범죄","소계",1일이내,44,56,50,26,44,45,46,119,148,22
"병역범죄","소계",2일이내,49,52,56,27,22,34,34,77,116,16
"병역범죄","소계",3일이내,34,52,49,36,33,30,52,88,121,16
"병역범죄","소계",10일이내,342,423,505,306,264,358,412,735,989,159
"병역범죄","소계",1개월이내,3181,3073,3688,2978,2787,2838,2915,2876,2795,509
"병역범죄","소계",3개월이내,7109,8111,9619,7501,6507,6316,6678,5602,4552,944
"병역범죄","소계",6개월이내,1824,2205,2601,2689,2831,2516,1908,1717,1365,516
"병역범죄","소계",1년이내,1699,1850,2408,2120,2168,1499,1140,876,770,369
"병역범죄","소계",1년초과,1481,2467,3537,3029,3718,2062,1259,1047,886,481
"병역범죄","소계",미상,-,1,-,-,-,-,-,-,-,-
"기타범죄","소계",계,163970,160783,173600,163894,190104,237952,214309,198903,214965,211841
"기타범죄","소계",1일이내,46306,43735,43082,45473,46103,62431,47570,37044,36444,32029
"기타범죄","소계",2일이내,2072,1608,1607,1362,1568,2514,2290,1788,2066,1826
"기타범죄","소계",3일이내,1727,1600,1860,1603,1786,2990,2820,2215,2380,2624
"기타범죄","소계",10일이내,10858,10778,11207,11391,13075,20269,20425,17184,19469,19218
"기타범죄","소계",1개월이내,21427,22984,22520,23601,27121,35698,34349,31874,35615,36241
"기타범죄","소계",3개월이내,29279,30943,31386,31060,36226,45047,39347,37918,44738,44181
"기타범죄","소계",6개월이내,17299,15565,17311,15796,20405,25207,23455,21090,24631,23193
"기타범죄","소계",1년이내,14037,14009,15353,12775,17931,18922,18268,18040,20338,20119
"기타범죄","소계",1년초과,20960,19556,29274,20830,25889,24874,25785,31750,29284,32410
"기타범죄","소계",미상,5,5,-,3,-,-,-,-,-,-
