"죄종별(1)","죄종별(2)","재범종류별(1)",재범기간별(1),2011,2012,2013,2014,2015,2016,2017,2018,2019,2020
"계","소계","계",계,822673,862625,871076,833458,844015,881941,796882,712811,701101,661301
"계","소계","동종",계,292731,290881,293431,272582,271767,275237,248437,221167,210162,197950
"계","소계","동종",1개월이내,13342,14843,13395,10983,11001,12206,10523,9997,9980,10643
"계","소계","동종",3개월이내,19064,20221,17813,15180,15808,17481,15653,13945,13694,13604
"계","소계","동종",6개월이내,17744,18613,18293,17767,17602,18912,17545,15457,14732,14132
"계","소계","동종",1년이내,62707,61399,61953,58135,58513,61494,55943,49150,48501,45941
"계","소계","동종",2년이내,38801,35979,34746,34112,33285,33484,30103,28224,26886,22855
"계","소계","동종",3년이내,40255,38152,40608,33083,32344,32866,29907,27133,26887,23882
"계","소계","동종",3년초과,100818,101674,106623,103322,103214,98794,88763,77261,69482,66893
"계","소계","이종",계,529942,571744,577645,560876,572248,606704,548445,491644,490939,463351
"계","소계","이종",1개월이내,9816,15101,11717,10238,10035,10501,8923,7324,7239,7411
"계","소계","이종",3개월이내,17958,19378,18392,16165,17380,19464,17457,14139,13353,12971
"계","소계","이종",6개월이내,19441,22002,22551,22084,23024,24592,22737,19180,17756,16561
"계","소계","이종",1년이내,79810,80986,82691,82650,85254,92500,83788,72986,70575,67168
"계","소계","이종",2년이내,62329,60940,59150,60242,61733,65562,58415,54521,52753,45693
"계","소계","이종",3년이내,69497,72774,76042,63708,64190,69399,62255,56582,57950,52600
"계","소계","이종",3년초과,271091,300563,307102,305789,310632,324686,294870,266912,271313,260947
"강력범죄","소계","계",계,13333,13240,14528,13966,14009,14336,14694,13799,13847,12904
"강력범죄","소계","동종",계,2566,2393,2017,1686,1565,1487,1714,1945,2037,1863
"강력범죄","소계","동종",1개월이내,209,223,121,93,82,66,77,116,99,111
"강력범죄","소계","동종",3개월이내,215,206,153,100,87,101,116,142,137,133
"강력범죄","소계","동종",6개월이내,155,168,166,136,131,103,119,140,138,136
"강력범죄","소계","동종",1년이내,610,560,446,348,348,339,367,418,495,444
"강력범죄","소계","동종",2년이내,303,301,263,259,202,237,263,304,278,239
"강력범죄","소계","동종",3년이내,361,321,289,200,204,221,224,272,296,262
"강력범죄","소계","동종",3년초과,713,614,579,550,511,420,548,553,594,538
"강력범죄","소계","이종",계,10767,10847,12511,12280,12444,12849,12980,11854,11810,11041
"강력범죄","소계","이종",1개월이내,408,466,402,326,359,314,291,218,202,194
"강력범죄","소계","이종",3개월이내,569,592,579,458,504,466,461,404,397,400
"강력범죄","소계","이종",6개월이내,579,604,649,636,664,621,644,510,468,457
"강력범죄","소계","이종",1년이내,2002,1868,2132,2099,1988,1999,2052,1896,1807,1611
"강력범죄","소계","이종",2년이내,1366,1285,1393,1392,1410,1374,1455,1411,1356,1174
"강력범죄","소계","이종",3년이내,1354,1363,1615,1347,1328,1454,1464,1385,1408,1284
"강력범죄","소계","이종",3년초과,4489,4669,5741,6022,6191,6621,6613,6030,6172,5921
"강력범죄","살인기수","계",계,239,248,196,213,209,198,168,169,156,164
"강력범죄","살인기수","동종",계,15,11,12,19,10,15,11,11,9,15
"강력범죄","살인기수","동종",1개월이내,1,-,1,-,-,1,2,1,-,1
"강력범죄","살인기수","동종",3개월이내,2,1,-,-,1,2,-,1,1,-
"강력범죄","살인기수","동종",6개월이내,1,-,-,-,1,1,2,1,1,-
"강력범죄","살인기수","동종",1년이내,4,2,2,1,2,2,1,1,-,4
"강력범죄","살인기수","동종",2년이내,1,1,1,-,-,1,-,-,-,1
"강력범죄","살인기수","동종",3년이내,2,1,3,3,3,3,1,2,6,1
"강력범죄","살인기수","동종",3년초과,4,6,5,15,3,5,5,5,1,8
"강력범죄","살인기수","이종",계,224,237,184,194,199,183,157,158,147,149
"강력범죄","살인기수","이종",1개월이내,2,10,3,5,6,7,2,1,3,3
"강력범죄","살인기수","이종",3개월이내,6,8,6,5,3,3,5,-,5,5
"강력범죄","살인기수","이종",6개월이내,9,11,6,6,9,12,8,9,6,5
"강력범죄","살인기수","이종",1년이내,41,46,24,35,26,26,31,27,24,26
"강력범죄","살인기수","이종",2년이내,34,17,25,20,23,15,13,16,16,14
"강력범죄","살인기수","이종",3년이내,25,25,15,24,35,24,17,20,18,11
"강력범죄","살인기수","이종",3년초과,107,120,105,99,97,96,81,85,75,85
"강력범죄","살인미수등","계",계,563,429,434,391,400,398,349,306,319,244
"강력범죄","살인미수등","동종",계,70,42,41,50,43,38,49,39,51,26
"강력범죄","살인미수등","동종",1개월이내,3,-,2,3,1,3,1,1,1,3
"강력범죄","살인미수등","동종",3개월이내,10,5,2,7,1,-,2,3,3,1
"강력범죄","살인미수등","동종",6개월이내,4,3,2,3,8,1,5,1,1,-
"강력범죄","살인미수등","동종",1년이내,12,11,13,8,12,10,12,4,12,3
"강력범죄","살인미수등","동종",2년이내,7,5,4,10,10,6,5,10,6,3
"강력범죄","살인미수등","동종",3년이내,11,4,6,6,3,10,7,10,6,5
"강력범죄","살인미수등","동종",3년초과,23,14,12,13,8,8,17,10,22,11
"강력범죄","살인미수등","이종",계,493,387,393,341,357,360,300,267,268,218
"강력범죄","살인미수등","이종",1개월이내,14,8,11,9,8,8,5,3,7,6
"강력범죄","살인미수등","이종",3개월이내,27,17,17,18,21,19,8,12,10,8
"강력범죄","살인미수등","이종",6개월이내,23,18,17,18,20,20,16,8,13,8
"강력범죄","살인미수등","이종",1년이내,97,71,60,60,50,49,55,43,45,42
"강력범죄","살인미수등","이종",2년이내,50,38,59,46,39,39,45,24,24,22
"강력범죄","살인미수등","이종",3년이내,61,45,51,40,33,33,32,32,27,13
"강력범죄","살인미수등","이종",3년초과,221,190,178,150,186,192,139,145,142,119
"강력범죄","강도","계",계,3230,2391,1887,1514,1425,1250,1028,829,923,773
"강력범죄","강도","동종",계,913,740,570,434,397,362,259,245,300,267
"강력범죄","강도","동종",1개월이내,104,133,72,52,44,34,24,34,36,43
"강력범죄","강도","동종",3개월이내,100,80,70,44,39,46,37,30,42,35
"강력범죄","강도","동종",6개월이내,58,67,60,44,39,39,24,19,43,32
"강력범죄","강도","동종",1년이내,221,162,130,92,108,87,66,58,75,52
"강력범죄","강도","동종",2년이내,109,84,61,53,39,46,28,23,34,34
"강력범죄","강도","동종",3년이내,121,82,73,48,48,41,26,34,24,26
"강력범죄","강도","동종",3년초과,200,132,104,101,80,69,54,47,46,45
"강력범죄","강도","이종",계,2317,1651,1317,1080,1028,888,769,584,623,506
"강력범죄","강도","이종",1개월이내,129,132,77,53,55,49,32,24,27,29
"강력범죄","강도","이종",3개월이내,154,153,93,70,81,74,51,30,63,39
"강력범죄","강도","이종",6개월이내,157,136,87,104,80,56,86,46,55,52
"강력범죄","강도","이종",1년이내,583,392,336,241,262,206,167,165,164,124
"강력범죄","강도","이종",2년이내,333,206,174,120,120,104,112,83,83,68
"강력범죄","강도","이종",3년이내,312,214,162,140,117,114,99,70,71,66
"강력범죄","강도","이종",3년초과,649,418,388,352,313,285,222,166,160,128
"강력범죄","강간·강제추행","계",계,8324,9209,-,-,-,-,-,-,-,-
"강력범죄","강간·강제추행","동종",계,1476,1515,-,-,-,-,-,-,-,-
"강력범죄","강간·강제추행","동종",1개월이내,91,84,-,-,-,-,-,-,-,-
"강력범죄","강간·강제추행","동종",3개월이내,94,114,-,-,-,-,-,-,-,-
"강력범죄","강간·강제추행","동종",6개월이내,87,90,-,-,-,-,-,-,-,-
"강력범죄","강간·강제추행","동종",1년이내,348,365,-,-,-,-,-,-,-,-
"강력범죄","강간·강제추행","동종",2년이내,176,200,-,-,-,-,-,-,-,-
"강력범죄","강간·강제추행","동종",3년이내,220,224,-,-,-,-,-,-,-,-
"강력범죄","강간·강제추행","동종",3년초과,460,438,-,-,-,-,-,-,-,-
"강력범죄","강간·강제추행","이종",계,6848,7694,-,-,-,-,-,-,-,-
"강력범죄","강간·강제추행","이종",1개월이내,242,277,-,-,-,-,-,-,-,-
"강력범죄","강간·강제추행","이종",3개월이내,338,372,-,-,-,-,-,-,-,-
"강력범죄","강간·강제추행","이종",6개월이내,347,390,-,-,-,-,-,-,-,-
"강력범죄","강간·강제추행","이종",1년이내,1140,1219,-,-,-,-,-,-,-,-
"강력범죄","강간·강제추행","이종",2년이내,847,925,-,-,-,-,-,-,-,-
"강력범죄","강간·강제추행","이종",3년이내,844,985,-,-,-,-,-,-,-,-
"강력범죄","강간·강제추행","이종",3년초과,3090,3526,-,-,-,-,-,-,-,-
"강력범죄","강간","계",계,-,-,3023,2716,2666,2676,2595,2451,2392,2400
"강력범죄","강간","동종",계,-,-,306,221,192,161,232,351,310,336
"강력범죄","강간","동종",1개월이내,-,-,14,4,7,6,12,27,24,17
"강력범죄","강간","동종",3개월이내,-,-,23,10,5,12,15,33,19,30
"강력범죄","강간","동종",6개월이내,-,-,28,16,11,13,21,32,22,27
"강력범죄","강간","동종",1년이내,-,-,66,51,40,42,60,68,94,92
"강력범죄","강간","동종",2년이내,-,-,46,27,29,19,33,52,30,42
"강력범죄","강간","동종",3년이내,-,-,27,18,21,22,23,44,42,41
"강력범죄","강간","동종",3년초과,-,-,102,95,79,47,68,95,79,87
"강력범죄","강간","이종",계,-,-,2717,2495,2474,2515,2363,2100,2082,2064
"강력범죄","강간","이종",1개월이내,-,-,96,74,81,88,70,57,49,41
"강력범죄","강간","이종",3개월이내,-,-,144,117,119,116,105,84,68,93
"강력범죄","강간","이종",6개월이내,-,-,163,159,146,140,139,97,95,90
"강력범죄","강간","이종",1년이내,-,-,533,533,449,499,470,382,391,379
"강력범죄","강간","이종",2년이내,-,-,309,291,318,277,264,279,263,235
"강력범죄","강간","이종",3년이내,-,-,363,268,276,301,310,273,305,256
"강력범죄","강간","이종",3년초과,-,-,1109,1053,1085,1094,1005,928,911,970
"강력범죄","유사강간","계",계,-,-,77,194,254,296,329,378,385,387
"강력범죄","유사강간","동종",계,-,-,7,15,20,28,30,58,64,54
"강력범죄","유사강간","동종",1개월이내,-,-,-,1,1,-,-,2,4,-
"강력범죄","유사강간","동종",3개월이내,-,-,1,1,1,1,-,4,4,2
"강력범죄","유사강간","동종",6개월이내,-,-,1,-,2,1,7,4,5,1
"강력범죄","유사강간","동종",1년이내,-,-,1,4,4,4,6,13,15,16
"강력범죄","유사강간","동종",2년이내,-,-,1,2,4,6,2,8,11,10
"강력범죄","유사강간","동종",3년이내,-,-,-,1,-,4,7,11,7,7
"강력범죄","유사강간","동종",3년초과,-,-,3,6,8,12,8,16,18,18
"강력범죄","유사강간","이종",계,-,-,70,179,234,268,299,320,321,333
"강력범죄","유사강간","이종",1개월이내,-,-,3,5,8,6,2,4,7,10
"강력범죄","유사강간","이종",3개월이내,-,-,1,6,11,15,14,14,7,8
"강력범죄","유사강간","이종",6개월이내,-,-,2,11,10,10,14,6,13,6
"강력범죄","유사강간","이종",1년이내,-,-,9,28,39,38,41,67,57,54
"강력범죄","유사강간","이종",2년이내,-,-,4,29,37,31,34,30,33,48
"강력범죄","유사강간","이종",3년이내,-,-,9,18,19,23,39,43,41,46
"강력범죄","유사강간","이종",3년초과,-,-,42,82,110,145,155,156,163,161
"강력범죄","강제추행","계",계,-,-,6793,7239,7593,8268,9168,8501,8557,7940
"강력범죄","강제추행","동종",계,-,-,807,784,788,772,1033,1092,1165,1027
"강력범죄","강제추행","동종",1개월이내,-,-,17,23,23,21,35,37,25,39
"강력범죄","강제추행","동종",3개월이내,-,-,44,31,32,34,52,57,58,56
"강력범죄","강제추행","동종",6개월이내,-,-,61,64,57,41,52,69,61,65
"강력범죄","강제추행","동종",1년이내,-,-,177,155,156,167,202,242,266,250
"강력범죄","강제추행","동종",2년이내,-,-,117,147,105,142,181,200,178,128
"강력범죄","강제추행","동종",3년이내,-,-,133,102,112,121,147,151,192,161
"강력범죄","강제추행","동종",3년초과,-,-,258,262,303,246,364,336,385,328
"강력범죄","강제추행","이종",계,-,-,5986,6455,6805,7496,8135,7409,7392,6913
"강력범죄","강제추행","이종",1개월이내,-,-,148,138,156,131,145,98,80,82
"강력범죄","강제추행","이종",3개월이내,-,-,215,187,211,196,228,218,208,200
"강력범죄","강제추행","이종",6개월이내,-,-,257,266,321,317,328,299,226,247
"강력범죄","강제추행","이종",1년이내,-,-,820,907,944,984,1128,1036,965,854
"강력범죄","강제추행","이종",2년이내,-,-,616,711,731,772,865,858,801,698
"강력범죄","강제추행","이종",3년이내,-,-,798,692,693,834,858,841,847,789
"강력범죄","강제추행","이종",3년초과,-,-,3132,3554,3749,4262,4583,4059,4265,4043
"강력범죄","기타 강간·강제추행등","계",계,-,-,1157,696,387,315,199,255,259,204
"강력범죄","기타 강간·강제추행등","동종",계,-,-,185,83,46,28,19,57,66,46
"강력범죄","기타 강간·강제추행등","동종",1개월이내,-,-,8,2,2,-,-,2,2,-
"강력범죄","기타 강간·강제추행등","동종",3개월이내,-,-,9,1,2,2,2,4,2,3
"강력범죄","기타 강간·강제추행등","동종",6개월이내,-,-,9,1,4,1,-,4,2,4
"강력범죄","기타 강간·강제추행등","동종",1년이내,-,-,32,18,10,7,4,10,19,8
"강력범죄","기타 강간·강제추행등","동종",2년이내,-,-,27,11,7,5,2,7,4,4
"강력범죄","기타 강간·강제추행등","동종",3년이내,-,-,32,11,3,6,2,7,11,10
"강력범죄","기타 강간·강제추행등","동종",3년초과,-,-,68,39,18,7,9,23,26,17
"강력범죄","기타 강간·강제추행등","이종",계,-,-,972,613,341,287,180,198,193,158
"강력범죄","기타 강간·강제추행등","이종",1개월이내,-,-,40,16,15,7,6,7,5,6
"강력범죄","기타 강간·강제추행등","이종",3개월이내,-,-,60,23,16,12,9,7,12,10
"강력범죄","기타 강간·강제추행등","이종",6개월이내,-,-,61,32,35,14,10,7,12,13
"강력범죄","기타 강간·강제추행등","이종",1년이내,-,-,203,125,58,57,42,44,39,29
"강력범죄","기타 강간·강제추행등","이종",2년이내,-,-,122,83,36,45,23,18,27,11
"강력범죄","기타 강간·강제추행등","이종",3년이내,-,-,118,61,44,26,20,15,20,16
"강력범죄","기타 강간·강제추행등","이종",3년초과,-,-,368,273,137,126,70,100,78,73
"강력범죄","방화","계",계,977,963,961,1003,1075,935,858,910,856,792
"강력범죄","방화","동종",계,92,85,89,80,69,83,81,92,72,92
"강력범죄","방화","동종",1개월이내,10,6,7,8,4,1,3,12,7,8
"강력범죄","방화","동종",3개월이내,9,6,4,6,6,4,8,10,8,6
"강력범죄","방화","동종",6개월이내,5,8,5,8,9,6,8,10,3,7
"강력범죄","방화","동종",1년이내,25,20,25,19,16,20,16,22,14,19
"강력범죄","방화","동종",2년이내,10,11,6,9,8,12,12,4,15,17
"강력범죄","방화","동종",3년이내,7,10,15,11,14,14,11,13,8,11
"강력범죄","방화","동종",3년초과,26,24,27,19,12,26,23,21,17,24
"강력범죄","방화","이종",계,885,878,872,923,1006,852,777,818,784,700
"강력범죄","방화","이종",1개월이내,21,39,24,26,30,18,29,24,24,17
"강력범죄","방화","이종",3개월이내,44,42,43,32,42,31,41,39,24,37
"강력범죄","방화","이종",6개월이내,43,49,56,40,43,52,43,38,48,36
"강력범죄","방화","이종",1년이내,141,140,147,170,160,140,118,132,122,103
"강력범죄","방화","이종",2년이내,102,99,84,92,106,91,99,103,109,78
"강력범죄","방화","이종",3년이내,112,94,99,104,111,99,89,91,79,87
"강력범죄","방화","이종",3년초과,422,415,419,459,514,421,358,391,378,342
"절도범죄","소계","계",계,57431,58018,59482,53016,57047,59090,59461,55663,57279,56375
"절도범죄","소계","동종",계,26744,27587,25814,22254,23998,24641,24649,23838,24832,24423
"절도범죄","소계","동종",1개월이내,3091,3647,3105,2309,2588,2719,2522,2446,2483,2780
"절도범죄","소계","동종",3개월이내,3856,4353,3356,2770,2934,2969,2871,2740,2772,2900
"절도범죄","소계","동종",6개월이내,2577,3107,2767,2398,2544,2594,2623,2571,2392,2465
"절도범죄","소계","동종",1년이내,7384,7314,7056,6066,6184,6495,6624,6485,6719,6446
"절도범죄","소계","동종",2년이내,3378,3131,2961,2615,2907,3002,3145,3099,3401,3044
"절도범죄","소계","동종",3년이내,2716,2703,2929,2423,2636,2577,2583,2612,2918,2697
"절도범죄","소계","동종",3년초과,3742,3332,3640,3673,4205,4285,4281,3885,4147,4091
"절도범죄","소계","이종",계,30687,30431,33668,30762,33049,34449,34812,31825,32447,31952
"절도범죄","소계","이종",1개월이내,1161,1662,1977,1575,1587,1566,1305,1346,1321,1468
"절도범죄","소계","이종",3개월이내,1768,1931,2479,2012,2058,2059,1876,1747,1735,1673
"절도범죄","소계","이종",6개월이내,1586,1919,2498,2042,2040,1988,2037,1753,1688,1544
"절도범죄","소계","이종",1년이내,5234,5287,5883,5281,5552,5603,5688,5070,4795,4705
"절도범죄","소계","이종",2년이내,3650,3265,3358,3154,3361,3511,3568,3298,3233,2885
"절도범죄","소계","이종",3년이내,3679,3312,3762,3106,3343,3360,3546,3124,3157,2953
"절도범죄","소계","이종",3년초과,13609,13055,13711,13592,15108,16362,16792,15487,16518,16724
"폭력범죄","소계","계",계,195306,211660,196358,180715,182188,182236,170648,160586,160468,148302
"폭력범죄","소계","동종",계,69867,71919,62638,55006,49736,46902,45120,44320,43224,39267
"폭력범죄","소계","동종",1개월이내,2765,3127,2079,1747,1625,1664,1626,1662,1604,1622
"폭력범죄","소계","동종",3개월이내,4797,5330,3886,3271,3215,3100,3134,3073,2985,2788
"폭력범죄","소계","동종",6개월이내,4474,5123,4323,4109,3485,3378,3356,3444,3197,3069
"폭력범죄","소계","동종",1년이내,14440,15146,13249,11774,10678,10315,10122,9724,9843,9084
"폭력범죄","소계","동종",2년이내,9727,9734,8679,8174,6876,6564,6248,6442,6222,5454
"폭력범죄","소계","동종",3년이내,9781,9691,9303,7113,6637,6078,5770,5696,5703,4839
"폭력범죄","소계","동종",3년초과,23883,23768,21119,18818,17220,15803,14864,14279,13670,12411
"폭력범죄","소계","이종",계,125439,139741,133720,125709,132452,135334,125528,116266,117244,109035
"폭력범죄","소계","이종",1개월이내,2840,4198,2855,2536,2366,2568,2039,1647,1607,1536
"폭력범죄","소계","이종",3개월이내,5070,5790,4663,3968,4475,4670,4436,3528,3487,3275
"폭력범죄","소계","이종",6개월이내,5343,6291,5680,5640,5774,5873,5646,4942,4507,4131
"폭력범죄","소계","이종",1년이내,19032,20496,19267,18629,19714,20237,19426,16890,16288,14756
"폭력범죄","소계","이종",2년이내,16134,16672,14998,14894,15717,15906,14608,14165,13809,11740
"폭력범죄","소계","이종",3년이내,16796,18074,18258,14860,15529,16107,14807,13791,14367,12483
"폭력범죄","소계","이종",3년초과,60224,68220,67999,65182,68877,69973,64566,61303,63179,61114
"폭력범죄","상해","계",계,59719,59179,52622,45878,41842,44716,39709,34854,32049,28646
"폭력범죄","상해","동종",계,23062,21777,17791,15292,12976,13497,12302,11089,9761,8736
"폭력범죄","상해","동종",1개월이내,736,690,478,367,337,408,342,317,255,252
"폭력범죄","상해","동종",3개월이내,1413,1404,948,756,694,720,722,587,524,472
"폭력범죄","상해","동종",6개월이내,1397,1437,1162,998,805,831,805,726,606,584
"폭력범죄","상해","동종",1년이내,4551,4366,3490,3067,2549,2819,2591,2194,1958,1816
"폭력범죄","상해","동종",2년이내,3279,3037,2528,2244,1798,1901,1675,1580,1368,1226
"폭력범죄","상해","동종",3년이내,3275,2997,2680,2016,1735,1792,1601,1448,1326,1042
"폭력범죄","상해","동종",3년초과,8411,7846,6505,5844,5058,5026,4566,4237,3724,3344
"폭력범죄","상해","이종",계,36657,37402,34831,30586,28866,31219,27407,23765,22288,19910
"폭력범죄","상해","이종",1개월이내,657,920,603,474,463,519,383,289,254,238
"폭력범죄","상해","이종",3개월이내,1274,1283,1051,868,881,964,862,613,569,519
"폭력범죄","상해","이종",6개월이내,1404,1525,1351,1184,1076,1269,1095,957,767,709
"폭력범죄","상해","이종",1년이내,5116,4943,4667,4236,3977,4476,4046,3392,3013,2624
"폭력범죄","상해","이종",2년이내,4519,4261,3787,3489,3391,3675,3225,2867,2616,2169
"폭력범죄","상해","이종",3년이내,4792,4782,4636,3514,3311,3611,3200,2774,2738,2260
"폭력범죄","상해","이종",3년초과,18895,19688,18736,16821,15767,16705,14596,12873,12331,11391
"폭력범죄","폭행","계",계,58551,67122,67253,64896,72047,82208,78850,76592,77946,70520
"폭력범죄","폭행","동종",계,22430,24318,22620,20724,20175,21979,22093,22709,23083,20595
"폭력범죄","폭행","동종",1개월이내,903,1034,668,651,611,704,707,767,746,730
"폭력범죄","폭행","동종",3개월이내,1539,1747,1318,1250,1262,1416,1466,1470,1532,1358
"폭력범죄","폭행","동종",6개월이내,1468,1687,1525,1517,1422,1599,1576,1703,1672,1488
"폭력범죄","폭행","동종",1년이내,4505,4849,4704,4306,4260,4611,4873,4855,5176,4621
"폭력범죄","폭행","동종",2년이내,3090,3326,3047,3089,2787,3081,3101,3285,3328,2842
"폭력범죄","폭행","동종",3년이내,3076,3338,3471,2712,2709,2860,2785,2969,3035,2579
"폭력범죄","폭행","동종",3년초과,7849,8337,7887,7199,7124,7708,7585,7660,7594,6977
"폭력범죄","폭행","이종",계,36121,42804,44633,44172,51872,60229,56757,53883,54863,49925
"폭력범죄","폭행","이종",1개월이내,694,1073,845,810,846,945,762,582,572,524
"폭력범죄","폭행","이종",3개월이내,1323,1557,1430,1248,1584,1937,1806,1436,1432,1367
"폭력범죄","폭행","이종",6개월이내,1425,1757,1825,1866,2134,2578,2438,2134,1964,1720
"폭력범죄","폭행","이종",1년이내,5183,5816,6042,6176,7240,8516,8314,7244,7099,6243
"폭력범죄","폭행","이종",2년이내,4678,5021,4864,5163,5976,7027,6450,6473,6270,5225
"폭력범죄","폭행","이종",3년이내,4862,5574,6191,5235,6052,7214,6770,6321,6744,5709
"폭력범죄","폭행","이종",3년초과,17956,22006,23436,23674,28040,32012,30217,29693,30782,29137
"폭력범죄","체포·감금","계",계,419,498,513,459,539,844,894,687,681,724
"폭력범죄","체포·감금","동종",계,59,68,67,52,57,99,126,135,119,120
"폭력범죄","체포·감금","동종",1개월이내,5,4,6,1,4,5,7,11,6,6
"폭력범죄","체포·감금","동종",3개월이내,6,5,6,3,5,6,15,21,21,15
"폭력범죄","체포·감금","동종",6개월이내,6,6,8,1,2,10,7,21,11,13
"폭력범죄","체포·감금","동종",1년이내,8,25,18,17,17,27,36,32,30,37
"폭력범죄","체포·감금","동종",2년이내,11,7,7,7,6,16,19,17,13,16
"폭력범죄","체포·감금","동종",3년이내,8,8,9,8,9,11,17,11,22,18
"폭력범죄","체포·감금","동종",3년초과,15,13,13,15,14,24,25,22,16,15
"폭력범죄","체포·감금","이종",계,360,430,446,407,482,745,768,552,562,604
"폭력범죄","체포·감금","이종",1개월이내,13,11,13,11,8,21,13,15,18,11
"폭력범죄","체포·감금","이종",3개월이내,16,20,24,16,15,34,40,38,27,26
"폭력범죄","체포·감금","이종",6개월이내,22,25,22,22,27,38,42,26,21,22
"폭력범죄","체포·감금","이종",1년이내,56,75,79,73,88,154,151,109,118,144
"폭력범죄","체포·감금","이종",2년이내,41,50,39,52,47,105,89,65,71,67
"폭력범죄","체포·감금","이종",3년이내,52,44,55,58,67,88,94,46,73,77
"폭력범죄","체포·감금","이종",3년초과,160,205,214,175,230,305,339,253,234,257
"폭력범죄","협박","계",계,1608,2171,2147,2212,4553,9494,9076,9510,11506,11381
"폭력범죄","협박","동종",계,242,321,283,256,586,1164,1169,1337,1770,1780
"폭력범죄","협박","동종",1개월이내,18,25,17,14,44,66,79,57,77,97
"폭력범죄","협박","동종",3개월이내,27,37,21,20,64,111,92,111,157,162
"폭력범죄","협박","동종",6개월이내,9,35,31,20,54,101,99,133,154,157
"폭력범죄","협박","동종",1년이내,62,88,76,81,143,304,298,349,447,482
"폭력범죄","협박","동종",2년이내,30,32,29,28,78,157,160,227,243,253
"폭력범죄","협박","동종",3년이내,35,29,38,27,62,142,137,132,250,221
"폭력범죄","협박","동종",3년초과,61,75,71,66,141,283,304,328,442,408
"폭력범죄","협박","이종",계,1366,1850,1864,1956,3967,8330,7907,8173,9736,9601
"폭력범죄","협박","이종",1개월이내,48,78,56,53,80,163,156,136,143,144
"폭력범죄","협박","이종",3개월이내,76,109,94,85,172,290,279,245,294,283
"폭력범죄","협박","이종",6개월이내,68,91,94,99,202,379,337,333,377,385
"폭력범죄","협박","이종",1년이내,233,261,298,364,597,1224,1203,1117,1291,1268
"폭력범죄","협박","이종",2년이내,143,216,209,226,460,883,843,933,1078,944
"폭력범죄","협박","이종",3년이내,163,229,242,214,487,960,896,948,1196,1053
"폭력범죄","협박","이종",3년초과,635,866,871,915,1969,4431,4193,4461,5357,5524
"폭력범죄","약취·유인","계",계,165,139,117,123,112,135,126,104,131,118
"폭력범죄","약취·유인","동종",계,25,20,21,16,24,19,18,17,23,16
"폭력범죄","약취·유인","동종",1개월이내,2,2,2,-,1,1,-,1,2,2
"폭력범죄","약취·유인","동종",3개월이내,-,2,4,4,1,3,-,1,1,-
"폭력범죄","약취·유인","동종",6개월이내,2,1,2,1,2,-,1,1,5,3
"폭력범죄","약취·유인","동종",1년이내,7,6,2,6,6,5,3,4,6,6
"폭력범죄","약취·유인","동종",2년이내,5,2,3,2,2,1,4,2,2,1
"폭력범죄","약취·유인","동종",3년이내,5,3,5,3,3,3,5,2,3,-
"폭력범죄","약취·유인","동종",3년초과,4,4,3,-,9,6,5,6,4,4
"폭력범죄","약취·유인","이종",계,140,119,96,107,88,116,108,87,108,102
"폭력범죄","약취·유인","이종",1개월이내,8,2,3,3,-,1,2,-,3,3
"폭력범죄","약취·유인","이종",3개월이내,3,8,5,6,5,8,8,5,8,6
"폭력범죄","약취·유인","이종",6개월이내,9,7,2,3,8,7,8,8,4,7
"폭력범죄","약취·유인","이종",1년이내,29,25,17,19,26,24,25,19,14,21
"폭력범죄","약취·유인","이종",2년이내,12,13,8,8,7,13,10,6,18,15
"폭력범죄","약취·유인","이종",3년이내,14,17,15,6,13,16,7,7,15,2
"폭력범죄","약취·유인","이종",3년초과,65,47,46,62,29,47,48,42,46,48
"폭력범죄","폭력행위등","계",계,53990,59117,51986,45358,41346,20737,18276,15524,13575,12499
"폭력범죄","폭력행위등","동종",계,19773,20628,17937,14944,12757,6665,5865,5213,4557,4111
"폭력범죄","폭력행위등","동종",1개월이내,804,1005,690,506,433,266,261,278,268,247
"폭력범죄","폭력행위등","동종",3개월이내,1380,1576,1246,922,898,517,500,482,413,394
"폭력범죄","폭력행위등","동종",6개월이내,1216,1553,1255,1179,913,531,558,489,424,436
"폭력범죄","폭력행위등","동종",1년이내,4316,4600,4019,3325,2925,1650,1409,1303,1211,1117
"폭력범죄","폭력행위등","동종",2년이내,2685,2712,2497,2272,1755,931,787,757,666,574
"폭력범죄","폭력행위등","동종",3년이내,2839,2763,2531,1924,1742,840,753,708,547,499
"폭력범죄","폭력행위등","동종",3년초과,6533,6419,5699,4816,4091,1930,1597,1196,1028,844
"폭력범죄","폭력행위등","이종",계,34217,38489,34049,30414,28589,14072,12411,10311,9018,8388
"폭력범죄","폭력행위등","이종",1개월이내,889,1429,873,750,572,407,326,266,250,245
"폭력범죄","폭력행위등","이종",3개월이내,1597,1885,1345,1092,1108,653,658,525,453,428
"폭력범죄","폭력행위등","이종",6개월이내,1648,1947,1604,1582,1429,697,737,586,501,465
"폭력범죄","폭력행위등","이종",1년이내,5764,6356,5429,4938,4728,2547,2366,2040,1725,1506
"폭력범죄","폭력행위등","이종",2년이내,4577,4946,4024,3805,3605,1855,1654,1423,1325,998
"폭력범죄","폭력행위등","이종",3년이내,4713,5096,4725,3686,3414,1732,1523,1323,1101,1008
"폭력범죄","폭력행위등","이종",3년초과,15029,16830,16049,14561,13733,6181,5147,4148,3663,3738
"폭력범죄","공갈","계",계,1949,3223,1833,2211,1580,2000,1872,1682,1619,1599
"폭력범죄","공갈","동종",계,512,902,497,583,344,469,486,485,465,483
"폭력범죄","공갈","동종",1개월이내,78,134,48,53,40,45,64,51,66,85
"폭력범죄","공갈","동종",3개월이내,69,179,73,71,47,75,74,83,66,84
"폭력범죄","공갈","동종",6개월이내,56,92,64,83,38,53,51,69,67,63
"폭력범죄","공갈","동종",1년이내,173,271,147,186,98,157,154,155,142,118
"폭력범죄","공갈","동종",2년이내,64,88,47,74,34,36,48,53,40,56
"폭력범죄","공갈","동종",3년이내,32,51,63,62,39,44,48,36,48,47
"폭력범죄","공갈","동종",3년초과,40,87,55,54,48,59,47,38,36,30
"폭력범죄","공갈","이종",계,1437,2321,1336,1628,1236,1531,1386,1197,1154,1116
"폭력범죄","공갈","이종",1개월이내,130,182,76,86,55,89,68,67,56,82
"폭력범죄","공갈","이종",3개월이내,139,238,110,110,78,113,114,88,102,80
"폭력범죄","공갈","이종",6개월이내,121,200,98,120,110,105,121,96,94,81
"폭력범죄","공갈","이종",1년이내,378,602,337,359,306,396,338,309,277,264
"폭력범죄","공갈","이종",2년이내,187,249,166,181,142,162,156,149,135,133
"폭력범죄","공갈","이종",3년이내,140,238,141,194,136,201,142,147,144,129
"폭력범죄","공갈","이종",3년초과,342,612,408,578,409,465,447,341,346,347
"폭력범죄","손괴","계",계,18905,20211,19887,19578,20169,22102,21845,21633,22961,22815
"폭력범죄","손괴","동종",계,3764,3885,3422,3139,2817,3010,3061,3335,3446,3426
"폭력범죄","손괴","동종",1개월이내,219,233,170,155,155,169,166,180,184,203
"폭력범죄","손괴","동종",3개월이내,363,380,270,245,244,252,265,318,271,303
"폭력범죄","손괴","동종",6개월이내,320,312,276,310,249,253,259,302,258,325
"폭력범죄","손괴","동종",1년이내,818,941,793,786,680,742,758,832,873,887
"폭력범죄","손괴","동종",2년이내,563,530,521,458,416,441,454,521,562,486
"폭력범죄","손괴","동종",3년이내,511,502,506,361,338,386,424,390,472,433
"폭력범죄","손괴","동종",3년초과,970,987,886,824,735,767,735,792,826,789
"폭력범죄","손괴","이종",계,15141,16326,16465,16439,17352,19092,18784,18298,19515,19389
"폭력범죄","손괴","이종",1개월이내,401,503,386,349,342,423,329,292,311,289
"폭력범죄","손괴","이종",3개월이내,642,690,604,543,632,671,669,578,602,566
"폭력범죄","손괴","이종",6개월이내,646,739,684,764,788,800,868,802,779,742
"폭력범죄","손괴","이종",1년이내,2273,2418,2398,2464,2752,2900,2983,2660,2751,2686
"폭력범죄","손괴","이종",2년이내,1977,1916,1901,1970,2089,2186,2181,2249,2296,2189
"폭력범죄","손괴","이종",3년이내,2060,2094,2253,1953,2049,2285,2175,2225,2356,2245
"폭력범죄","손괴","이종",3년초과,7142,7966,8239,8396,8700,9827,9579,9492,10420,10672
"지능범죄","소계","계",계,91668,99045,107511,107116,112410,109416,103353,107853,116821,117197
"지능범죄","소계","동종",계,30175,31539,37151,36513,39048,38642,35845,37873,41093,42549
"지능범죄","소계","동종",1개월이내,3066,3249,3684,3454,3259,3382,3013,3329,3565,4047
"지능범죄","소계","동종",3개월이내,2769,3311,3712,3293,3561,3636,3563,3910,4107,4316
"지능범죄","소계","동종",6개월이내,2111,2389,2848,3053,3335,3372,3400,3662,4043,4065
"지능범죄","소계","동종",1년이내,9703,10012,12196,11773,12888,12777,11668,12313,13631,14718
"지능범죄","소계","동종",2년이내,3497,3272,3760,3806,3902,3853,3603,3991,4322,4312
"지능범죄","소계","동종",3년이내,3864,3977,4652,4434,4487,4445,4284,4440,4839,4747
"지능범죄","소계","동종",3년초과,5165,5329,6299,6700,7616,7177,6314,6228,6586,6344
"지능범죄","소계","이종",계,61493,67506,70360,70603,73362,70774,67508,69980,75728,74648
"지능범죄","소계","이종",1개월이내,1245,1871,1681,1603,1681,1634,1510,1441,1503,1653
"지능범죄","소계","이종",3개월이내,1792,2137,2263,2050,2388,2289,2397,2376,2308,2360
"지능범죄","소계","이종",6개월이내,1733,2280,2528,2610,3097,2933,2858,3005,3088,3016
"지능범죄","소계","이종",1년이내,11719,12043,13135,13087,14376,13824,12956,13397,14207,14954
"지능범죄","소계","이종",2년이내,7078,7033,7203,7397,7506,7300,6945,7487,7754,7241
"지능범죄","소계","이종",3년이내,9030,9698,10297,9126,9013,8791,8334,8806,9530,9356
"지능범죄","소계","이종",3년초과,28896,32444,33253,34730,35301,34003,32508,33468,37338,36068
"지능범죄","직무유기","계",계,50,80,65,43,51,40,31,20,26,19
"지능범죄","직무유기","동종",계,3,6,1,1,2,1,-,1,-,1
"지능범죄","직무유기","동종",1개월이내,-,-,-,-,-,-,-,-,-,-
"지능범죄","직무유기","동종",3개월이내,-,2,-,-,-,-,-,-,-,-
"지능범죄","직무유기","동종",6개월이내,-,2,-,-,-,-,-,-,-,-
"지능범죄","직무유기","동종",1년이내,2,-,-,-,-,1,-,-,-,-
"지능범죄","직무유기","동종",2년이내,-,-,-,-,1,-,-,-,-,-
"지능범죄","직무유기","동종",3년이내,-,-,-,1,-,-,-,-,-,-
"지능범죄","직무유기","동종",3년초과,1,2,1,-,1,-,-,1,-,1
"지능범죄","직무유기","이종",계,47,74,64,42,49,39,31,19,26,18
"지능범죄","직무유기","이종",1개월이내,-,1,1,1,1,-,-,-,-,-
"지능범죄","직무유기","이종",3개월이내,-,1,-,-,-,-,-,1,-,-
"지능범죄","직무유기","이종",6개월이내,-,-,2,2,-,1,1,-,-,-
"지능범죄","직무유기","이종",1년이내,5,4,4,2,6,5,3,5,1,-
"지능범죄","직무유기","이종",2년이내,2,-,4,-,3,3,1,-,1,1
"지능범죄","직무유기","이종",3년이내,5,6,4,1,7,2,1,-,3,2
"지능범죄","직무유기","이종",3년초과,35,62,49,36,32,28,25,13,21,15
"지능범죄","직권남용","계",계,31,42,37,37,31,29,54,56,49,26
"지능범죄","직권남용","동종",계,2,1,2,1,2,-,3,2,3,1
"지능범죄","직권남용","동종",1개월이내,-,-,-,1,-,-,-,-,-,-
"지능범죄","직권남용","동종",3개월이내,-,-,-,-,-,-,-,-,-,-
"지능범죄","직권남용","동종",6개월이내,-,1,-,-,-,-,-,-,-,-
"지능범죄","직권남용","동종",1년이내,-,-,-,-,-,-,1,-,1,-
"지능범죄","직권남용","동종",2년이내,-,-,-,-,-,-,-,-,-,-
"지능범죄","직권남용","동종",3년이내,-,-,1,-,1,-,-,-,-,-
"지능범죄","직권남용","동종",3년초과,2,-,1,-,1,-,2,2,2,1
"지능범죄","직권남용","이종",계,29,41,35,36,29,29,51,54,46,25
"지능범죄","직권남용","이종",1개월이내,-,3,1,1,2,-,-,-,-,-
"지능범죄","직권남용","이종",3개월이내,-,-,2,-,-,1,-,-,-,-
"지능범죄","직권남용","이종",6개월이내,1,-,2,-,-,-,-,3,2,1
"지능범죄","직권남용","이종",1년이내,8,7,1,1,5,2,2,1,6,-
"지능범죄","직권남용","이종",2년이내,1,6,1,5,1,1,2,1,2,-
"지능범죄","직권남용","이종",3년이내,1,5,2,4,3,6,1,2,2,4
"지능범죄","직권남용","이종",3년초과,18,20,26,25,18,19,46,47,34,20
"지능범죄","증수뢰","계",계,562,396,424,387,330,378,552,418,388,305
"지능범죄","증수뢰","동종",계,48,39,35,29,22,15,48,14,23,10
"지능범죄","증수뢰","동종",1개월이내,4,1,1,1,1,-,1,-,-,-
"지능범죄","증수뢰","동종",3개월이내,2,1,1,1,-,-,-,1,-,1
"지능범죄","증수뢰","동종",6개월이내,2,4,-,1,-,-,2,1,1,-
"지능범죄","증수뢰","동종",1년이내,19,11,12,8,9,7,9,2,3,6
"지능범죄","증수뢰","동종",2년이내,5,3,5,1,-,1,14,1,6,-
"지능범죄","증수뢰","동종",3년이내,1,4,4,3,5,3,6,1,2,1
"지능범죄","증수뢰","동종",3년초과,15,15,12,14,7,4,16,8,11,2
"지능범죄","증수뢰","이종",계,514,357,389,358,308,363,504,404,365,295
"지능범죄","증수뢰","이종",1개월이내,7,4,2,1,-,3,6,2,1,2
"지능범죄","증수뢰","이종",3개월이내,7,6,3,2,3,-,4,2,4,-
"지능범죄","증수뢰","이종",6개월이내,6,3,6,3,8,8,8,6,4,5
"지능범죄","증수뢰","이종",1년이내,81,44,34,38,40,54,61,46,31,31
"지능범죄","증수뢰","이종",2년이내,51,18,27,21,22,19,27,31,21,18
"지능범죄","증수뢰","이종",3년이내,35,34,33,34,17,34,51,40,37,29
"지능범죄","증수뢰","이종",3년초과,327,248,284,259,218,245,347,277,267,210
"지능범죄","통화","계",계,53,78,91,76,79,65,118,60,47,22
"지능범죄","통화","동종",계,11,13,14,24,24,15,11,8,16,9
"지능범죄","통화","동종",1개월이내,-,-,3,3,4,4,2,2,1,-
"지능범죄","통화","동종",3개월이내,-,-,1,5,-,4,-,1,1,2
"지능범죄","통화","동종",6개월이내,1,2,2,2,2,1,2,1,1,-
"지능범죄","통화","동종",1년이내,3,7,4,5,7,-,2,1,3,3
"지능범죄","통화","동종",2년이내,-,-,-,-,3,3,-,-,1,1
"지능범죄","통화","동종",3년이내,5,1,2,6,1,1,1,1,3,1
"지능범죄","통화","동종",3년초과,2,3,2,3,7,2,4,2,6,2
"지능범죄","통화","이종",계,42,65,77,52,55,50,107,52,31,13
"지능범죄","통화","이종",1개월이내,-,2,3,-,2,-,-,-,-,1
"지능범죄","통화","이종",3개월이내,2,-,4,3,4,3,2,4,1,-
"지능범죄","통화","이종",6개월이내,5,2,5,4,6,4,5,1,-,1
"지능범죄","통화","이종",1년이내,17,18,12,6,16,16,17,4,10,5
"지능범죄","통화","이종",2년이내,2,12,7,3,8,12,13,1,7,2
"지능범죄","통화","이종",3년이내,4,9,9,9,8,8,23,23,4,1
"지능범죄","통화","이종",3년초과,12,22,37,27,11,7,47,19,9,3
"지능범죄","문서·인장","계",계,5817,6025,6602,6442,6293,5915,4964,4506,4489,4362
"지능범죄","문서·인장","동종",계,850,899,1356,1385,1334,1375,1050,876,877,923
"지능범죄","문서·인장","동종",1개월이내,51,66,86,95,80,128,76,50,56,58
"지능범죄","문서·인장","동종",3개월이내,55,71,123,110,99,134,113,74,79,89
"지능범죄","문서·인장","동종",6개월이내,48,90,127,118,152,133,100,90,74,97
"지능범죄","문서·인장","동종",1년이내,291,282,465,506,459,545,368,333,323,343
"지능범죄","문서·인장","동종",2년이내,101,111,151,154,163,107,116,98,109,102
"지능범죄","문서·인장","동종",3년이내,121,113,180,175,142,161,124,108,110,98
"지능범죄","문서·인장","동종",3년초과,183,166,224,227,239,167,153,123,126,136
"지능범죄","문서·인장","이종",계,4967,5126,5246,5057,4959,4540,3914,3630,3612,3439
"지능범죄","문서·인장","이종",1개월이내,99,199,144,112,123,116,114,71,63,67
"지능범죄","문서·인장","이종",3개월이내,142,202,169,135,166,149,145,120,114,117
"지능범죄","문서·인장","이종",6개월이내,154,225,166,200,218,190,168,143,158,128
"지능범죄","문서·인장","이종",1년이내,936,996,1020,923,1025,950,765,678,680,637
"지능범죄","문서·인장","이종",2년이내,539,545,536,578,529,470,405,375,360,328
"지능범죄","문서·인장","이종",3년이내,665,647,719,648,602,490,442,444,426,441
"지능범죄","문서·인장","이종",3년초과,2432,2312,2492,2461,2296,2175,1875,1799,1811,1721
"지능범죄","유가증권인지","계",계,270,210,174,203,146,125,126,81,57,39
"지능범죄","유가증권인지","동종",계,48,36,44,40,32,29,27,14,10,7
"지능범죄","유가증권인지","동종",1개월이내,2,-,4,1,4,-,3,2,2,-
"지능범죄","유가증권인지","동종",3개월이내,1,2,3,-,1,7,1,2,-,-
"지능범죄","유가증권인지","동종",6개월이내,4,2,2,-,-,1,2,-,-,-
"지능범죄","유가증권인지","동종",1년이내,15,14,8,17,8,10,13,5,3,2
"지능범죄","유가증권인지","동종",2년이내,9,2,5,-,5,3,-,2,1,1
"지능범죄","유가증권인지","동종",3년이내,5,4,12,6,4,2,4,1,1,1
"지능범죄","유가증권인지","동종",3년초과,12,12,10,16,10,6,4,2,3,3
"지능범죄","유가증권인지","이종",계,222,174,130,163,114,96,99,67,47,32
"지능범죄","유가증권인지","이종",1개월이내,4,2,-,1,1,1,-,7,-,2
"지능범죄","유가증권인지","이종",3개월이내,12,6,3,3,1,5,2,1,-,-
"지능범죄","유가증권인지","이종",6개월이내,8,4,1,7,3,11,7,3,3,-
"지능범죄","유가증권인지","이종",1년이내,53,27,24,28,26,11,17,11,7,5
"지능범죄","유가증권인지","이종",2년이내,26,18,10,19,12,11,17,8,4,4
"지능범죄","유가증권인지","이종",3년이내,36,30,15,26,11,14,17,9,7,2
"지능범죄","유가증권인지","이종",3년초과,83,87,77,79,60,43,39,28,26,19
"지능범죄","사기","계",계,74252,79849,85967,85702,90102,87713,82948,88559,97171,97665
"지능범죄","사기","동종",계,27955,29151,33930,33177,35611,35130,32813,35000,37922,39212
"지능범죄","사기","동종",1개월이내,2959,3110,3504,3261,3072,3156,2849,3178,3388,3826
"지능범죄","사기","동종",3개월이내,2625,3144,3455,3060,3333,3354,3305,3698,3852,4006
"지능범죄","사기","동종",6개월이내,1999,2212,2605,2784,3055,3097,3142,3403,3767,3757
"지능범죄","사기","동종",1년이내,8982,9296,11155,10602,11755,11546,10712,11336,12630,13626
"지능범죄","사기","동종",2년이내,3229,3001,3384,3434,3513,3500,3263,3619,3925,3946
"지능범죄","사기","동종",3년이내,3539,3648,4205,4009,4045,4012,3889,4099,4437,4352
"지능범죄","사기","동종",3년초과,4622,4740,5622,6027,6838,6465,5653,5667,5923,5699
"지능범죄","사기","이종",계,46297,50698,52037,52525,54491,52583,50135,53559,59249,58453
"지능범죄","사기","이종",1개월이내,990,1361,1275,1260,1279,1259,1178,1197,1258,1399
"지능범죄","사기","이종",3개월이내,1380,1610,1760,1618,1844,1803,1909,1947,1947,1928
"지능범죄","사기","이종",6개월이내,1303,1706,1949,1988,2346,2259,2241,2439,2550,2504
"지능범죄","사기","이종",1년이내,9044,9157,10010,9962,11025,10636,10069,10717,11572,12422
"지능범죄","사기","이종",2년이내,5423,5336,5406,5538,5649,5568,5323,5933,6265,5909
"지능범죄","사기","이종",3년이내,6999,7494,7858,6971,6813,6680,6358,6918,7596,7464
"지능범죄","사기","이종",3년초과,21158,24034,23779,25188,25535,24378,23057,24408,28061,26827
"지능범죄","횡령","계",계,8912,10545,12057,11464,13412,13254,12568,12429,12932,13269
"지능범죄","횡령","동종",계,1087,1235,1564,1567,1881,1920,1758,1830,2072,2272
"지능범죄","횡령","동종",1개월이내,47,66,83,81,89,90,79,94,114,158
"지능범죄","횡령","동종",3개월이내,82,85,117,104,122,132,136,131,167,210
"지능범죄","횡령","동종",6개월이내,49,70,108,120,118,132,145,161,190,205
"지능범죄","횡령","동종",1년이내,336,345,478,510,608,612,520,599,604,703
"지능범죄","횡령","동종",2년이내,129,140,195,182,202,228,197,257,268,250
"지능범죄","횡령","동종",3년이내,153,185,209,210,271,239,233,209,263,276
"지능범죄","횡령","동종",3년초과,291,344,374,360,471,487,448,379,466,470
"지능범죄","횡령","이종",계,7825,9310,10493,9897,11531,11334,10810,10599,10860,10997
"지능범죄","횡령","이종",1개월이내,136,273,228,194,249,231,200,154,174,174
"지능범죄","횡령","이종",3개월이내,213,289,303,257,341,299,308,283,231,303
"지능범죄","횡령","이종",6개월이내,232,303,349,312,463,414,386,373,342,347
"지능범죄","횡령","이종",1년이내,1366,1552,1743,1785,1963,1897,1773,1712,1678,1665
"지능범죄","횡령","이종",2년이내,899,951,1054,1006,1122,1090,1017,1031,978,901
"지능범죄","횡령","이종",3년이내,1057,1255,1437,1175,1356,1339,1245,1184,1304,1287
"지능범죄","횡령","이종",3년초과,3922,4687,5379,5168,6037,6064,5881,5862,6153,6320
"지능범죄","배임","계",계,1721,1820,2094,2762,1966,1897,1992,1724,1662,1490
"지능범죄","배임","동종",계,171,159,205,289,140,157,135,128,170,114
"지능범죄","배임","동종",1개월이내,3,6,3,11,9,4,3,3,4,5
"지능범죄","배임","동종",3개월이내,4,6,12,13,6,5,8,3,8,8
"지능범죄","배임","동종",6개월이내,8,6,4,28,8,8,7,6,10,6
"지능범죄","배임","동종",1년이내,55,57,74,125,42,56,43,37,64,35
"지능범죄","배임","동종",2년이내,24,15,20,35,15,11,13,14,12,12
"지능범죄","배임","동종",3년이내,40,22,39,24,18,27,27,21,23,18
"지능범죄","배임","동종",3년초과,37,47,53,53,42,46,34,44,49,30
"지능범죄","배임","이종",계,1550,1661,1889,2473,1826,1740,1857,1596,1492,1376
"지능범죄","배임","이종",1개월이내,9,26,27,33,24,24,12,10,7,8
"지능범죄","배임","이종",3개월이내,36,23,19,32,29,29,27,18,11,12
"지능범죄","배임","이종",6개월이내,24,37,48,94,53,46,42,37,29,30
"지능범죄","배임","이종",1년이내,209,238,287,342,270,253,249,223,222,189
"지능범죄","배임","이종",2년이내,135,147,158,227,160,126,140,107,116,78
"지능범죄","배임","이종",3년이내,228,218,220,258,196,218,196,186,151,126
"지능범죄","배임","이종",3년초과,909,972,1130,1487,1094,1044,1191,1015,956,933
"풍속범죄","소계","계",계,35770,33117,29602,26048,26372,27886,22155,19218,19911,18865
"풍속범죄","소계","동종",계,10474,9252,8364,7002,7339,6789,5782,5038,5070,4219
"풍속범죄","소계","동종",1개월이내,327,292,258,174,206,139,102,114,111,78
"풍속범죄","소계","동종",3개월이내,554,568,391,294,291,268,241,182,179,153
"풍속범죄","소계","동종",6개월이내,583,579,526,367,352,356,282,222,239,184
"풍속범죄","소계","동종",1년이내,2063,1830,1696,1250,1216,1190,1095,925,827,688
"풍속범죄","소계","동종",2년이내,1511,1166,1055,937,880,874,747,659,609,502
"풍속범죄","소계","동종",3년이내,1452,1304,1253,921,995,917,797,716,715,548
"풍속범죄","소계","동종",3년초과,3984,3513,3185,3059,3399,3045,2518,2220,2390,2066
"풍속범죄","소계","이종",계,25296,23865,21238,19046,19033,21097,16373,14180,14841,14646
"풍속범죄","소계","이종",1개월이내,313,402,271,232,218,232,208,127,142,129
"풍속범죄","소계","이종",3개월이내,590,594,403,384,361,429,377,261,249,240
"풍속범죄","소계","이종",6개월이내,599,654,541,518,482,617,517,389,379,349
"풍속범죄","소계","이종",1년이내,3047,2680,2291,2302,2175,2595,2073,1751,1662,1724
"풍속범죄","소계","이종",2년이내,2728,2417,1908,1796,1782,2033,1652,1444,1366,1224
"풍속범죄","소계","이종",3년이내,3335,3072,2888,2097,2089,2424,1783,1607,1778,1617
"풍속범죄","소계","이종",3년초과,14684,14046,12936,11717,11926,12767,9763,8601,9265,9363
"풍속범죄","성풍속범죄","계",계,4388,6715,7223,5379,5147,4793,5126,5265,5099,4963
"풍속범죄","성풍속범죄","동종",계,892,1568,1592,1085,1156,885,1181,1388,1400,1277
"풍속범죄","성풍속범죄","동종",1개월이내,110,157,176,82,116,46,55,77,73,43
"풍속범죄","성풍속범죄","동종",3개월이내,137,218,169,104,80,68,98,107,98,89
"풍속범죄","성풍속범죄","동종",6개월이내,81,165,203,95,77,86,99,84,113,96
"풍속범죄","성풍속범죄","동종",1년이내,268,437,502,370,338,220,310,404,390,287
"풍속범죄","성풍속범죄","동종",2년이내,105,157,180,153,174,144,182,231,225,228
"풍속범죄","성풍속범죄","동종",3년이내,80,196,164,115,144,154,166,199,193,203
"풍속범죄","성풍속범죄","동종",3년초과,111,238,198,166,227,167,271,286,308,331
"풍속범죄","성풍속범죄","이종",계,3496,5147,5631,4294,3991,3908,3945,3877,3699,3686
"풍속범죄","성풍속범죄","이종",1개월이내,70,144,125,91,85,75,76,59,76,73
"풍속범죄","성풍속범죄","이종",3개월이내,94,169,151,131,125,108,149,118,110,130
"풍속범죄","성풍속범죄","이종",6개월이내,94,188,214,150,140,182,190,168,159,145
"풍속범죄","성풍속범죄","이종",1년이내,553,692,800,625,584,578,649,611,624,606
"풍속범죄","성풍속범죄","이종",2년이내,417,537,553,437,430,427,450,463,431,403
"풍속범죄","성풍속범죄","이종",3년이내,550,710,803,461,464,466,477,469,460,458
"풍속범죄","성풍속범죄","이종",3년초과,1718,2707,2985,2399,2163,2072,1954,1989,1839,1871
"풍속범죄","도박범죄","계",계,31382,26402,22379,20669,21225,23093,17029,13953,14812,13902
"풍속범죄","도박범죄","동종",계,9582,7684,6772,5917,6183,5904,4601,3650,3670,2942
"풍속범죄","도박범죄","동종",1개월이내,217,135,82,92,90,93,47,37,38,35
"풍속범죄","도박범죄","동종",3개월이내,417,350,222,190,211,200,143,75,81,64
"풍속범죄","도박범죄","동종",6개월이내,502,414,323,272,275,270,183,138,126,88
"풍속범죄","도박범죄","동종",1년이내,1795,1393,1194,880,878,970,785,521,437,401
"풍속범죄","도박범죄","동종",2년이내,1406,1009,875,784,706,730,565,428,384,274
"풍속범죄","도박범죄","동종",3년이내,1372,1108,1089,806,851,763,631,517,522,345
"풍속범죄","도박범죄","동종",3년초과,3873,3275,2987,2893,3172,2878,2247,1934,2082,1735
"풍속범죄","도박범죄","이종",계,21800,18718,15607,14752,15042,17189,12428,10303,11142,10960
"풍속범죄","도박범죄","이종",1개월이내,243,258,146,141,133,157,132,68,66,56
"풍속범죄","도박범죄","이종",3개월이내,496,425,252,253,236,321,228,143,139,110
"풍속범죄","도박범죄","이종",6개월이내,505,466,327,368,342,435,327,221,220,204
"풍속범죄","도박범죄","이종",1년이내,2494,1988,1491,1677,1591,2017,1424,1140,1038,1118
"풍속범죄","도박범죄","이종",2년이내,2311,1880,1355,1359,1352,1606,1202,981,935,821
"풍속범죄","도박범죄","이종",3년이내,2785,2362,2085,1636,1625,1958,1306,1138,1318,1159
"풍속범죄","도박범죄","이종",3년초과,12966,11339,9951,9318,9763,10695,7809,6612,7426,7492
"특별경제범죄","소계","계",계,37610,45000,38951,41799,41454,38389,36691,36396,38252,32086
"특별경제범죄","소계","동종",계,7868,10161,8693,8675,8630,8031,7544,6714,7303,6239
"특별경제범죄","소계","동종",1개월이내,645,864,748,586,665,617,462,398,379,352
"특별경제범죄","소계","동종",3개월이내,932,1174,937,830,808,761,646,494,492,447
"특별경제범죄","소계","동종",6개월이내,575,887,761,821,807,764,669,583,594,577
"특별경제범죄","소계","동종",1년이내,2514,3186,2774,2676,2694,2356,2222,1899,2164,1803
"특별경제범죄","소계","동종",2년이내,980,1171,945,1077,1026,943,981,1002,1058,844
"특별경제범죄","소계","동종",3년이내,1018,1326,1083,1063,997,947,976,880,984,814
"특별경제범죄","소계","동종",3년초과,1204,1553,1445,1622,1633,1643,1588,1458,1632,1402
"특별경제범죄","소계","이종",계,29742,34839,30258,33124,32824,30358,29147,29682,30949,25847
"특별경제범죄","소계","이종",1개월이내,548,986,610,528,571,496,485,351,330,363
"특별경제범죄","소계","이종",3개월이내,967,1110,943,906,1001,1023,798,755,699,619
"특별경제범죄","소계","이종",6개월이내,833,1133,1098,1253,1331,1215,1149,1037,1040,883
"특별경제범죄","소계","이종",1년이내,4625,4981,4589,5116,5209,4908,4488,4506,4366,3759
"특별경제범죄","소계","이종",2년이내,3272,3425,2980,3365,3571,3254,3025,3157,3209,2560
"특별경제범죄","소계","이종",3년이내,4056,4704,4176,3917,3767,3648,3789,3547,3727,3049
"특별경제범죄","소계","이종",3년초과,15441,18500,15862,18039,17374,15814,15413,16329,17578,14614
"마약범죄","소계","계",계,3382,3395,3539,3462,4458,5305,5487,4638,5746,6233
"마약범죄","소계","동종",계,1861,1867,1852,1684,2197,2503,2755,2256,2695,2671
"마약범죄","소계","동종",1개월이내,39,54,39,50,46,79,74,68,75,86
"마약범죄","소계","동종",3개월이내,59,81,65,54,96,112,142,90,129,150
"마약범죄","소계","동종",6개월이내,67,62,84,100,99,161,203,153,144,156
"마약범죄","소계","동종",1년이내,488,466,491,416,540,618,847,619,676,782
"마약범죄","소계","동종",2년이내,358,331,341,289,387,440,449,392,520,423
"마약범죄","소계","동종",3년이내,370,381,392,323,479,493,478,488,632,581
"마약범죄","소계","동종",3년초과,480,492,440,452,550,600,562,446,519,493
"마약범죄","소계","이종",계,1521,1528,1687,1778,2261,2802,2732,2382,3051,3562
"마약범죄","소계","이종",1개월이내,23,44,26,30,37,40,38,24,41,42
"마약범죄","소계","이종",3개월이내,33,44,47,49,73,98,71,50,65,78
"마약범죄","소계","이종",6개월이내,55,55,62,65,85,100,111,95,108,143
"마약범죄","소계","이종",1년이내,249,245,276,317,355,478,540,432,575,594
"마약범죄","소계","이종",2년이내,228,212,189,195,317,320,290,287,353,389
"마약범죄","소계","이종",3년이내,221,218,269,215,287,366,312,317,405,537
"마약범죄","소계","이종",3년초과,712,710,818,907,1107,1400,1370,1177,1504,1779
"보건범죄","소계","계",계,10024,10819,13413,12088,11009,11204,9377,7599,8408,9860
"보건범죄","소계","동종",계,3840,3934,4597,4479,3990,4047,3288,2637,2892,2603
"보건범죄","소계","동종",1개월이내,117,122,128,106,122,78,78,67,79,84
"보건범죄","소계","동종",3개월이내,190,197,235,224,182,158,129,113,129,143
"보건범죄","소계","동종",6개월이내,224,268,291,297,293,280,197,161,219,183
"보건범죄","소계","동종",1년이내,1002,1151,1254,1378,1210,1253,938,821,795,782
"보건범죄","소계","동종",2년이내,617,485,546,644,563,641,440,394,397,302
"보건범죄","소계","동종",3년이내,492,481,643,536,505,507,457,319,363,297
"보건범죄","소계","동종",3년초과,1198,1230,1500,1294,1115,1130,1049,762,910,812
"보건범죄","소계","이종",계,6184,6885,8816,7609,7019,7157,6089,4962,5516,7257
"보건범죄","소계","이종",1개월이내,86,171,96,114,84,75,50,35,39,49
"보건범죄","소계","이종",3개월이내,135,138,180,127,125,113,95,62,67,87
"보건범죄","소계","이종",6개월이내,128,201,216,170,203,168,149,122,138,128
"보건범죄","소계","이종",1년이내,802,757,995,951,843,797,736,576,588,763
"보건범죄","소계","이종",2년이내,640,550,706,705,636,605,527,476,500,613
"보건범죄","소계","이종",3년이내,762,857,1106,887,703,762,647,539,607,775
"보건범죄","소계","이종",3년초과,3631,4211,5517,4655,4425,4637,3885,3152,3577,4842
"환경범죄","소계","계",계,2029,2127,2484,2057,2132,2538,2918,2652,3353,2908
"환경범죄","소계","동종",계,262,300,330,261,313,344,496,484,639,587
"환경범죄","소계","동종",1개월이내,9,7,8,2,5,4,12,11,11,24
"환경범죄","소계","동종",3개월이내,20,24,10,13,20,26,34,57,62,57
"환경범죄","소계","동종",6개월이내,15,17,18,17,22,31,42,51,58,54
"환경범죄","소계","동종",1년이내,73,72,91,89,83,116,156,158,234,223
"환경범죄","소계","동종",2년이내,31,31,44,32,34,45,66,54,88,63
"환경범죄","소계","동종",3년이내,30,49,44,35,41,37,59,49,67,76
"환경범죄","소계","동종",3년초과,84,100,115,73,108,85,127,104,119,90
"환경범죄","소계","이종",계,1767,1827,2154,1796,1819,2194,2422,2168,2714,2321
"환경범죄","소계","이종",1개월이내,16,28,16,20,14,25,24,17,17,9
"환경범죄","소계","이종",3개월이내,41,36,40,34,31,34,48,32,45,35
"환경범죄","소계","이종",6개월이내,53,48,44,63,55,54,62,63,73,60
"환경범죄","소계","이종",1년이내,218,184,242,235,200,260,333,268,326,305
"환경범죄","소계","이종",2년이내,177,139,157,166,164,210,211,206,245,184
"환경범죄","소계","이종",3년이내,208,192,284,169,169,224,253,256,325,267
"환경범죄","소계","이종",3년초과,1054,1200,1371,1109,1186,1387,1491,1326,1683,1461
"교통범죄","소계","계",계,253502,259955,275880,258330,256826,260344,224720,179640,152778,143499
"교통범죄","소계","동종",계,109468,102868,112307,105456,105882,107173,91005,71415,57294,53821
"교통범죄","소계","동종",1개월이내,1710,1903,1962,1443,1293,1912,1375,922,793,703
"교통범죄","소계","동종",3개월이내,3413,2694,2836,2466,2723,3639,2697,1680,1292,1276
"교통범죄","소계","동종",6개월이내,4607,3628,3989,3990,4057,4866,3794,2417,1960,1733
"교통범죄","소계","동종",1년이내,15975,13242,13929,13695,13885,15824,12664,8553,6770,5660
"교통범죄","소계","동종",2년이내,13589,12094,11913,11856,12267,12010,9960,7903,6400,4812
"교통범죄","소계","동종",3년이내,15840,13632,15681,12108,11600,12236,10432,8362,6978,6363
"교통범죄","소계","동종",3년초과,54334,55675,61997,59898,60057,56686,50083,41578,33101,33274
"교통범죄","소계","이종",계,144034,157087,163573,152874,150944,153171,133715,108225,95484,89678
"교통범죄","소계","이종",1개월이내,1640,2882,1839,1579,1440,1683,1472,962,899,764
"교통범죄","소계","이종",3개월이내,4296,4022,3901,3436,3615,4813,3889,2495,1997,1899
"교통범죄","소계","이종",6개월이내,5613,5427,5688,5371,5526,6423,5474,3736,3020,2805
"교통범죄","소계","이종",1년이내,19183,18402,19139,18790,18787,21891,18208,13433,11578,10629
"교통범죄","소계","이종",2년이내,16476,15782,16046,16092,16033,16943,14141,11804,10188,8646
"교통범죄","소계","이종",3년이내,17419,18262,19878,15810,15761,15986,13980,11498,10617,9746
"교통범죄","소계","이종",3년초과,79407,92310,97082,91796,89782,85432,76551,64297,57185,55189
"노동범죄","소계","계",계,1612,1506,1394,1225,1295,2451,2019,998,524,340
"노동범죄","소계","동종",계,329,273,241,201,181,181,192,116,98,54
"노동범죄","소계","동종",1개월이내,9,8,6,5,20,1,5,2,2,1
"노동범죄","소계","동종",3개월이내,21,25,13,4,4,4,10,5,1,3
"노동범죄","소계","동종",6개월이내,27,18,20,19,5,11,21,3,7,-
"노동범죄","소계","동종",1년이내,102,87,70,47,54,52,45,24,16,20
"노동범죄","소계","동종",2년이내,60,46,40,28,35,23,48,18,19,6
"노동범죄","소계","동종",3년이내,50,44,47,22,23,26,16,24,16,7
"노동범죄","소계","동종",3년초과,60,45,45,76,40,64,47,40,37,17
"노동범죄","소계","이종",계,1283,1233,1153,1024,1114,2270,1827,882,426,286
"노동범죄","소계","이종",1개월이내,15,25,5,12,7,14,13,6,3,3
"노동범죄","소계","이종",3개월이내,29,18,16,18,20,21,21,15,7,1
"노동범죄","소계","이종",6개월이내,39,31,37,29,21,30,33,19,13,8
"노동범죄","소계","이종",1년이내,199,158,155,133,134,313,230,127,58,40
"노동범죄","소계","이종",2년이내,164,117,118,87,101,137,122,88,44,22
"노동범죄","소계","이종",3년이내,176,177,171,107,148,230,188,95,58,42
"노동범죄","소계","이종",3년초과,661,707,651,638,683,1525,1220,532,243,170
"안보범죄","소계","계",계,81,83,92,45,95,49,165,94,306,388
"안보범죄","소계","동종",계,21,25,45,12,36,10,50,11,54,85
"안보범죄","소계","동종",1개월이내,1,2,4,-,2,2,1,2,2,3
"안보범죄","소계","동종",3개월이내,-,-,1,-,17,-,1,-,5,9
"안보범죄","소계","동종",6개월이내,-,-,2,-,1,2,1,1,3,7
"안보범죄","소계","동종",1년이내,6,9,6,2,4,4,24,4,16,24
"안보범죄","소계","동종",2년이내,1,1,1,2,1,1,9,1,7,12
"안보범죄","소계","동종",3년이내,-,2,5,3,3,-,7,-,8,11
"안보범죄","소계","동종",3년초과,13,11,26,5,8,1,7,3,13,19
"안보범죄","소계","이종",계,60,58,47,33,59,39,115,83,252,303
"안보범죄","소계","이종",1개월이내,1,1,2,-,3,2,1,2,1,4
"안보범죄","소계","이종",3개월이내,4,-,-,-,2,2,2,-,5,12
"안보범죄","소계","이종",6개월이내,2,-,1,3,3,-,6,1,-,18
"안보범죄","소계","이종",1년이내,14,7,3,5,9,8,27,16,42,68
"안보범죄","소계","이종",2년이내,5,3,5,4,8,1,25,6,50,42
"안보범죄","소계","이종",3년이내,6,5,6,1,6,3,5,23,40,47
"안보범죄","소계","이종",3년초과,28,42,30,20,28,23,49,35,114,112
"선거범죄","소계","계",계,174,903,199,1302,612,662,380,1294,473,606
"선거범죄","소계","동종",계,18,89,21,139,26,80,23,112,39,64
"선거범죄","소계","동종",1개월이내,2,7,-,1,2,4,1,-,2,2
"선거범죄","소계","동종",3개월이내,-,3,-,5,2,3,-,2,-,-
"선거범죄","소계","동종",6개월이내,-,-,-,4,1,2,1,1,-,4
"선거범죄","소계","동종",1년이내,2,10,5,8,1,8,3,14,1,17
"선거범죄","소계","동종",2년이내,3,11,1,9,-,6,6,6,3,4
"선거범죄","소계","동종",3년이내,3,11,4,18,2,10,1,8,6,11
"선거범죄","소계","동종",3년초과,8,47,11,94,18,47,11,81,27,26
"선거범죄","소계","이종",계,156,814,178,1163,586,582,357,1182,434,542
"선거범죄","소계","이종",1개월이내,3,23,7,21,9,6,3,6,2,3
"선거범죄","소계","이종",3개월이내,10,13,1,12,5,6,6,9,1,3
"선거범죄","소계","이종",6개월이내,5,9,3,26,11,11,11,20,1,10
"선거범죄","소계","이종",1년이내,12,69,14,108,44,59,48,84,32,59
"선거범죄","소계","이종",2년이내,11,56,16,76,30,37,30,75,11,31
"선거범죄","소계","이종",3년이내,15,83,13,92,48,56,34,105,28,54
"선거범죄","소계","이종",3년초과,100,561,124,828,439,407,225,883,359,382
"병역범죄","소계","계",계,8792,10783,13022,11390,11454,9440,8173,7272,6374,1993
"병역범죄","소계","동종",계,3274,3769,4762,4460,4775,4003,3096,2791,2354,632
"병역범죄","소계","동종",1개월이내,138,148,152,122,134,114,80,73,50,11
"병역범죄","소계","동종",3개월이내,294,346,406,300,375,325,257,194,160,36
"병역범죄","소계","동종",6개월이내,325,369,487,454,540,465,400,297,255,67
"병역범죄","소계","동종",1년이내,1314,1470,1955,1973,2007,1683,1260,1131,976,246
"병역범죄","소계","동종",2년이내,541,583,699,689,650,596,462,478,403,110
"병역범죄","소계","동종",3년이내,387,507,588,501,571,494,366,378,279,93
"병역범죄","소계","동종",3년초과,275,346,475,421,498,326,271,240,231,69
"병역범죄","소계","이종",계,5518,7014,8260,6930,6679,5437,5077,4481,4020,1361
"병역범죄","소계","이종",1개월이내,98,238,212,173,138,94,84,64,53,29
"병역범죄","소계","이종",3개월이내,179,238,309,243,242,186,191,157,117,45
"병역범죄","소계","이종",6개월이내,211,295,356,293,313,295,273,265,205,79
"병역범죄","소계","이종",1년이내,1236,1454,1819,1580,1529,1369,1302,1101,1038,378
"병역범죄","소계","이종",2년이내,854,959,1097,976,959,718,707,721,678,214
"병역범죄","소계","이종",3년이내,888,1149,1425,1012,956,884,713,717,648,227
"병역범죄","소계","이종",3년초과,2052,2681,3042,2653,2542,1891,1807,1456,1281,389
"기타범죄","소계","계",계,111959,112974,114621,120899,122654,158595,136641,115109,116561,109745
"기타범죄","소계","동종",계,25964,24905,24599,24754,24051,30404,26878,21617,20538,18873
"기타범죄","소계","동종",1개월이내,1214,1190,1101,891,952,1425,1095,787,725,739
"기타범죄","소계","동종",3개월이내,1944,1909,1812,1556,1493,2379,1812,1263,1244,1193
"기타범죄","소계","동종",6개월이내,2004,1998,2011,2002,1930,2527,2437,1751,1483,1432
"기타범죄","소계","동종",1년이내,7031,6844,6735,6640,6721,8464,7908,6062,5338,5004
"기타범죄","소계","동종",2년이내,4205,3622,3498,3695,3555,4249,3676,3481,3159,2728
"기타범죄","소계","동종",3년이내,3891,3723,3695,3383,3164,3878,3457,2889,3083,2536
"기타범죄","소계","동종",3년초과,5675,5619,5747,6587,6236,7482,6493,5384,5506,5241
"기타범죄","소계","이종",계,85995,88069,90022,96145,98603,128191,109763,93492,96023,90872
"기타범죄","소계","이종",1개월이내,1419,2104,1718,1489,1521,1752,1400,1078,1079,1165
"기타범죄","소계","이종",3개월이내,2475,2715,2568,2468,2480,3255,2789,2248,2174,2244
"기타범죄","소계","이종",6개월이내,2662,3055,3150,3365,3419,4264,3767,3223,3028,2930
"기타범죄","소계","이종",1년이내,12238,12355,12751,14017,14339,18159,15681,13439,13213,12823
"기타범죄","소계","이종",2년이내,9546,9025,8976,9943,10138,13213,11109,9896,9957,8728
"기타범죄","소계","이종",3년이내,11552,11608,11894,10962,11043,15104,12400,10772,11255,10163
"기타범죄","소계","이종",3년초과,46103,47207,48965,53901,55663,72444,62617,52836,55317,52819
