강명,항목,시점,오염지수,시점,오염지수
금강,6가크롬 Cr6+ (㎎/ℓ),2020.01,0.0,2019.01,0.0
금강,6가크롬 Cr6+ (㎎/ℓ),2020.02,0.0,2019.02,0.0
금강,6가크롬 Cr6+ (㎎/ℓ),2020.03,0.0,2019.03,0.0
금강,6가크롬 Cr6+ (㎎/ℓ),2020.04,0.0,2019.04,0.0
금강,6가크롬 Cr6+ (㎎/ℓ),2020.05,0.0,2019.05,0.0
금강,6가크롬 Cr6+ (㎎/ℓ),2020.06,0.0,2019.06,0.0
금강,6가크롬 Cr6+ (㎎/ℓ),2020.07,0.0,2019.07,0.0
금강,6가크롬 Cr6+ (㎎/ℓ),2020.08,0.0,2019.08,0.0
금강,6가크롬 Cr6+ (㎎/ℓ),2020.09,0.0,2019.09,0.0
금강,6가크롬 Cr6+ (㎎/ℓ),2020.10,0.0,2019.10,0.0
금강,6가크롬 Cr6+ (㎎/ℓ),2020.11,0.0,2019.11,0.0
금강,6가크롬 Cr6+ (㎎/ℓ),2020.12,0.0,2019.12,0.0
금강,납 Pb (㎎/ℓ),2020.01,0.0,2019.01,0.0
금강,납 Pb (㎎/ℓ),2020.02,0.0,2019.02,0.0
금강,납 Pb (㎎/ℓ),2020.03,0.0,2019.03,0.0
금강,납 Pb (㎎/ℓ),2020.04,0.0,2019.04,0.0
금강,납 Pb (㎎/ℓ),2020.05,0.0,2019.05,0.0
금강,납 Pb (㎎/ℓ),2020.06,0.0,2019.06,0.0
금강,납 Pb (㎎/ℓ),2020.07,0.0,2019.07,0.0
금강,납 Pb (㎎/ℓ),2020.08,0.0,2019.08,0.0
금강,납 Pb (㎎/ℓ),2020.09,0.0,2019.09,0.0
금강,납 Pb (㎎/ℓ),2020.10,0.0,2019.10,0.0
금강,납 Pb (㎎/ℓ),2020.11,0.0,2019.11,0.0
금강,납 Pb (㎎/ℓ),2020.12,0.0,2019.12,0.0
금강,비소 As (㎎/ℓ),2020.01,0.0,2019.01,0.0
금강,비소 As (㎎/ℓ),2020.02,0.0,2019.02,0.0
금강,비소 As (㎎/ℓ),2020.03,0.0,2019.03,0.0
금강,비소 As (㎎/ℓ),2020.04,0.0,2019.04,0.0
금강,비소 As (㎎/ℓ),2020.05,0.0,2019.05,0.0
금강,비소 As (㎎/ℓ),2020.06,0.0,2019.06,0.0
금강,비소 As (㎎/ℓ),2020.07,0.0,2019.07,0.0
금강,비소 As (㎎/ℓ),2020.08,0.0,2019.08,0.0
금강,비소 As (㎎/ℓ),2020.09,0.0,2019.09,0.0
금강,비소 As (㎎/ℓ),2020.10,0.0,2019.10,0.0
금강,비소 As (㎎/ℓ),2020.11,0.0,2019.11,0.0
금강,비소 As (㎎/ℓ),2020.12,0.0,2019.12,0.0
금강,생물화학적산소요구량 BOD (㎎/ℓ),2020.01,1.1866666666666668,2019.01,0.8533333333333334
금강,생물화학적산소요구량 BOD (㎎/ℓ),2020.02,1.6933333333333331,2019.02,0.8533333333333333
금강,생물화학적산소요구량 BOD (㎎/ℓ),2020.03,1.54,2019.03,1.7666666666666666
금강,생물화학적산소요구량 BOD (㎎/ℓ),2020.04,1.0866666666666667,2019.04,1.5133333333333334
금강,생물화학적산소요구량 BOD (㎎/ℓ),2020.05,1.16,2019.05,1.54
금강,생물화학적산소요구량 BOD (㎎/ℓ),2020.06,1.3599999999999999,2019.06,1.6866666666666668
금강,생물화학적산소요구량 BOD (㎎/ℓ),2020.07,1.62,2019.07,2.9133333333333336
금강,생물화학적산소요구량 BOD (㎎/ℓ),2020.08,2.4066666666666667,2019.08,1.7333333333333334
금강,생물화학적산소요구량 BOD (㎎/ℓ),2020.09,1.46,2019.09,1.5
금강,생물화학적산소요구량 BOD (㎎/ℓ),2020.10,1.3666666666666667,2019.10,0.7466666666666666
금강,생물화학적산소요구량 BOD (㎎/ℓ),2020.11,1.1266666666666665,2019.11,0.5
금강,생물화학적산소요구량 BOD (㎎/ℓ),2020.12,1.3866666666666667,2019.12,1.5066666666666668
금강,수온 (℃),2020.01,5.36,2019.01,4.680000000000001
금강,수온 (℃),2020.02,4.62,2019.02,3.5
금강,수온 (℃),2020.03,6.086666666666667,2019.03,6.486666666666666
금강,수온 (℃),2020.04,8.34,2019.04,9.746666666666666
금강,수온 (℃),2020.05,13.046666666666665,2019.05,13.093333333333334
금강,수온 (℃),2020.06,16.6,2019.06,16.173333333333332
금강,수온 (℃),2020.07,18.153333333333332,2019.07,19.42
금강,수온 (℃),2020.08,11.2,2019.08,21.5
금강,수온 (℃),2020.09,19.073333333333334,2019.09,19.086666666666666
금강,수온 (℃),2020.10,17.68,2019.10,10.82
금강,수온 (℃),2020.11,11.84,2019.11,9.273333333333333
금강,수온 (℃),2020.12,7.36,2019.12,8.446666666666667
금강,수은 Hg (㎎/ℓ),2020.01,0.0,2019.01,0.0
금강,수은 Hg (㎎/ℓ),2020.02,0.0,2019.02,0.0
금강,수은 Hg (㎎/ℓ),2020.03,0.0,2019.03,0.0
금강,수은 Hg (㎎/ℓ),2020.04,0.0,2019.04,0.0
금강,수은 Hg (㎎/ℓ),2020.05,0.0,2019.05,0.0
금강,수은 Hg (㎎/ℓ),2020.06,0.0,2019.06,0.0
금강,수은 Hg (㎎/ℓ),2020.07,0.0,2019.07,0.0
금강,수은 Hg (㎎/ℓ),2020.08,0.0,2019.08,0.0
금강,수은 Hg (㎎/ℓ),2020.09,0.0,2019.09,0.0
금강,수은 Hg (㎎/ℓ),2020.10,0.0,2019.10,0.0
금강,수은 Hg (㎎/ℓ),2020.11,0.0,2019.11,0.0
금강,수은 Hg (㎎/ℓ),2020.12,1.0179999999999999e-05,2019.12,0.0
금강,시안 CN (㎎/ℓ),2020.01,0.0,2019.01,0.0
금강,시안 CN (㎎/ℓ),2020.02,0.0,2019.02,0.0
금강,시안 CN (㎎/ℓ),2020.03,0.0,2019.03,0.0
금강,시안 CN (㎎/ℓ),2020.04,0.0,2019.04,0.0
금강,시안 CN (㎎/ℓ),2020.05,0.0,2019.05,0.0
금강,시안 CN (㎎/ℓ),2020.06,0.0,2019.06,0.0
금강,시안 CN (㎎/ℓ),2020.07,0.0,2019.07,0.0
금강,시안 CN (㎎/ℓ),2020.08,0.0,2019.08,0.0
금강,시안 CN (㎎/ℓ),2020.09,0.0,2019.09,0.0
금강,시안 CN (㎎/ℓ),2020.10,0.0,2019.10,0.0
금강,시안 CN (㎎/ℓ),2020.11,0.0,2019.11,0.0
금강,시안 CN (㎎/ℓ),2020.12,0.0,2019.12,0.0
금강,용존산소 DO (㎎/ℓ),2020.01,11.386666666666667,2019.01,10.646666666666667
금강,용존산소 DO (㎎/ℓ),2020.02,12.166666666666666,2019.02,9.826666666666666
금강,용존산소 DO (㎎/ℓ),2020.03,12.093333333333334,2019.03,12.666666666666666
금강,용존산소 DO (㎎/ℓ),2020.04,10.92,2019.04,11.646666666666667
금강,용존산소 DO (㎎/ℓ),2020.05,9.386666666666667,2019.05,10.34
금강,용존산소 DO (㎎/ℓ),2020.06,7.7733333333333325,2019.06,9.686666666666667
금강,용존산소 DO (㎎/ℓ),2020.07,7.5600000000000005,2019.07,8.360000000000001
금강,용존산소 DO (㎎/ℓ),2020.08,9.073333333333332,2019.08,6.96
금강,용존산소 DO (㎎/ℓ),2020.09,7.6066666666666665,2019.09,7.6066666666666665
금강,용존산소 DO (㎎/ℓ),2020.10,7.9,2019.10,4.746666666666667
금강,용존산소 DO (㎎/ℓ),2020.11,7.586666666666667,2019.11,5.326666666666667
금강,용존산소 DO (㎎/ℓ),2020.12,8.926666666666668,2019.12,9.126666666666667
금강,카드뮴 Cd (㎎/ℓ),2020.01,0.0,2019.01,0.0
금강,카드뮴 Cd (㎎/ℓ),2020.02,0.0,2019.02,0.0
금강,카드뮴 Cd (㎎/ℓ),2020.03,0.0,2019.03,0.0
금강,카드뮴 Cd (㎎/ℓ),2020.04,0.0,2019.04,0.0
금강,카드뮴 Cd (㎎/ℓ),2020.05,0.0,2019.05,0.0
금강,카드뮴 Cd (㎎/ℓ),2020.06,0.0,2019.06,0.0
금강,카드뮴 Cd (㎎/ℓ),2020.07,0.0,2019.07,0.0
금강,카드뮴 Cd (㎎/ℓ),2020.08,0.0,2019.08,0.0
금강,카드뮴 Cd (㎎/ℓ),2020.09,0.0,2019.09,0.0
금강,카드뮴 Cd (㎎/ℓ),2020.10,0.0,2019.10,0.0
금강,카드뮴 Cd (㎎/ℓ),2020.11,0.0,2019.11,0.0
금강,카드뮴 Cd (㎎/ℓ),2020.12,0.0,2019.12,0.0
기타,6가크롬 Cr6+ (㎎/ℓ),2020.01,0.0,2019.01,0.0
기타,6가크롬 Cr6+ (㎎/ℓ),2020.02,0.0,2019.02,0.0
기타,6가크롬 Cr6+ (㎎/ℓ),2020.03,0.0,2019.03,0.0
기타,6가크롬 Cr6+ (㎎/ℓ),2020.04,0.0,2019.04,0.0
기타,6가크롬 Cr6+ (㎎/ℓ),2020.05,0.0,2019.05,0.0
기타,6가크롬 Cr6+ (㎎/ℓ),2020.06,0.0,2019.06,0.0
기타,6가크롬 Cr6+ (㎎/ℓ),2020.07,0.0,2019.07,0.0
기타,6가크롬 Cr6+ (㎎/ℓ),2020.08,0.0,2019.08,0.0
기타,6가크롬 Cr6+ (㎎/ℓ),2020.09,0.0,2019.09,0.0
기타,6가크롬 Cr6+ (㎎/ℓ),2020.10,0.0,2019.10,0.0
기타,6가크롬 Cr6+ (㎎/ℓ),2020.11,0.0,2019.11,0.0
기타,6가크롬 Cr6+ (㎎/ℓ),2020.12,0.0,2019.12,0.0
기타,납 Pb (㎎/ℓ),2020.01,0.0,2019.01,0.0
기타,납 Pb (㎎/ℓ),2020.02,0.0,2019.02,0.0
기타,납 Pb (㎎/ℓ),2020.03,0.0007334693877551021,2019.03,0.0005926530612244898
기타,납 Pb (㎎/ℓ),2020.04,0.0,2019.04,0.00029183673469387753
기타,납 Pb (㎎/ℓ),2020.05,0.0,2019.05,0.0
기타,납 Pb (㎎/ℓ),2020.06,9.510204081632653e-05,2019.06,6.73469387755102e-06
기타,납 Pb (㎎/ℓ),2020.07,0.0,2019.07,0.0
기타,납 Pb (㎎/ℓ),2020.08,0.0,2019.08,0.0
기타,납 Pb (㎎/ℓ),2020.09,0.0,2019.09,9.877551020408165e-05
기타,납 Pb (㎎/ℓ),2020.10,0.0,2019.10,0.0
기타,납 Pb (㎎/ℓ),2020.11,0.0,2019.11,0.0
기타,납 Pb (㎎/ℓ),2020.12,0.0,2019.12,0.0007065306122448979
기타,비소 As (㎎/ℓ),2020.01,0.0,2019.01,0.0
기타,비소 As (㎎/ℓ),2020.02,0.0,2019.02,0.0
기타,비소 As (㎎/ℓ),2020.03,0.0014644897959183675,2019.03,0.0011342857142857142
기타,비소 As (㎎/ℓ),2020.04,0.0,2019.04,0.00029714285714285715
기타,비소 As (㎎/ℓ),2020.05,0.0,2019.05,0.0
기타,비소 As (㎎/ℓ),2020.06,0.0018787755102040817,2019.06,0.0024546938775510205
기타,비소 As (㎎/ℓ),2020.07,0.0,2019.07,0.0
기타,비소 As (㎎/ℓ),2020.08,0.0,2019.08,0.0
기타,비소 As (㎎/ℓ),2020.09,0.0009944897959183673,2019.09,0.001113877551020408
기타,비소 As (㎎/ℓ),2020.10,0.0,2019.10,0.0
기타,비소 As (㎎/ℓ),2020.11,0.0,2019.11,0.0
기타,비소 As (㎎/ℓ),2020.12,0.0021112244897959183,2019.12,0.0017653061224489795
기타,생물화학적산소요구량 BOD (㎎/ℓ),2020.01,1.7408163265306122,2019.01,1.269387755102041
기타,생물화학적산소요구량 BOD (㎎/ℓ),2020.02,2.4469387755102043,2019.02,3.410204081632653
기타,생물화학적산소요구량 BOD (㎎/ℓ),2020.03,3.089795918367347,2019.03,3.520408163265306
기타,생물화학적산소요구량 BOD (㎎/ℓ),2020.04,3.440816326530612,2019.04,3.4346938775510205
기타,생물화학적산소요구량 BOD (㎎/ℓ),2020.05,3.6408163265306124,2019.05,3.3755102040816327
기타,생물화학적산소요구량 BOD (㎎/ℓ),2020.06,3.26734693877551,2019.06,3.7816326530612248
기타,생물화학적산소요구량 BOD (㎎/ℓ),2020.07,3.246938775510204,2019.07,3.4877551020408166
기타,생물화학적산소요구량 BOD (㎎/ℓ),2020.08,1.8285714285714285,2019.08,3.8816326530612244
기타,생물화학적산소요구량 BOD (㎎/ℓ),2020.09,2.4306122448979592,2019.09,3.477551020408163
기타,생물화학적산소요구량 BOD (㎎/ℓ),2020.10,2.475510204081633,2019.10,1.9040816326530612
기타,생물화학적산소요구량 BOD (㎎/ℓ),2020.11,2.3448979591836734,2019.11,1.9673469387755103
기타,생물화학적산소요구량 BOD (㎎/ℓ),2020.12,1.963265306122449,2019.12,2.179591836734694
기타,수온 (℃),2020.01,4.13265306122449,2019.01,2.2979591836734694
기타,수온 (℃),2020.02,5.251020408163265,2019.02,4.2877551020408164
기타,수온 (℃),2020.03,9.016326530612245,2019.03,8.66326530612245
기타,수온 (℃),2020.04,12.938775510204081,2019.04,12.8
기타,수온 (℃),2020.05,18.822448979591837,2019.05,16.616326530612245
기타,수온 (℃),2020.06,22.175510204081633,2019.06,22.710204081632654
기타,수온 (℃),2020.07,24.014285714285716,2019.07,24.702040816326534
기타,수온 (℃),2020.08,19.40612244897959,2019.08,26.614285714285714
기타,수온 (℃),2020.09,22.86530612244898,2019.09,24.03673469387755
기타,수온 (℃),2020.10,18.079591836734693,2019.10,16.293877551020408
기타,수온 (℃),2020.11,12.528571428571428,2019.11,10.875510204081632
기타,수온 (℃),2020.12,6.126530612244898,2019.12,7.285714285714286
기타,수은 Hg (㎎/ℓ),2020.01,0.0,2019.01,0.0
기타,수은 Hg (㎎/ℓ),2020.02,0.0,2019.02,0.0
기타,수은 Hg (㎎/ℓ),2020.03,0.0,2019.03,0.0
기타,수은 Hg (㎎/ℓ),2020.04,0.0,2019.04,0.0
기타,수은 Hg (㎎/ℓ),2020.05,0.0,2019.05,0.0
기타,수은 Hg (㎎/ℓ),2020.06,0.0,2019.06,0.0
기타,수은 Hg (㎎/ℓ),2020.07,0.0,2019.07,0.0
기타,수은 Hg (㎎/ℓ),2020.08,4.285714285714285e-08,2019.08,0.0
기타,수은 Hg (㎎/ℓ),2020.09,0.0,2019.09,0.0
기타,수은 Hg (㎎/ℓ),2020.10,0.0,2019.10,0.0
기타,수은 Hg (㎎/ℓ),2020.11,0.0,2019.11,0.0
기타,수은 Hg (㎎/ℓ),2020.12,1.6857142857142858e-06,2019.12,0.0
기타,시안 CN (㎎/ℓ),2020.01,0.0,2019.01,0.0
기타,시안 CN (㎎/ℓ),2020.02,0.0,2019.02,0.0
기타,시안 CN (㎎/ℓ),2020.03,0.0,2019.03,0.0
기타,시안 CN (㎎/ℓ),2020.04,0.0,2019.04,0.0
기타,시안 CN (㎎/ℓ),2020.05,0.0,2019.05,0.0
기타,시안 CN (㎎/ℓ),2020.06,0.0,2019.06,0.0
기타,시안 CN (㎎/ℓ),2020.07,0.0,2019.07,0.0
기타,시안 CN (㎎/ℓ),2020.08,0.0,2019.08,0.0
기타,시안 CN (㎎/ℓ),2020.09,0.0,2019.09,0.0
기타,시안 CN (㎎/ℓ),2020.10,0.0,2019.10,0.0
기타,시안 CN (㎎/ℓ),2020.11,0.0,2019.11,0.0
기타,시안 CN (㎎/ℓ),2020.12,0.0,2019.12,0.0
기타,용존산소 DO (㎎/ℓ),2020.01,10.587755102040816,2019.01,6.391836734693877
기타,용존산소 DO (㎎/ℓ),2020.02,11.704081632653061,2019.02,10.263265306122449
기타,용존산소 DO (㎎/ℓ),2020.03,12.73469387755102,2019.03,11.66326530612245
기타,용존산소 DO (㎎/ℓ),2020.04,10.69795918367347,2019.04,11.534693877551021
기타,용존산소 DO (㎎/ℓ),2020.05,10.124489795918368,2019.05,9.991836734693878
기타,용존산소 DO (㎎/ℓ),2020.06,8.755102040816327,2019.06,9.081632653061224
기타,용존산소 DO (㎎/ℓ),2020.07,9.46938775510204,2019.07,9.142857142857142
기타,용존산소 DO (㎎/ℓ),2020.08,7.577551020408164,2019.08,9.289795918367346
기타,용존산소 DO (㎎/ℓ),2020.09,8.63469387755102,2019.09,8.995918367346938
기타,용존산소 DO (㎎/ℓ),2020.10,9.006122448979593,2019.10,7.291836734693878
기타,용존산소 DO (㎎/ℓ),2020.11,10.1,2019.11,7.651020408163265
기타,용존산소 DO (㎎/ℓ),2020.12,9.83469387755102,2019.12,11.146938775510206
기타,카드뮴 Cd (㎎/ℓ),2020.01,0.0,2019.01,0.0
기타,카드뮴 Cd (㎎/ℓ),2020.02,0.0,2019.02,0.0
기타,카드뮴 Cd (㎎/ℓ),2020.03,0.00011673469387755102,2019.03,6.388888888888888e-05
기타,카드뮴 Cd (㎎/ℓ),2020.04,0.0,2019.04,0.0010233333333333333
기타,카드뮴 Cd (㎎/ℓ),2020.05,0.0,2019.05,0.0
기타,카드뮴 Cd (㎎/ℓ),2020.06,4.4897959183673474e-05,2019.06,5.694444444444445e-05
기타,카드뮴 Cd (㎎/ℓ),2020.07,0.0,2019.07,0.0
기타,카드뮴 Cd (㎎/ℓ),2020.08,0.0,2019.08,0.0
기타,카드뮴 Cd (㎎/ℓ),2020.09,5.2040816326530614e-05,2019.09,0.00023249999999999996
기타,카드뮴 Cd (㎎/ℓ),2020.10,0.0,2019.10,0.0
기타,카드뮴 Cd (㎎/ℓ),2020.11,0.0,2019.11,0.0
기타,카드뮴 Cd (㎎/ℓ),2020.12,7.142857142857143e-05,2019.12,0.0008091666666666667
낙동강,6가크롬 Cr6+ (㎎/ℓ),2020.01,0.0,2019.01,0.0
낙동강,6가크롬 Cr6+ (㎎/ℓ),2020.02,0.0,2019.02,0.0
낙동강,6가크롬 Cr6+ (㎎/ℓ),2020.03,0.0,2019.03,0.0
낙동강,6가크롬 Cr6+ (㎎/ℓ),2020.04,0.0,2019.04,0.0
낙동강,6가크롬 Cr6+ (㎎/ℓ),2020.05,0.0,2019.05,0.0
낙동강,6가크롬 Cr6+ (㎎/ℓ),2020.06,0.0,2019.06,0.0
낙동강,6가크롬 Cr6+ (㎎/ℓ),2020.07,0.0,2019.07,0.0
낙동강,6가크롬 Cr6+ (㎎/ℓ),2020.08,0.0,2019.08,0.0
낙동강,6가크롬 Cr6+ (㎎/ℓ),2020.09,0.0,2019.09,0.00034782608695652176
낙동강,6가크롬 Cr6+ (㎎/ℓ),2020.10,0.0,2019.10,0.0
낙동강,6가크롬 Cr6+ (㎎/ℓ),2020.11,0.0,2019.11,0.0
낙동강,6가크롬 Cr6+ (㎎/ℓ),2020.12,0.0,2019.12,0.0
낙동강,납 Pb (㎎/ℓ),2020.01,0.0,2019.01,0.0
낙동강,납 Pb (㎎/ℓ),2020.02,0.0,2019.02,0.0
낙동강,납 Pb (㎎/ℓ),2020.03,0.0006633333333333334,2019.03,0.0
낙동강,납 Pb (㎎/ℓ),2020.04,0.0,2019.04,0.0
낙동강,납 Pb (㎎/ℓ),2020.05,0.0,2019.05,0.0
낙동강,납 Pb (㎎/ℓ),2020.06,0.0002686666666666667,2019.06,0.00010086956521739131
낙동강,납 Pb (㎎/ℓ),2020.07,0.0,2019.07,0.0
낙동강,납 Pb (㎎/ℓ),2020.08,0.0,2019.08,0.0
낙동강,납 Pb (㎎/ℓ),2020.09,0.000176,2019.09,0.0002265217391304348
낙동강,납 Pb (㎎/ℓ),2020.10,0.0,2019.10,0.0
낙동강,납 Pb (㎎/ℓ),2020.11,0.0,2019.11,0.0
낙동강,납 Pb (㎎/ℓ),2020.12,4.6666666666666665e-05,2019.12,0.00029478260869565215
낙동강,비소 As (㎎/ℓ),2020.01,0.0,2019.01,0.0
낙동강,비소 As (㎎/ℓ),2020.02,0.0,2019.02,0.0
낙동강,비소 As (㎎/ℓ),2020.03,0.0,2019.03,0.0
낙동강,비소 As (㎎/ℓ),2020.04,0.0,2019.04,0.0
낙동강,비소 As (㎎/ℓ),2020.05,0.0,2019.05,0.0
낙동강,비소 As (㎎/ℓ),2020.06,0.0,2019.06,0.0
낙동강,비소 As (㎎/ℓ),2020.07,0.0,2019.07,0.0
낙동강,비소 As (㎎/ℓ),2020.08,0.0,2019.08,0.0
낙동강,비소 As (㎎/ℓ),2020.09,0.0,2019.09,0.0
낙동강,비소 As (㎎/ℓ),2020.10,0.0,2019.10,0.0
낙동강,비소 As (㎎/ℓ),2020.11,0.0,2019.11,0.0
낙동강,비소 As (㎎/ℓ),2020.12,0.0,2019.12,0.0
낙동강,생물화학적산소요구량 BOD (㎎/ℓ),2020.01,1.2166666666666666,2019.01,1.3608695652173914
낙동강,생물화학적산소요구량 BOD (㎎/ℓ),2020.02,1.3533333333333333,2019.02,1.2913043478260868
낙동강,생물화학적산소요구량 BOD (㎎/ℓ),2020.03,1.3466666666666667,2019.03,1.5
낙동강,생물화학적산소요구량 BOD (㎎/ℓ),2020.04,1.1900000000000002,2019.04,1.4304347826086956
낙동강,생물화학적산소요구량 BOD (㎎/ℓ),2020.05,1.24,2019.05,1.6565217391304348
낙동강,생물화학적산소요구량 BOD (㎎/ℓ),2020.06,1.3233333333333335,2019.06,1.3695652173913044
낙동강,생물화학적산소요구량 BOD (㎎/ℓ),2020.07,1.3166666666666667,2019.07,1.3869565217391304
낙동강,생물화학적산소요구량 BOD (㎎/ℓ),2020.08,1.9566666666666668,2019.08,1.5782608695652172
낙동강,생물화학적산소요구량 BOD (㎎/ℓ),2020.09,1.46,2019.09,1.7
낙동강,생물화학적산소요구량 BOD (㎎/ℓ),2020.10,1.7166666666666666,2019.10,1.5999999999999999
낙동강,생물화학적산소요구량 BOD (㎎/ℓ),2020.11,1.3633333333333333,2019.11,1.517391304347826
낙동강,생물화학적산소요구량 BOD (㎎/ℓ),2020.12,1.27,2019.12,1.465217391304348
낙동강,수온 (℃),2020.01,6.533333333333333,2019.01,5.860869565217392
낙동강,수온 (℃),2020.02,5.943333333333333,2019.02,5.039130434782609
낙동강,수온 (℃),2020.03,7.803333333333333,2019.03,7.039130434782609
낙동강,수온 (℃),2020.04,9.979999999999999,2019.04,9.482608695652173
낙동강,수온 (℃),2020.05,13.69,2019.05,13.41304347826087
낙동강,수온 (℃),2020.06,16.666666666666668,2019.06,16.104347826086954
낙동강,수온 (℃),2020.07,17.233333333333334,2019.07,17.882608695652173
낙동강,수온 (℃),2020.08,19.006666666666668,2019.08,21.034782608695654
낙동강,수온 (℃),2020.09,19.08,2019.09,20.3
낙동강,수온 (℃),2020.10,17.933333333333334,2019.10,17.06086956521739
낙동강,수온 (℃),2020.11,14.780000000000001,2019.11,15.286956521739132
낙동강,수온 (℃),2020.12,10.416666666666666,2019.12,10.695652173913043
낙동강,수은 Hg (㎎/ℓ),2020.01,0.0,2019.01,0.0
낙동강,수은 Hg (㎎/ℓ),2020.02,0.0,2019.02,0.0
낙동강,수은 Hg (㎎/ℓ),2020.03,0.0,2019.03,0.0
낙동강,수은 Hg (㎎/ℓ),2020.04,0.0,2019.04,0.0
낙동강,수은 Hg (㎎/ℓ),2020.05,0.0,2019.05,0.0
낙동강,수은 Hg (㎎/ℓ),2020.06,0.0,2019.06,0.0
낙동강,수은 Hg (㎎/ℓ),2020.07,0.0,2019.07,0.0
낙동강,수은 Hg (㎎/ℓ),2020.08,0.0,2019.08,0.0
낙동강,수은 Hg (㎎/ℓ),2020.09,0.0,2019.09,0.0
낙동강,수은 Hg (㎎/ℓ),2020.10,0.0,2019.10,0.0
낙동강,수은 Hg (㎎/ℓ),2020.11,0.0,2019.11,0.0
낙동강,수은 Hg (㎎/ℓ),2020.12,0.0,2019.12,0.0
낙동강,시안 CN (㎎/ℓ),2020.01,0.0,2019.01,0.0
낙동강,시안 CN (㎎/ℓ),2020.02,0.0,2019.02,0.0
낙동강,시안 CN (㎎/ℓ),2020.03,0.0,2019.03,0.0
낙동강,시안 CN (㎎/ℓ),2020.04,0.0,2019.04,0.0
낙동강,시안 CN (㎎/ℓ),2020.05,0.0,2019.05,0.0
낙동강,시안 CN (㎎/ℓ),2020.06,0.0,2019.06,0.0
낙동강,시안 CN (㎎/ℓ),2020.07,0.0,2019.07,0.0
낙동강,시안 CN (㎎/ℓ),2020.08,0.0,2019.08,0.0
낙동강,시안 CN (㎎/ℓ),2020.09,0.0,2019.09,0.0
낙동강,시안 CN (㎎/ℓ),2020.10,0.0,2019.10,0.0
낙동강,시안 CN (㎎/ℓ),2020.11,0.0,2019.11,0.0
낙동강,시안 CN (㎎/ℓ),2020.12,0.0,2019.12,0.0
낙동강,용존산소 DO (㎎/ℓ),2020.01,10.113333333333333,2019.01,11.18695652173913
낙동강,용존산소 DO (㎎/ℓ),2020.02,11.42,2019.02,11.743478260869566
낙동강,용존산소 DO (㎎/ℓ),2020.03,11.083333333333334,2019.03,11.369565217391305
낙동강,용존산소 DO (㎎/ℓ),2020.04,10.496666666666666,2019.04,10.852173913043478
낙동강,용존산소 DO (㎎/ℓ),2020.05,9.116666666666667,2019.05,9.626086956521739
낙동강,용존산소 DO (㎎/ℓ),2020.06,7.8100000000000005,2019.06,8.717391304347826
낙동강,용존산소 DO (㎎/ℓ),2020.07,6.87,2019.07,7.717391304347826
낙동강,용존산소 DO (㎎/ℓ),2020.08,8.37,2019.08,7.739130434782608
낙동강,용존산소 DO (㎎/ℓ),2020.09,6.673333333333333,2019.09,7.078260869565218
낙동강,용존산소 DO (㎎/ℓ),2020.10,7.2266666666666675,2019.10,7.221739130434782
낙동강,용존산소 DO (㎎/ℓ),2020.11,8.013333333333334,2019.11,7.304347826086956
낙동강,용존산소 DO (㎎/ℓ),2020.12,9.07,2019.12,8.582608695652175
낙동강,카드뮴 Cd (㎎/ℓ),2020.01,0.0,2019.01,0.0
낙동강,카드뮴 Cd (㎎/ℓ),2020.02,0.0,2019.02,0.0
낙동강,카드뮴 Cd (㎎/ℓ),2020.03,0.0,2019.03,0.0
낙동강,카드뮴 Cd (㎎/ℓ),2020.04,0.0,2019.04,0.0
낙동강,카드뮴 Cd (㎎/ℓ),2020.05,0.0,2019.05,0.0
낙동강,카드뮴 Cd (㎎/ℓ),2020.06,0.0,2019.06,0.0
낙동강,카드뮴 Cd (㎎/ℓ),2020.07,0.0,2019.07,0.0
낙동강,카드뮴 Cd (㎎/ℓ),2020.08,0.0,2019.08,0.0
낙동강,카드뮴 Cd (㎎/ℓ),2020.09,0.0,2019.09,0.0
낙동강,카드뮴 Cd (㎎/ℓ),2020.10,0.0,2019.10,0.0
낙동강,카드뮴 Cd (㎎/ℓ),2020.11,0.0,2019.11,0.0
낙동강,카드뮴 Cd (㎎/ℓ),2020.12,0.0,2019.12,0.0
만경강,6가크롬 Cr6+ (㎎/ℓ),2020.01,0.0,2019.01,0.0
만경강,6가크롬 Cr6+ (㎎/ℓ),2020.02,0.0,2019.02,0.0
만경강,6가크롬 Cr6+ (㎎/ℓ),2020.03,0.0,2019.03,0.0
만경강,6가크롬 Cr6+ (㎎/ℓ),2020.04,0.0,2019.04,0.0
만경강,6가크롬 Cr6+ (㎎/ℓ),2020.05,0.0,2019.05,0.0
만경강,6가크롬 Cr6+ (㎎/ℓ),2020.06,0.0,2019.06,0.0
만경강,6가크롬 Cr6+ (㎎/ℓ),2020.07,0.0,2019.07,0.0
만경강,6가크롬 Cr6+ (㎎/ℓ),2020.08,0.0,2019.08,0.0
만경강,6가크롬 Cr6+ (㎎/ℓ),2020.09,0.0,2019.09,0.0
만경강,6가크롬 Cr6+ (㎎/ℓ),2020.10,0.0,2019.10,0.0
만경강,6가크롬 Cr6+ (㎎/ℓ),2020.11,0.0,2019.11,0.0
만경강,6가크롬 Cr6+ (㎎/ℓ),2020.12,0.0,2019.12,0.0
만경강,납 Pb (㎎/ℓ),2020.01,0.0,2019.01,0.0
만경강,납 Pb (㎎/ℓ),2020.02,0.0,2019.02,0.0
만경강,납 Pb (㎎/ℓ),2020.03,0.0,2019.03,0.0
만경강,납 Pb (㎎/ℓ),2020.04,0.0,2019.04,0.0
만경강,납 Pb (㎎/ℓ),2020.05,0.0,2019.05,0.0
만경강,납 Pb (㎎/ℓ),2020.06,0.0,2019.06,0.0
만경강,납 Pb (㎎/ℓ),2020.07,0.0,2019.07,0.0
만경강,납 Pb (㎎/ℓ),2020.08,1e-05,2019.08,0.0
만경강,납 Pb (㎎/ℓ),2020.09,0.0,2019.09,0.0
만경강,납 Pb (㎎/ℓ),2020.10,0.0,2019.10,0.0
만경강,납 Pb (㎎/ℓ),2020.11,0.0,2019.11,0.0
만경강,납 Pb (㎎/ℓ),2020.12,0.0,2019.12,0.0
만경강,비소 As (㎎/ℓ),2020.01,0.0,2019.01,0.0
만경강,비소 As (㎎/ℓ),2020.02,0.0,2019.02,0.0
만경강,비소 As (㎎/ℓ),2020.03,0.0,2019.03,0.0
만경강,비소 As (㎎/ℓ),2020.04,0.0,2019.04,0.0
만경강,비소 As (㎎/ℓ),2020.05,0.0,2019.05,0.0
만경강,비소 As (㎎/ℓ),2020.06,0.0,2019.06,0.0
만경강,비소 As (㎎/ℓ),2020.07,0.0,2019.07,0.0
만경강,비소 As (㎎/ℓ),2020.08,0.000144,2019.08,0.0
만경강,비소 As (㎎/ℓ),2020.09,0.0,2019.09,0.0
만경강,비소 As (㎎/ℓ),2020.10,0.0,2019.10,0.0
만경강,비소 As (㎎/ℓ),2020.11,0.0,2019.11,0.0
만경강,비소 As (㎎/ℓ),2020.12,0.0,2019.12,0.0
만경강,생물화학적산소요구량 BOD (㎎/ℓ),2020.01,0.26,2019.01,0.32
만경강,생물화학적산소요구량 BOD (㎎/ℓ),2020.02,0.7,2019.02,0.82
만경강,생물화학적산소요구량 BOD (㎎/ℓ),2020.03,0.52,2019.03,0.64
만경강,생물화학적산소요구량 BOD (㎎/ℓ),2020.04,0.44000000000000006,2019.04,0.7
만경강,생물화학적산소요구량 BOD (㎎/ℓ),2020.05,0.42000000000000004,2019.05,0.8800000000000001
만경강,생물화학적산소요구량 BOD (㎎/ℓ),2020.06,0.24000000000000005,2019.06,0.45999999999999996
만경강,생물화학적산소요구량 BOD (㎎/ℓ),2020.07,0.54,2019.07,0.32
만경강,생물화학적산소요구량 BOD (㎎/ℓ),2020.08,2.58,2019.08,0.9800000000000001
만경강,생물화학적산소요구량 BOD (㎎/ℓ),2020.09,0.86,2019.09,0.76
만경강,생물화학적산소요구량 BOD (㎎/ℓ),2020.10,0.5,2019.10,1.54
만경강,생물화학적산소요구량 BOD (㎎/ℓ),2020.11,0.38,2019.11,0.58
만경강,생물화학적산소요구량 BOD (㎎/ℓ),2020.12,0.24,2019.12,0.4
만경강,수온 (℃),2020.01,5.64,2019.01,5.68
만경강,수온 (℃),2020.02,5.779999999999999,2019.02,4.5
만경강,수온 (℃),2020.03,7.06,2019.03,7.68
만경강,수온 (℃),2020.04,9.3,2019.04,8.66
만경강,수온 (℃),2020.05,13.7,2019.05,14.540000000000001
만경강,수온 (℃),2020.06,16.119999999999997,2019.06,17.94
만경강,수온 (℃),2020.07,19.740000000000002,2019.07,19.06
만경강,수온 (℃),2020.08,20.2,2019.08,20.880000000000003
만경강,수온 (℃),2020.09,19.759999999999998,2019.09,17.419999999999998
만경강,수온 (℃),2020.10,15.559999999999999,2019.10,16.96
만경강,수온 (℃),2020.11,12.22,2019.11,12.34
만경강,수온 (℃),2020.12,8.34,2019.12,8.16
만경강,수은 Hg (㎎/ℓ),2020.01,0.0,2019.01,0.0
만경강,수은 Hg (㎎/ℓ),2020.02,0.0,2019.02,0.0
만경강,수은 Hg (㎎/ℓ),2020.03,0.0,2019.03,0.0
만경강,수은 Hg (㎎/ℓ),2020.04,0.0,2019.04,0.0
만경강,수은 Hg (㎎/ℓ),2020.05,0.0,2019.05,0.0
만경강,수은 Hg (㎎/ℓ),2020.06,0.0,2019.06,0.0
만경강,수은 Hg (㎎/ℓ),2020.07,0.0,2019.07,0.0
만경강,수은 Hg (㎎/ℓ),2020.08,0.0,2019.08,0.0
만경강,수은 Hg (㎎/ℓ),2020.09,0.0,2019.09,0.0
만경강,수은 Hg (㎎/ℓ),2020.10,0.0,2019.10,0.0
만경강,수은 Hg (㎎/ℓ),2020.11,0.0,2019.11,0.0
만경강,수은 Hg (㎎/ℓ),2020.12,0.0,2019.12,0.0
만경강,시안 CN (㎎/ℓ),2020.01,0.0,2019.01,0.0
만경강,시안 CN (㎎/ℓ),2020.02,0.0,2019.02,0.0
만경강,시안 CN (㎎/ℓ),2020.03,0.0,2019.03,0.0
만경강,시안 CN (㎎/ℓ),2020.04,0.0,2019.04,0.0
만경강,시안 CN (㎎/ℓ),2020.05,0.0,2019.05,0.0
만경강,시안 CN (㎎/ℓ),2020.06,0.0,2019.06,0.0
만경강,시안 CN (㎎/ℓ),2020.07,0.0,2019.07,0.0
만경강,시안 CN (㎎/ℓ),2020.08,0.0,2019.08,0.0
만경강,시안 CN (㎎/ℓ),2020.09,0.0,2019.09,0.0
만경강,시안 CN (㎎/ℓ),2020.10,0.0,2019.10,0.0
만경강,시안 CN (㎎/ℓ),2020.11,0.0,2019.11,0.0
만경강,시안 CN (㎎/ℓ),2020.12,0.0,2019.12,0.0
만경강,용존산소 DO (㎎/ℓ),2020.01,11.7,2019.01,11.940000000000001
만경강,용존산소 DO (㎎/ℓ),2020.02,12.28,2019.02,12.88
만경강,용존산소 DO (㎎/ℓ),2020.03,12.040000000000001,2019.03,12.02
만경강,용존산소 DO (㎎/ℓ),2020.04,11.2,2019.04,11.32
만경강,용존산소 DO (㎎/ℓ),2020.05,9.94,2019.05,10.7
만경강,용존산소 DO (㎎/ℓ),2020.06,9.379999999999999,2019.06,9.4
만경강,용존산소 DO (㎎/ℓ),2020.07,8.1,2019.07,8.940000000000001
만경강,용존산소 DO (㎎/ℓ),2020.08,7.74,2019.08,7.74
만경강,용존산소 DO (㎎/ℓ),2020.09,7.780000000000001,2019.09,8.3
만경강,용존산소 DO (㎎/ℓ),2020.10,8.3,2019.10,8.4
만경강,용존산소 DO (㎎/ℓ),2020.11,8.879999999999999,2019.11,8.16
만경강,용존산소 DO (㎎/ℓ),2020.12,9.22,2019.12,10.959999999999999
만경강,카드뮴 Cd (㎎/ℓ),2020.01,0.0,2019.01,0.0
만경강,카드뮴 Cd (㎎/ℓ),2020.02,0.0,2019.02,0.0
만경강,카드뮴 Cd (㎎/ℓ),2020.03,0.0,2019.03,0.0
만경강,카드뮴 Cd (㎎/ℓ),2020.04,0.0,2019.04,0.0
만경강,카드뮴 Cd (㎎/ℓ),2020.05,0.0,2019.05,0.0
만경강,카드뮴 Cd (㎎/ℓ),2020.06,0.0,2019.06,0.0
만경강,카드뮴 Cd (㎎/ℓ),2020.07,0.0,2019.07,0.0
만경강,카드뮴 Cd (㎎/ℓ),2020.08,2.0000000000000003e-06,2019.08,0.0
만경강,카드뮴 Cd (㎎/ℓ),2020.09,0.0,2019.09,0.0
만경강,카드뮴 Cd (㎎/ℓ),2020.10,0.0,2019.10,0.0
만경강,카드뮴 Cd (㎎/ℓ),2020.11,0.0,2019.11,0.0
만경강,카드뮴 Cd (㎎/ℓ),2020.12,0.0,2019.12,0.0
삽교천,6가크롬 Cr6+ (㎎/ℓ),2020.01,0.0,2019.01,0.0
삽교천,6가크롬 Cr6+ (㎎/ℓ),2020.02,0.0,2019.02,0.0
삽교천,6가크롬 Cr6+ (㎎/ℓ),2020.03,0.0,2019.03,0.0
삽교천,6가크롬 Cr6+ (㎎/ℓ),2020.04,0.0,2019.04,0.0
삽교천,6가크롬 Cr6+ (㎎/ℓ),2020.05,0.0,2019.05,0.0
삽교천,6가크롬 Cr6+ (㎎/ℓ),2020.06,0.0,2019.06,0.0
삽교천,6가크롬 Cr6+ (㎎/ℓ),2020.07,0.0,2019.07,0.0
삽교천,6가크롬 Cr6+ (㎎/ℓ),2020.08,0.0,2019.08,0.0
삽교천,6가크롬 Cr6+ (㎎/ℓ),2020.09,0.0,2019.09,0.0
삽교천,6가크롬 Cr6+ (㎎/ℓ),2020.10,0.0,2019.10,0.0
삽교천,6가크롬 Cr6+ (㎎/ℓ),2020.11,0.0,2019.11,0.0
삽교천,6가크롬 Cr6+ (㎎/ℓ),2020.12,0.0,2019.12,0.0
삽교천,납 Pb (㎎/ℓ),2020.01,0.0,2019.01,0.0
삽교천,납 Pb (㎎/ℓ),2020.02,0.0,2019.02,0.0
삽교천,납 Pb (㎎/ℓ),2020.03,0.0,2019.03,0.0
삽교천,납 Pb (㎎/ℓ),2020.04,0.0,2019.04,0.0
삽교천,납 Pb (㎎/ℓ),2020.05,0.0,2019.05,0.0
삽교천,납 Pb (㎎/ℓ),2020.06,0.0,2019.06,0.0
삽교천,납 Pb (㎎/ℓ),2020.07,0.0,2019.07,0.0
삽교천,납 Pb (㎎/ℓ),2020.08,0.0,2019.08,0.0
삽교천,납 Pb (㎎/ℓ),2020.09,0.0,2019.09,0.0
삽교천,납 Pb (㎎/ℓ),2020.10,0.0,2019.10,0.0
삽교천,납 Pb (㎎/ℓ),2020.11,0.0,2019.11,0.0
삽교천,납 Pb (㎎/ℓ),2020.12,0.0,2019.12,0.0
삽교천,비소 As (㎎/ℓ),2020.01,0.0,2019.01,0.0
삽교천,비소 As (㎎/ℓ),2020.02,0.0,2019.02,0.0
삽교천,비소 As (㎎/ℓ),2020.03,0.0,2019.03,0.0
삽교천,비소 As (㎎/ℓ),2020.04,0.0,2019.04,0.0
삽교천,비소 As (㎎/ℓ),2020.05,0.0,2019.05,0.0
삽교천,비소 As (㎎/ℓ),2020.06,0.0,2019.06,0.0
삽교천,비소 As (㎎/ℓ),2020.07,0.0,2019.07,0.0
삽교천,비소 As (㎎/ℓ),2020.08,0.0,2019.08,0.0
삽교천,비소 As (㎎/ℓ),2020.09,0.0,2019.09,0.0
삽교천,비소 As (㎎/ℓ),2020.10,0.0,2019.10,0.0
삽교천,비소 As (㎎/ℓ),2020.11,0.0,2019.11,0.0
삽교천,비소 As (㎎/ℓ),2020.12,0.0,2019.12,0.0
삽교천,생물화학적산소요구량 BOD (㎎/ℓ),2020.01,3.4,2019.01,0.0
삽교천,생물화학적산소요구량 BOD (㎎/ℓ),2020.02,3.016666666666667,2019.02,1.15
삽교천,생물화학적산소요구량 BOD (㎎/ℓ),2020.03,2.0166666666666666,2019.03,4.033333333333334
삽교천,생물화학적산소요구량 BOD (㎎/ℓ),2020.04,1.7333333333333334,2019.04,3.216666666666667
삽교천,생물화학적산소요구량 BOD (㎎/ℓ),2020.05,3.0,2019.05,4.766666666666667
삽교천,생물화학적산소요구량 BOD (㎎/ℓ),2020.06,4.033333333333333,2019.06,5.2
삽교천,생물화학적산소요구량 BOD (㎎/ℓ),2020.07,3.5,2019.07,8.083333333333334
삽교천,생물화학적산소요구량 BOD (㎎/ℓ),2020.08,2.716666666666667,2019.08,4.0
삽교천,생물화학적산소요구량 BOD (㎎/ℓ),2020.09,2.6833333333333336,2019.09,4.55
삽교천,생물화학적산소요구량 BOD (㎎/ℓ),2020.10,2.0833333333333335,2019.10,0.8833333333333333
삽교천,생물화학적산소요구량 BOD (㎎/ℓ),2020.11,2.4,2019.11,0.48333333333333334
삽교천,생물화학적산소요구량 BOD (㎎/ℓ),2020.12,1.8333333333333333,2019.12,2.6166666666666667
삽교천,수온 (℃),2020.01,3.233333333333333,2019.01,0.0
삽교천,수온 (℃),2020.02,1.5999999999999999,2019.02,1.25
삽교천,수온 (℃),2020.03,5.6000000000000005,2019.03,7.383333333333333
삽교천,수온 (℃),2020.04,10.9,2019.04,11.983333333333334
삽교천,수온 (℃),2020.05,18.7,2019.05,23.316666666666666
삽교천,수온 (℃),2020.06,23.71666666666667,2019.06,24.599999999999998
삽교천,수온 (℃),2020.07,22.983333333333334,2019.07,27.150000000000002
삽교천,수온 (℃),2020.08,22.95,2019.08,28.96666666666667
삽교천,수온 (℃),2020.09,25.733333333333334,2019.09,24.133333333333336
삽교천,수온 (℃),2020.10,17.416666666666668,2019.10,3.5666666666666664
삽교천,수온 (℃),2020.11,11.416666666666666,2019.11,1.1833333333333333
삽교천,수온 (℃),2020.12,4.533333333333333,2019.12,4.116666666666666
삽교천,수은 Hg (㎎/ℓ),2020.01,0.0,2019.01,0.0
삽교천,수은 Hg (㎎/ℓ),2020.02,0.0,2019.02,0.0
삽교천,수은 Hg (㎎/ℓ),2020.03,0.0,2019.03,0.0
삽교천,수은 Hg (㎎/ℓ),2020.04,0.0,2019.04,0.0
삽교천,수은 Hg (㎎/ℓ),2020.05,0.0,2019.05,0.0
삽교천,수은 Hg (㎎/ℓ),2020.06,0.0,2019.06,0.0
삽교천,수은 Hg (㎎/ℓ),2020.07,0.0,2019.07,0.0
삽교천,수은 Hg (㎎/ℓ),2020.08,0.0,2019.08,0.0
삽교천,수은 Hg (㎎/ℓ),2020.09,0.0,2019.09,0.0
삽교천,수은 Hg (㎎/ℓ),2020.10,0.0,2019.10,0.0
삽교천,수은 Hg (㎎/ℓ),2020.11,0.0,2019.11,0.0
삽교천,수은 Hg (㎎/ℓ),2020.12,0.0,2019.12,0.0
삽교천,시안 CN (㎎/ℓ),2020.01,0.0,2019.01,0.0
삽교천,시안 CN (㎎/ℓ),2020.02,0.0,2019.02,0.0
삽교천,시안 CN (㎎/ℓ),2020.03,0.0,2019.03,0.0
삽교천,시안 CN (㎎/ℓ),2020.04,0.0,2019.04,0.0
삽교천,시안 CN (㎎/ℓ),2020.05,0.0,2019.05,0.0
삽교천,시안 CN (㎎/ℓ),2020.06,0.0,2019.06,0.0
삽교천,시안 CN (㎎/ℓ),2020.07,0.0,2019.07,0.0
삽교천,시안 CN (㎎/ℓ),2020.08,0.0,2019.08,0.0
삽교천,시안 CN (㎎/ℓ),2020.09,0.0,2019.09,0.0
삽교천,시안 CN (㎎/ℓ),2020.10,0.0,2019.10,0.0
삽교천,시안 CN (㎎/ℓ),2020.11,0.0,2019.11,0.0
삽교천,시안 CN (㎎/ℓ),2020.12,0.0,2019.12,0.0
삽교천,용존산소 DO (㎎/ℓ),2020.01,16.833333333333332,2019.01,0.0
삽교천,용존산소 DO (㎎/ℓ),2020.02,14.133333333333333,2019.02,6.766666666666667
삽교천,용존산소 DO (㎎/ℓ),2020.03,13.216666666666667,2019.03,11.783333333333333
삽교천,용존산소 DO (㎎/ℓ),2020.04,11.116666666666667,2019.04,10.85
삽교천,용존산소 DO (㎎/ℓ),2020.05,10.083333333333334,2019.05,10.683333333333332
삽교천,용존산소 DO (㎎/ℓ),2020.06,9.933333333333334,2019.06,10.533333333333333
삽교천,용존산소 DO (㎎/ℓ),2020.07,10.0,2019.07,13.9
삽교천,용존산소 DO (㎎/ℓ),2020.08,9.183333333333334,2019.08,7.583333333333333
삽교천,용존산소 DO (㎎/ℓ),2020.09,9.75,2019.09,12.066666666666668
삽교천,용존산소 DO (㎎/ℓ),2020.10,10.416666666666666,2019.10,1.9000000000000001
삽교천,용존산소 DO (㎎/ℓ),2020.11,10.183333333333334,2019.11,2.15
삽교천,용존산소 DO (㎎/ℓ),2020.12,13.0,2019.12,14.85
삽교천,카드뮴 Cd (㎎/ℓ),2020.01,0.0,2019.01,0.0
삽교천,카드뮴 Cd (㎎/ℓ),2020.02,0.0,2019.02,0.0
삽교천,카드뮴 Cd (㎎/ℓ),2020.03,0.0,2019.03,0.0
삽교천,카드뮴 Cd (㎎/ℓ),2020.04,0.0,2019.04,0.0
삽교천,카드뮴 Cd (㎎/ℓ),2020.05,0.0,2019.05,0.0
삽교천,카드뮴 Cd (㎎/ℓ),2020.06,0.0,2019.06,0.0
삽교천,카드뮴 Cd (㎎/ℓ),2020.07,0.0,2019.07,0.0
삽교천,카드뮴 Cd (㎎/ℓ),2020.08,0.0,2019.08,0.0
삽교천,카드뮴 Cd (㎎/ℓ),2020.09,0.0,2019.09,0.0
삽교천,카드뮴 Cd (㎎/ℓ),2020.10,0.0,2019.10,0.0
삽교천,카드뮴 Cd (㎎/ℓ),2020.11,0.0,2019.11,0.0
삽교천,카드뮴 Cd (㎎/ℓ),2020.12,0.0,2019.12,0.0
섬진강,6가크롬 Cr6+ (㎎/ℓ),2020.01,0.0,2019.01,0.0
섬진강,6가크롬 Cr6+ (㎎/ℓ),2020.02,0.0,2019.02,0.0
섬진강,6가크롬 Cr6+ (㎎/ℓ),2020.03,0.0,2019.03,0.0
섬진강,6가크롬 Cr6+ (㎎/ℓ),2020.04,0.0,2019.04,0.0
섬진강,6가크롬 Cr6+ (㎎/ℓ),2020.05,0.0,2019.05,0.0
섬진강,6가크롬 Cr6+ (㎎/ℓ),2020.06,0.0,2019.06,0.0
섬진강,6가크롬 Cr6+ (㎎/ℓ),2020.07,0.0,2019.07,0.0
섬진강,6가크롬 Cr6+ (㎎/ℓ),2020.08,0.0,2019.08,0.0
섬진강,6가크롬 Cr6+ (㎎/ℓ),2020.09,0.0,2019.09,0.0
섬진강,6가크롬 Cr6+ (㎎/ℓ),2020.10,0.0,2019.10,0.0
섬진강,6가크롬 Cr6+ (㎎/ℓ),2020.11,0.0,2019.11,0.0
섬진강,6가크롬 Cr6+ (㎎/ℓ),2020.12,0.0,2019.12,0.0
섬진강,납 Pb (㎎/ℓ),2020.01,0.0,2019.01,1.5384615384615385e-06
섬진강,납 Pb (㎎/ℓ),2020.02,7.692307692307693e-07,2019.02,2.3076923076923077e-06
섬진강,납 Pb (㎎/ℓ),2020.03,2.3076923076923077e-06,2019.03,1.5384615384615385e-06
섬진강,납 Pb (㎎/ℓ),2020.04,7.692307692307693e-07,2019.04,0.0
섬진강,납 Pb (㎎/ℓ),2020.05,7.692307692307693e-07,2019.05,0.0
섬진강,납 Pb (㎎/ℓ),2020.06,1.5384615384615385e-06,2019.06,0.0
섬진강,납 Pb (㎎/ℓ),2020.07,0.0,2019.07,0.0
섬진강,납 Pb (㎎/ℓ),2020.08,0.0,2019.08,0.0
섬진강,납 Pb (㎎/ℓ),2020.09,3.846153846153846e-06,2019.09,7.692307692307693e-07
섬진강,납 Pb (㎎/ℓ),2020.10,1.5384615384615385e-06,2019.10,3.846153846153846e-06
섬진강,납 Pb (㎎/ℓ),2020.11,0.0,2019.11,1.5384615384615385e-06
섬진강,납 Pb (㎎/ℓ),2020.12,0.0,2019.12,3.076923076923077e-06
섬진강,비소 As (㎎/ℓ),2020.01,4.9999999999999996e-05,2019.01,5.384615384615385e-05
섬진강,비소 As (㎎/ℓ),2020.02,5.153846153846154e-05,2019.02,5.461538461538462e-05
섬진강,비소 As (㎎/ℓ),2020.03,4.307692307692307e-05,2019.03,4.9999999999999996e-05
섬진강,비소 As (㎎/ℓ),2020.04,4.153846153846154e-05,2019.04,4.692307692307692e-05
섬진강,비소 As (㎎/ℓ),2020.05,3.461538461538461e-05,2019.05,0.0
섬진강,비소 As (㎎/ℓ),2020.06,4.230769230769231e-05,2019.06,1.5384615384615385e-06
섬진강,비소 As (㎎/ℓ),2020.07,4.923076923076923e-05,2019.07,7.692307692307692e-06
섬진강,비소 As (㎎/ℓ),2020.08,0.0,2019.08,2.3076923076923077e-06
섬진강,비소 As (㎎/ℓ),2020.09,7.615384615384616e-05,2019.09,6.846153846153845e-05
섬진강,비소 As (㎎/ℓ),2020.10,8.153846153846153e-05,2019.10,9.384615384615384e-05
섬진강,비소 As (㎎/ℓ),2020.11,6.615384615384616e-05,2019.11,8.23076923076923e-05
섬진강,비소 As (㎎/ℓ),2020.12,6.076923076923077e-05,2019.12,5.692307692307692e-05
섬진강,생물화학적산소요구량 BOD (㎎/ℓ),2020.01,1.2615384615384615,2019.01,1.2461538461538462
섬진강,생물화학적산소요구량 BOD (㎎/ℓ),2020.02,1.1923076923076923,2019.02,1.330769230769231
섬진강,생물화학적산소요구량 BOD (㎎/ℓ),2020.03,1.4461538461538461,2019.03,1.5846153846153848
섬진강,생물화학적산소요구량 BOD (㎎/ℓ),2020.04,1.5538461538461539,2019.04,1.4461538461538461
섬진강,생물화학적산소요구량 BOD (㎎/ℓ),2020.05,1.5076923076923079,2019.05,1.5230769230769232
섬진강,생물화학적산소요구량 BOD (㎎/ℓ),2020.06,1.6076923076923075,2019.06,1.3615384615384616
섬진강,생물화학적산소요구량 BOD (㎎/ℓ),2020.07,1.6384615384615384,2019.07,1.5384615384615385
섬진강,생물화학적산소요구량 BOD (㎎/ℓ),2020.08,2.4923076923076923,2019.08,1.9307692307692308
섬진강,생물화학적산소요구량 BOD (㎎/ℓ),2020.09,1.4692307692307693,2019.09,1.5615384615384615
섬진강,생물화학적산소요구량 BOD (㎎/ℓ),2020.10,1.5846153846153848,2019.10,1.676923076923077
섬진강,생물화학적산소요구량 BOD (㎎/ℓ),2020.11,1.2076923076923076,2019.11,1.4846153846153847
섬진강,생물화학적산소요구량 BOD (㎎/ℓ),2020.12,0.9846153846153847,2019.12,1.2846153846153845
섬진강,수온 (℃),2020.01,7.930769230769231,2019.01,6.246153846153846
섬진강,수온 (℃),2020.02,6.6,2019.02,5.592307692307693
섬진강,수온 (℃),2020.03,7.43076923076923,2019.03,6.976923076923077
섬진강,수온 (℃),2020.04,9.96923076923077,2019.04,8.1
섬진강,수온 (℃),2020.05,13.73076923076923,2019.05,12.538461538461538
섬진강,수온 (℃),2020.06,17.753846153846155,2019.06,15.215384615384616
섬진강,수온 (℃),2020.07,18.96923076923077,2019.07,16.846153846153847
섬진강,수온 (℃),2020.08,18.96923076923077,2019.08,19.807692307692307
섬진강,수온 (℃),2020.09,19.99230769230769,2019.09,18.915384615384617
섬진강,수온 (℃),2020.10,17.407692307692308,2019.10,16.646153846153847
섬진강,수온 (℃),2020.11,15.284615384615384,2019.11,15.653846153846153
섬진강,수온 (℃),2020.12,10.899999999999999,2019.12,11.53076923076923
섬진강,수은 Hg (㎎/ℓ),2020.01,7.692307692307693e-09,2019.01,2.3076923076923076e-08
섬진강,수은 Hg (㎎/ℓ),2020.02,0.0,2019.02,1.0000000000000001e-07
섬진강,수은 Hg (㎎/ℓ),2020.03,4.615384615384615e-08,2019.03,6.153846153846154e-08
섬진강,수은 Hg (㎎/ℓ),2020.04,2.3076923076923076e-08,2019.04,3.846153846153846e-08
섬진강,수은 Hg (㎎/ℓ),2020.05,0.0,2019.05,9.23076923076923e-08
섬진강,수은 Hg (㎎/ℓ),2020.06,0.0,2019.06,0.0
섬진강,수은 Hg (㎎/ℓ),2020.07,1.5384615384615385e-08,2019.07,0.0
섬진강,수은 Hg (㎎/ℓ),2020.08,0.0,2019.08,0.0
섬진강,수은 Hg (㎎/ℓ),2020.09,0.0,2019.09,1.5384615384615385e-08
섬진강,수은 Hg (㎎/ℓ),2020.10,0.0,2019.10,7.692307692307693e-09
섬진강,수은 Hg (㎎/ℓ),2020.11,7.692307692307693e-09,2019.11,7.692307692307693e-09
섬진강,수은 Hg (㎎/ℓ),2020.12,7.692307692307693e-09,2019.12,3.846153846153846e-08
섬진강,시안 CN (㎎/ℓ),2020.01,0.0,2019.01,0.0
섬진강,시안 CN (㎎/ℓ),2020.02,0.0,2019.02,0.0
섬진강,시안 CN (㎎/ℓ),2020.03,0.0,2019.03,0.0
섬진강,시안 CN (㎎/ℓ),2020.04,0.0,2019.04,0.0
섬진강,시안 CN (㎎/ℓ),2020.05,0.0,2019.05,0.0
섬진강,시안 CN (㎎/ℓ),2020.06,0.0,2019.06,0.0
섬진강,시안 CN (㎎/ℓ),2020.07,0.0,2019.07,0.0
섬진강,시안 CN (㎎/ℓ),2020.08,0.0,2019.08,0.0
섬진강,시안 CN (㎎/ℓ),2020.09,0.0,2019.09,0.0
섬진강,시안 CN (㎎/ℓ),2020.10,0.0,2019.10,0.0
섬진강,시안 CN (㎎/ℓ),2020.11,0.0,2019.11,0.0
섬진강,시안 CN (㎎/ℓ),2020.12,0.0,2019.12,0.0
섬진강,용존산소 DO (㎎/ℓ),2020.01,10.692307692307692,2019.01,10.692307692307692
섬진강,용존산소 DO (㎎/ℓ),2020.02,11.169230769230769,2019.02,11.615384615384615
섬진강,용존산소 DO (㎎/ℓ),2020.03,11.36923076923077,2019.03,11.5
섬진강,용존산소 DO (㎎/ℓ),2020.04,10.684615384615386,2019.04,10.892307692307693
섬진강,용존산소 DO (㎎/ℓ),2020.05,9.676923076923076,2019.05,9.192307692307692
섬진강,용존산소 DO (㎎/ℓ),2020.06,8.853846153846153,2019.06,8.746153846153847
섬진강,용존산소 DO (㎎/ℓ),2020.07,8.061538461538461,2019.07,7.461538461538462
섬진강,용존산소 DO (㎎/ℓ),2020.08,8.0,2019.08,7.392307692307692
섬진강,용존산소 DO (㎎/ℓ),2020.09,7.2153846153846155,2019.09,5.869230769230769
섬진강,용존산소 DO (㎎/ℓ),2020.10,7.3538461538461535,2019.10,7.384615384615385
섬진강,용존산소 DO (㎎/ℓ),2020.11,8.446153846153846,2019.11,7.707692307692308
섬진강,용존산소 DO (㎎/ℓ),2020.12,9.807692307692308,2019.12,9.261538461538462
섬진강,카드뮴 Cd (㎎/ℓ),2020.01,0.0,2019.01,1.5384615384615385e-06
섬진강,카드뮴 Cd (㎎/ℓ),2020.02,0.0,2019.02,7.692307692307693e-07
섬진강,카드뮴 Cd (㎎/ℓ),2020.03,7.692307692307693e-07,2019.03,7.692307692307693e-07
섬진강,카드뮴 Cd (㎎/ℓ),2020.04,0.0,2019.04,0.0
섬진강,카드뮴 Cd (㎎/ℓ),2020.05,0.0,2019.05,0.0
섬진강,카드뮴 Cd (㎎/ℓ),2020.06,0.0,2019.06,0.0
섬진강,카드뮴 Cd (㎎/ℓ),2020.07,0.0,2019.07,0.0
섬진강,카드뮴 Cd (㎎/ℓ),2020.08,0.0,2019.08,0.0
섬진강,카드뮴 Cd (㎎/ℓ),2020.09,7.692307692307693e-07,2019.09,7.692307692307693e-07
섬진강,카드뮴 Cd (㎎/ℓ),2020.10,7.692307692307693e-07,2019.10,7.692307692307693e-07
섬진강,카드뮴 Cd (㎎/ℓ),2020.11,0.0,2019.11,0.0
섬진강,카드뮴 Cd (㎎/ℓ),2020.12,0.0,2019.12,7.692307692307693e-07
수어천,6가크롬 Cr6+ (㎎/ℓ),2020.01,0.0,2019.01,0.0
수어천,6가크롬 Cr6+ (㎎/ℓ),2020.02,0.0,2019.02,0.0
수어천,6가크롬 Cr6+ (㎎/ℓ),2020.03,0.0,2019.03,0.0
수어천,6가크롬 Cr6+ (㎎/ℓ),2020.04,0.0,2019.04,0.0
수어천,6가크롬 Cr6+ (㎎/ℓ),2020.05,0.0,2019.05,0.0
수어천,6가크롬 Cr6+ (㎎/ℓ),2020.06,0.0,2019.06,0.0
수어천,6가크롬 Cr6+ (㎎/ℓ),2020.07,0.0,2019.07,0.0
수어천,6가크롬 Cr6+ (㎎/ℓ),2020.08,0.0,2019.08,0.0
수어천,6가크롬 Cr6+ (㎎/ℓ),2020.09,0.0,2019.09,0.0
수어천,6가크롬 Cr6+ (㎎/ℓ),2020.10,0.0,2019.10,0.0
수어천,6가크롬 Cr6+ (㎎/ℓ),2020.11,0.0,2019.11,0.0
수어천,6가크롬 Cr6+ (㎎/ℓ),2020.12,0.0,2019.12,0.0
수어천,납 Pb (㎎/ℓ),2020.01,0.0,2019.01,0.0
수어천,납 Pb (㎎/ℓ),2020.02,0.0,2019.02,0.0
수어천,납 Pb (㎎/ℓ),2020.03,0.0,2019.03,0.0
수어천,납 Pb (㎎/ℓ),2020.04,0.0,2019.04,0.0
수어천,납 Pb (㎎/ℓ),2020.05,0.0,2019.05,0.0
수어천,납 Pb (㎎/ℓ),2020.06,0.0,2019.06,0.0
수어천,납 Pb (㎎/ℓ),2020.07,0.0,2019.07,0.0
수어천,납 Pb (㎎/ℓ),2020.08,0.0,2019.08,0.0
수어천,납 Pb (㎎/ℓ),2020.09,0.0,2019.09,0.0
수어천,납 Pb (㎎/ℓ),2020.10,0.0,2019.10,0.0
수어천,납 Pb (㎎/ℓ),2020.11,0.0,2019.11,0.0
수어천,납 Pb (㎎/ℓ),2020.12,0.0,2019.12,0.0
수어천,비소 As (㎎/ℓ),2020.01,0.0,2019.01,0.0
수어천,비소 As (㎎/ℓ),2020.02,0.0,2019.02,0.0
수어천,비소 As (㎎/ℓ),2020.03,0.0,2019.03,0.0
수어천,비소 As (㎎/ℓ),2020.04,0.0,2019.04,0.0
수어천,비소 As (㎎/ℓ),2020.05,0.0,2019.05,0.0
수어천,비소 As (㎎/ℓ),2020.06,0.0,2019.06,0.0
수어천,비소 As (㎎/ℓ),2020.07,0.0,2019.07,0.0
수어천,비소 As (㎎/ℓ),2020.08,0.0,2019.08,0.0
수어천,비소 As (㎎/ℓ),2020.09,0.0,2019.09,0.0
수어천,비소 As (㎎/ℓ),2020.10,0.0,2019.10,0.0
수어천,비소 As (㎎/ℓ),2020.11,0.0,2019.11,0.0
수어천,비소 As (㎎/ℓ),2020.12,0.0,2019.12,0.0
수어천,생물화학적산소요구량 BOD (㎎/ℓ),2020.01,0.7,2019.01,1.3
수어천,생물화학적산소요구량 BOD (㎎/ℓ),2020.02,1.2000000000000002,2019.02,1.15
수어천,생물화학적산소요구량 BOD (㎎/ℓ),2020.03,1.35,2019.03,1.4
수어천,생물화학적산소요구량 BOD (㎎/ℓ),2020.04,1.05,2019.04,1.15
수어천,생물화학적산소요구량 BOD (㎎/ℓ),2020.05,1.5,2019.05,1.25
수어천,생물화학적산소요구량 BOD (㎎/ℓ),2020.06,1.65,2019.06,1.45
수어천,생물화학적산소요구량 BOD (㎎/ℓ),2020.07,1.2,2019.07,1.35
수어천,생물화학적산소요구량 BOD (㎎/ℓ),2020.08,1.8,2019.08,0.7
수어천,생물화학적산소요구량 BOD (㎎/ℓ),2020.09,1.05,2019.09,0.9500000000000001
수어천,생물화학적산소요구량 BOD (㎎/ℓ),2020.10,1.15,2019.10,1.05
수어천,생물화학적산소요구량 BOD (㎎/ℓ),2020.11,0.95,2019.11,0.8
수어천,생물화학적산소요구량 BOD (㎎/ℓ),2020.12,1.15,2019.12,2.2
수어천,수온 (℃),2020.01,7.15,2019.01,6.1
수어천,수온 (℃),2020.02,8.8,2019.02,5.55
수어천,수온 (℃),2020.03,8.600000000000001,2019.03,8.5
수어천,수온 (℃),2020.04,13.8,2019.04,12.1
수어천,수온 (℃),2020.05,18.299999999999997,2019.05,17.65
수어천,수온 (℃),2020.06,22.0,2019.06,19.35
수어천,수온 (℃),2020.07,23.65,2019.07,23.65
수어천,수온 (℃),2020.08,5.25,2019.08,24.7
수어천,수온 (℃),2020.09,23.5,2019.09,25.7
수어천,수온 (℃),2020.10,21.6,2019.10,22.4
수어천,수온 (℃),2020.11,16.8,2019.11,19.2
수어천,수온 (℃),2020.12,12.35,2019.12,12.55
수어천,수은 Hg (㎎/ℓ),2020.01,0.0,2019.01,0.0
수어천,수은 Hg (㎎/ℓ),2020.02,0.0,2019.02,0.0
수어천,수은 Hg (㎎/ℓ),2020.03,0.0,2019.03,0.0
수어천,수은 Hg (㎎/ℓ),2020.04,0.0,2019.04,0.0
수어천,수은 Hg (㎎/ℓ),2020.05,0.0,2019.05,0.0
수어천,수은 Hg (㎎/ℓ),2020.06,0.0,2019.06,0.0
수어천,수은 Hg (㎎/ℓ),2020.07,0.0,2019.07,0.0
수어천,수은 Hg (㎎/ℓ),2020.08,0.0,2019.08,0.0
수어천,수은 Hg (㎎/ℓ),2020.09,0.0,2019.09,0.0
수어천,수은 Hg (㎎/ℓ),2020.10,0.0,2019.10,0.0
수어천,수은 Hg (㎎/ℓ),2020.11,0.0,2019.11,0.0
수어천,수은 Hg (㎎/ℓ),2020.12,0.0,2019.12,0.0
수어천,시안 CN (㎎/ℓ),2020.01,0.0,2019.01,0.0
수어천,시안 CN (㎎/ℓ),2020.02,0.0,2019.02,0.0
수어천,시안 CN (㎎/ℓ),2020.03,0.0,2019.03,0.0
수어천,시안 CN (㎎/ℓ),2020.04,0.0,2019.04,0.0
수어천,시안 CN (㎎/ℓ),2020.05,0.0,2019.05,0.0
수어천,시안 CN (㎎/ℓ),2020.06,0.0,2019.06,0.0
수어천,시안 CN (㎎/ℓ),2020.07,0.0,2019.07,0.0
수어천,시안 CN (㎎/ℓ),2020.08,0.0,2019.08,0.0
수어천,시안 CN (㎎/ℓ),2020.09,0.0,2019.09,0.0
수어천,시안 CN (㎎/ℓ),2020.10,0.0,2019.10,0.0
수어천,시안 CN (㎎/ℓ),2020.11,0.0,2019.11,0.0
수어천,시안 CN (㎎/ℓ),2020.12,0.0,2019.12,0.0
수어천,용존산소 DO (㎎/ℓ),2020.01,8.95,2019.01,11.9
수어천,용존산소 DO (㎎/ℓ),2020.02,10.7,2019.02,11.5
수어천,용존산소 DO (㎎/ℓ),2020.03,11.35,2019.03,11.4
수어천,용존산소 DO (㎎/ℓ),2020.04,9.8,2019.04,10.05
수어천,용존산소 DO (㎎/ℓ),2020.05,9.8,2019.05,10.2
수어천,용존산소 DO (㎎/ℓ),2020.06,9.95,2019.06,8.05
수어천,용존산소 DO (㎎/ℓ),2020.07,6.95,2019.07,7.5
수어천,용존산소 DO (㎎/ℓ),2020.08,10.65,2019.08,7.65
수어천,용존산소 DO (㎎/ℓ),2020.09,7.25,2019.09,7.45
수어천,용존산소 DO (㎎/ℓ),2020.10,7.25,2019.10,7.85
수어천,용존산소 DO (㎎/ℓ),2020.11,10.5,2019.11,8.05
수어천,용존산소 DO (㎎/ℓ),2020.12,9.25,2019.12,9.5
수어천,카드뮴 Cd (㎎/ℓ),2020.01,0.0,2019.01,0.0
수어천,카드뮴 Cd (㎎/ℓ),2020.02,0.0,2019.02,0.0
수어천,카드뮴 Cd (㎎/ℓ),2020.03,0.0,2019.03,0.0
수어천,카드뮴 Cd (㎎/ℓ),2020.04,0.0,2019.04,0.0
수어천,카드뮴 Cd (㎎/ℓ),2020.05,0.0,2019.05,0.0
수어천,카드뮴 Cd (㎎/ℓ),2020.06,0.0,2019.06,0.0
수어천,카드뮴 Cd (㎎/ℓ),2020.07,0.0,2019.07,0.0
수어천,카드뮴 Cd (㎎/ℓ),2020.08,0.0,2019.08,0.0
수어천,카드뮴 Cd (㎎/ℓ),2020.09,0.0,2019.09,0.0
수어천,카드뮴 Cd (㎎/ℓ),2020.10,0.0,2019.10,0.0
수어천,카드뮴 Cd (㎎/ℓ),2020.11,0.0,2019.11,0.0
수어천,카드뮴 Cd (㎎/ℓ),2020.12,0.0,2019.12,0.0
안성천,6가크롬 Cr6+ (㎎/ℓ),2020.01,0.0,2019.01,0.0
안성천,6가크롬 Cr6+ (㎎/ℓ),2020.02,0.0,2019.02,0.0
안성천,6가크롬 Cr6+ (㎎/ℓ),2020.03,0.0,2019.03,0.0
안성천,6가크롬 Cr6+ (㎎/ℓ),2020.04,0.0,2019.04,0.0
안성천,6가크롬 Cr6+ (㎎/ℓ),2020.05,0.0,2019.05,0.0
안성천,6가크롬 Cr6+ (㎎/ℓ),2020.06,0.0,2019.06,0.0
안성천,6가크롬 Cr6+ (㎎/ℓ),2020.07,0.0,2019.07,0.0
안성천,6가크롬 Cr6+ (㎎/ℓ),2020.08,0.0,2019.08,0.0
안성천,6가크롬 Cr6+ (㎎/ℓ),2020.09,0.0,2019.09,0.0
안성천,6가크롬 Cr6+ (㎎/ℓ),2020.10,0.0,2019.10,0.0
안성천,6가크롬 Cr6+ (㎎/ℓ),2020.11,0.0,2019.11,0.0
안성천,6가크롬 Cr6+ (㎎/ℓ),2020.12,0.0005,2019.12,0.0
안성천,납 Pb (㎎/ℓ),2020.01,0.0,2019.01,0.0
안성천,납 Pb (㎎/ℓ),2020.02,0.0,2019.02,0.0
안성천,납 Pb (㎎/ℓ),2020.03,0.0,2019.03,0.0
안성천,납 Pb (㎎/ℓ),2020.04,0.0,2019.04,0.0
안성천,납 Pb (㎎/ℓ),2020.05,0.0,2019.05,0.0
안성천,납 Pb (㎎/ℓ),2020.06,0.0,2019.06,0.0
안성천,납 Pb (㎎/ℓ),2020.07,0.0,2019.07,0.0
안성천,납 Pb (㎎/ℓ),2020.08,0.0,2019.08,0.0
안성천,납 Pb (㎎/ℓ),2020.09,0.0,2019.09,0.0
안성천,납 Pb (㎎/ℓ),2020.10,0.0,2019.10,0.0
안성천,납 Pb (㎎/ℓ),2020.11,0.0,2019.11,0.0
안성천,납 Pb (㎎/ℓ),2020.12,0.0,2019.12,0.0
안성천,비소 As (㎎/ℓ),2020.01,0.0,2019.01,0.0
안성천,비소 As (㎎/ℓ),2020.02,0.0,2019.02,0.0
안성천,비소 As (㎎/ℓ),2020.03,0.0,2019.03,0.0
안성천,비소 As (㎎/ℓ),2020.04,0.0,2019.04,0.0
안성천,비소 As (㎎/ℓ),2020.05,0.0,2019.05,0.0
안성천,비소 As (㎎/ℓ),2020.06,0.0,2019.06,0.0
안성천,비소 As (㎎/ℓ),2020.07,0.0,2019.07,0.0
안성천,비소 As (㎎/ℓ),2020.08,0.0,2019.08,0.0
안성천,비소 As (㎎/ℓ),2020.09,0.0,2019.09,0.0
안성천,비소 As (㎎/ℓ),2020.10,0.0,2019.10,0.0
안성천,비소 As (㎎/ℓ),2020.11,0.0,2019.11,0.0
안성천,비소 As (㎎/ℓ),2020.12,0.0,2019.12,0.0
안성천,생물화학적산소요구량 BOD (㎎/ℓ),2020.01,1.475,2019.01,0.0
안성천,생물화학적산소요구량 BOD (㎎/ℓ),2020.02,2.225,2019.02,1.2375
안성천,생물화학적산소요구량 BOD (㎎/ℓ),2020.03,3.0125,2019.03,2.425
안성천,생물화학적산소요구량 BOD (㎎/ℓ),2020.04,1.5,2019.04,1.975
안성천,생물화학적산소요구량 BOD (㎎/ℓ),2020.05,2.0125,2019.05,2.425
안성천,생물화학적산소요구량 BOD (㎎/ℓ),2020.06,3.05,2019.06,3.0
안성천,생물화학적산소요구량 BOD (㎎/ℓ),2020.07,2.6875,2019.07,3.0625
안성천,생물화학적산소요구량 BOD (㎎/ℓ),2020.08,1.05,2019.08,4.25
안성천,생물화학적산소요구량 BOD (㎎/ℓ),2020.09,4.4,2019.09,2.7
안성천,생물화학적산소요구량 BOD (㎎/ℓ),2020.10,2.9375,2019.10,2.375
안성천,생물화학적산소요구량 BOD (㎎/ℓ),2020.11,2.3375,2019.11,2.1125
안성천,생물화학적산소요구량 BOD (㎎/ℓ),2020.12,1.65,2019.12,1.6
안성천,수온 (℃),2020.01,3.375,2019.01,0.0
안성천,수온 (℃),2020.02,2.8,2019.02,1.475
안성천,수온 (℃),2020.03,8.6,2019.03,7.7625
안성천,수온 (℃),2020.04,12.8625,2019.04,10.55
안성천,수온 (℃),2020.05,19.1125,2019.05,21.0
안성천,수온 (℃),2020.06,25.5375,2019.06,22.925
안성천,수온 (℃),2020.07,25.0375,2019.07,26.1375
안성천,수온 (℃),2020.08,18.525,2019.08,29.5875
안성천,수온 (℃),2020.09,23.3375,2019.09,25.45
안성천,수온 (℃),2020.10,19.45,2019.10,19.55
안성천,수온 (℃),2020.11,13.3125,2019.11,13.850000000000001
안성천,수온 (℃),2020.12,7.85,2019.12,6.5125
안성천,수은 Hg (㎎/ℓ),2020.01,0.0,2019.01,0.0
안성천,수은 Hg (㎎/ℓ),2020.02,0.0,2019.02,0.0
안성천,수은 Hg (㎎/ℓ),2020.03,0.0,2019.03,0.0
안성천,수은 Hg (㎎/ℓ),2020.04,0.0,2019.04,0.0
안성천,수은 Hg (㎎/ℓ),2020.05,0.0,2019.05,0.0
안성천,수은 Hg (㎎/ℓ),2020.06,0.0,2019.06,0.0
안성천,수은 Hg (㎎/ℓ),2020.07,0.0,2019.07,0.0
안성천,수은 Hg (㎎/ℓ),2020.08,0.0,2019.08,0.0
안성천,수은 Hg (㎎/ℓ),2020.09,0.0,2019.09,0.0
안성천,수은 Hg (㎎/ℓ),2020.10,0.0,2019.10,0.0
안성천,수은 Hg (㎎/ℓ),2020.11,0.0,2019.11,0.0
안성천,수은 Hg (㎎/ℓ),2020.12,0.0,2019.12,0.0
안성천,시안 CN (㎎/ℓ),2020.01,0.0,2019.01,0.0
안성천,시안 CN (㎎/ℓ),2020.02,0.0,2019.02,0.0
안성천,시안 CN (㎎/ℓ),2020.03,0.0,2019.03,0.0
안성천,시안 CN (㎎/ℓ),2020.04,0.0,2019.04,0.0
안성천,시안 CN (㎎/ℓ),2020.05,0.0,2019.05,0.0
안성천,시안 CN (㎎/ℓ),2020.06,0.0,2019.06,0.0
안성천,시안 CN (㎎/ℓ),2020.07,0.0,2019.07,0.0
안성천,시안 CN (㎎/ℓ),2020.08,0.0,2019.08,0.0
안성천,시안 CN (㎎/ℓ),2020.09,0.0,2019.09,0.0
안성천,시안 CN (㎎/ℓ),2020.10,0.0,2019.10,0.0
안성천,시안 CN (㎎/ℓ),2020.11,0.0,2019.11,0.0
안성천,시안 CN (㎎/ℓ),2020.12,0.0,2019.12,0.0
안성천,용존산소 DO (㎎/ℓ),2020.01,12.025,2019.01,0.0
안성천,용존산소 DO (㎎/ℓ),2020.02,11.275,2019.02,6.2
안성천,용존산소 DO (㎎/ℓ),2020.03,15.425,2019.03,13.9375
안성천,용존산소 DO (㎎/ℓ),2020.04,10.3375,2019.04,11.15
안성천,용존산소 DO (㎎/ℓ),2020.05,9.1125,2019.05,10.825
안성천,용존산소 DO (㎎/ℓ),2020.06,8.3,2019.06,9.4625
안성천,용존산소 DO (㎎/ℓ),2020.07,8.65,2019.07,10.0875
안성천,용존산소 DO (㎎/ℓ),2020.08,6.6375,2019.08,10.6625
안성천,용존산소 DO (㎎/ℓ),2020.09,10.549999999999999,2019.09,8.6125
안성천,용존산소 DO (㎎/ℓ),2020.10,9.5625,2019.10,7.85
안성천,용존산소 DO (㎎/ℓ),2020.11,9.875,2019.11,8.3
안성천,용존산소 DO (㎎/ℓ),2020.12,11.0375,2019.12,10.9375
안성천,카드뮴 Cd (㎎/ℓ),2020.01,0.0,2019.01,0.0
안성천,카드뮴 Cd (㎎/ℓ),2020.02,0.0,2019.02,0.0
안성천,카드뮴 Cd (㎎/ℓ),2020.03,0.0,2019.03,0.0
안성천,카드뮴 Cd (㎎/ℓ),2020.04,0.0,2019.04,0.0
안성천,카드뮴 Cd (㎎/ℓ),2020.05,0.0,2019.05,0.0
안성천,카드뮴 Cd (㎎/ℓ),2020.06,0.0,2019.06,0.0
안성천,카드뮴 Cd (㎎/ℓ),2020.07,0.0,2019.07,0.0
안성천,카드뮴 Cd (㎎/ℓ),2020.08,0.0,2019.08,0.0
안성천,카드뮴 Cd (㎎/ℓ),2020.09,0.0,2019.09,0.0
안성천,카드뮴 Cd (㎎/ℓ),2020.10,0.0,2019.10,0.0
안성천,카드뮴 Cd (㎎/ℓ),2020.11,0.0,2019.11,0.0
안성천,카드뮴 Cd (㎎/ℓ),2020.12,0.0,2019.12,0.0
영산강,6가크롬 Cr6+ (㎎/ℓ),2020.01,0.0,2019.01,0.0
영산강,6가크롬 Cr6+ (㎎/ℓ),2020.02,0.0,2019.02,0.0
영산강,6가크롬 Cr6+ (㎎/ℓ),2020.03,0.0,2019.03,0.0
영산강,6가크롬 Cr6+ (㎎/ℓ),2020.04,0.0,2019.04,0.0
영산강,6가크롬 Cr6+ (㎎/ℓ),2020.05,0.0,2019.05,0.0
영산강,6가크롬 Cr6+ (㎎/ℓ),2020.06,0.0,2019.06,0.0
영산강,6가크롬 Cr6+ (㎎/ℓ),2020.07,0.0,2019.07,0.0
영산강,6가크롬 Cr6+ (㎎/ℓ),2020.08,0.0,2019.08,0.0
영산강,6가크롬 Cr6+ (㎎/ℓ),2020.09,0.0,2019.09,0.0
영산강,6가크롬 Cr6+ (㎎/ℓ),2020.10,0.0,2019.10,0.0
영산강,6가크롬 Cr6+ (㎎/ℓ),2020.11,0.0,2019.11,0.0
영산강,6가크롬 Cr6+ (㎎/ℓ),2020.12,0.0,2019.12,0.0
영산강,납 Pb (㎎/ℓ),2020.01,0.0,2019.01,0.0
영산강,납 Pb (㎎/ℓ),2020.02,0.0,2019.02,0.0
영산강,납 Pb (㎎/ℓ),2020.03,0.0,2019.03,0.0
영산강,납 Pb (㎎/ℓ),2020.04,0.0,2019.04,0.0
영산강,납 Pb (㎎/ℓ),2020.05,0.0,2019.05,0.0
영산강,납 Pb (㎎/ℓ),2020.06,0.0,2019.06,0.0
영산강,납 Pb (㎎/ℓ),2020.07,0.0,2019.07,0.0
영산강,납 Pb (㎎/ℓ),2020.08,0.0,2019.08,0.0
영산강,납 Pb (㎎/ℓ),2020.09,0.0,2019.09,0.0
영산강,납 Pb (㎎/ℓ),2020.10,0.0,2019.10,0.0
영산강,납 Pb (㎎/ℓ),2020.11,0.0,2019.11,0.0
영산강,납 Pb (㎎/ℓ),2020.12,0.0,2019.12,0.0
영산강,비소 As (㎎/ℓ),2020.01,0.0,2019.01,0.0
영산강,비소 As (㎎/ℓ),2020.02,0.0,2019.02,0.0
영산강,비소 As (㎎/ℓ),2020.03,0.0,2019.03,0.0
영산강,비소 As (㎎/ℓ),2020.04,0.0,2019.04,0.0
영산강,비소 As (㎎/ℓ),2020.05,0.0,2019.05,0.0
영산강,비소 As (㎎/ℓ),2020.06,0.0,2019.06,0.0
영산강,비소 As (㎎/ℓ),2020.07,0.0,2019.07,0.0
영산강,비소 As (㎎/ℓ),2020.08,0.0,2019.08,0.0
영산강,비소 As (㎎/ℓ),2020.09,0.0,2019.09,0.0
영산강,비소 As (㎎/ℓ),2020.10,0.0,2019.10,0.0
영산강,비소 As (㎎/ℓ),2020.11,0.0,2019.11,0.0
영산강,비소 As (㎎/ℓ),2020.12,0.0,2019.12,0.0
영산강,생물화학적산소요구량 BOD (㎎/ℓ),2020.01,0.7555555555555555,2019.01,1.1
영산강,생물화학적산소요구량 BOD (㎎/ℓ),2020.02,0.7333333333333333,2019.02,0.8055555555555556
영산강,생물화학적산소요구량 BOD (㎎/ℓ),2020.03,1.1,2019.03,1.0277777777777777
영산강,생물화학적산소요구량 BOD (㎎/ℓ),2020.04,1.15,2019.04,1.2722222222222221
영산강,생물화학적산소요구량 BOD (㎎/ℓ),2020.05,1.2722222222222221,2019.05,0.7
영산강,생물화학적산소요구량 BOD (㎎/ℓ),2020.06,1.6055555555555554,2019.06,1.1888888888888889
영산강,생물화학적산소요구량 BOD (㎎/ℓ),2020.07,1.7222222222222223,2019.07,1.7999999999999998
영산강,생물화학적산소요구량 BOD (㎎/ℓ),2020.08,2.1444444444444444,2019.08,1.1166666666666667
영산강,생물화학적산소요구량 BOD (㎎/ℓ),2020.09,1.4500000000000002,2019.09,1.9000000000000001
영산강,생물화학적산소요구량 BOD (㎎/ℓ),2020.10,0.9888888888888889,2019.10,1.4722222222222223
영산강,생물화학적산소요구량 BOD (㎎/ℓ),2020.11,1.5944444444444443,2019.11,1.411111111111111
영산강,생물화학적산소요구량 BOD (㎎/ℓ),2020.12,1.4,2019.12,0.8166666666666667
영산강,수온 (℃),2020.01,5.322222222222222,2019.01,3.927777777777778
영산강,수온 (℃),2020.02,4.550000000000001,2019.02,3.4055555555555554
영산강,수온 (℃),2020.03,7.927777777777777,2019.03,7.6499999999999995
영산강,수온 (℃),2020.04,12.011111111111111,2019.04,10.633333333333333
영산강,수온 (℃),2020.05,16.744444444444444,2019.05,17.994444444444444
영산강,수온 (℃),2020.06,20.72222222222222,2019.06,19.666666666666668
영산강,수온 (℃),2020.07,21.516666666666666,2019.07,21.33888888888889
영산강,수온 (℃),2020.08,15.700000000000001,2019.08,25.98888888888889
영산강,수온 (℃),2020.09,20.58888888888889,2019.09,23.51111111111111
영산강,수온 (℃),2020.10,18.433333333333334,2019.10,19.505555555555556
영산강,수온 (℃),2020.11,13.661111111111111,2019.11,14.61111111111111
영산강,수온 (℃),2020.12,8.933333333333334,2019.12,8.327777777777778
영산강,수은 Hg (㎎/ℓ),2020.01,0.0,2019.01,0.0
영산강,수은 Hg (㎎/ℓ),2020.02,0.0,2019.02,0.0
영산강,수은 Hg (㎎/ℓ),2020.03,0.0,2019.03,0.0
영산강,수은 Hg (㎎/ℓ),2020.04,0.0,2019.04,0.0
영산강,수은 Hg (㎎/ℓ),2020.05,0.0,2019.05,0.0
영산강,수은 Hg (㎎/ℓ),2020.06,0.0,2019.06,0.0
영산강,수은 Hg (㎎/ℓ),2020.07,0.0,2019.07,0.0
영산강,수은 Hg (㎎/ℓ),2020.08,0.0,2019.08,0.0
영산강,수은 Hg (㎎/ℓ),2020.09,0.0,2019.09,0.0
영산강,수은 Hg (㎎/ℓ),2020.10,0.0,2019.10,0.0
영산강,수은 Hg (㎎/ℓ),2020.11,0.0,2019.11,0.0
영산강,수은 Hg (㎎/ℓ),2020.12,0.0,2019.12,0.0
영산강,시안 CN (㎎/ℓ),2020.01,0.0,2019.01,0.0
영산강,시안 CN (㎎/ℓ),2020.02,0.0,2019.02,0.0
영산강,시안 CN (㎎/ℓ),2020.03,0.0,2019.03,0.0
영산강,시안 CN (㎎/ℓ),2020.04,0.0,2019.04,0.0
영산강,시안 CN (㎎/ℓ),2020.05,0.0,2019.05,0.0
영산강,시안 CN (㎎/ℓ),2020.06,0.0,2019.06,0.0
영산강,시안 CN (㎎/ℓ),2020.07,0.0,2019.07,0.0
영산강,시안 CN (㎎/ℓ),2020.08,0.0,2019.08,0.0
영산강,시안 CN (㎎/ℓ),2020.09,0.0,2019.09,0.0
영산강,시안 CN (㎎/ℓ),2020.10,0.0,2019.10,0.0
영산강,시안 CN (㎎/ℓ),2020.11,0.0,2019.11,0.0
영산강,시안 CN (㎎/ℓ),2020.12,0.0,2019.12,0.0
영산강,용존산소 DO (㎎/ℓ),2020.01,12.816666666666666,2019.01,13.461111111111112
영산강,용존산소 DO (㎎/ℓ),2020.02,13.461111111111112,2019.02,13.155555555555557
영산강,용존산소 DO (㎎/ℓ),2020.03,12.955555555555556,2019.03,12.877777777777778
영산강,용존산소 DO (㎎/ℓ),2020.04,10.822222222222223,2019.04,11.283333333333333
영산강,용존산소 DO (㎎/ℓ),2020.05,10.161111111111111,2019.05,9.988888888888889
영산강,용존산소 DO (㎎/ℓ),2020.06,8.411111111111111,2019.06,8.522222222222222
영산강,용존산소 DO (㎎/ℓ),2020.07,8.027777777777779,2019.07,8.38888888888889
영산강,용존산소 DO (㎎/ℓ),2020.08,9.838888888888889,2019.08,7.155555555555556
영산강,용존산소 DO (㎎/ℓ),2020.09,6.488888888888889,2019.09,7.616666666666666
영산강,용존산소 DO (㎎/ℓ),2020.10,8.899999999999999,2019.10,9.055555555555555
영산강,용존산소 DO (㎎/ℓ),2020.11,9.105555555555556,2019.11,10.088888888888889
영산강,용존산소 DO (㎎/ℓ),2020.12,11.427777777777777,2019.12,12.616666666666667
영산강,카드뮴 Cd (㎎/ℓ),2020.01,0.0,2019.01,0.0
영산강,카드뮴 Cd (㎎/ℓ),2020.02,0.0,2019.02,0.0
영산강,카드뮴 Cd (㎎/ℓ),2020.03,0.0,2019.03,0.0
영산강,카드뮴 Cd (㎎/ℓ),2020.04,0.0,2019.04,0.0
영산강,카드뮴 Cd (㎎/ℓ),2020.05,0.0,2019.05,0.0
영산강,카드뮴 Cd (㎎/ℓ),2020.06,0.0,2019.06,0.0
영산강,카드뮴 Cd (㎎/ℓ),2020.07,0.0,2019.07,0.0
영산강,카드뮴 Cd (㎎/ℓ),2020.08,0.0,2019.08,0.0
영산강,카드뮴 Cd (㎎/ℓ),2020.09,0.0,2019.09,0.0
영산강,카드뮴 Cd (㎎/ℓ),2020.10,0.0,2019.10,0.0
영산강,카드뮴 Cd (㎎/ℓ),2020.11,0.0,2019.11,0.0
영산강,카드뮴 Cd (㎎/ℓ),2020.12,0.0,2019.12,0.0
탐진강,6가크롬 Cr6+ (㎎/ℓ),2020.01,0.0,2019.01,0.0
탐진강,6가크롬 Cr6+ (㎎/ℓ),2020.02,0.0,2019.02,0.0
탐진강,6가크롬 Cr6+ (㎎/ℓ),2020.03,0.0,2019.03,0.0
탐진강,6가크롬 Cr6+ (㎎/ℓ),2020.04,0.0,2019.04,0.0
탐진강,6가크롬 Cr6+ (㎎/ℓ),2020.05,0.0,2019.05,0.0
탐진강,6가크롬 Cr6+ (㎎/ℓ),2020.06,0.0,2019.06,0.0
탐진강,6가크롬 Cr6+ (㎎/ℓ),2020.07,0.0,2019.07,0.0
탐진강,6가크롬 Cr6+ (㎎/ℓ),2020.08,0.0,2019.08,0.0
탐진강,6가크롬 Cr6+ (㎎/ℓ),2020.09,0.0,2019.09,0.0
탐진강,6가크롬 Cr6+ (㎎/ℓ),2020.10,0.0,2019.10,0.0
탐진강,6가크롬 Cr6+ (㎎/ℓ),2020.11,0.0,2019.11,0.0
탐진강,6가크롬 Cr6+ (㎎/ℓ),2020.12,0.0,2019.12,0.0
탐진강,납 Pb (㎎/ℓ),2020.01,0.0,2019.01,0.0
탐진강,납 Pb (㎎/ℓ),2020.02,0.0,2019.02,0.0
탐진강,납 Pb (㎎/ℓ),2020.03,0.0,2019.03,0.0
탐진강,납 Pb (㎎/ℓ),2020.04,0.0,2019.04,0.0
탐진강,납 Pb (㎎/ℓ),2020.05,0.0,2019.05,0.0
탐진강,납 Pb (㎎/ℓ),2020.06,0.0,2019.06,0.0
탐진강,납 Pb (㎎/ℓ),2020.07,0.0,2019.07,0.0
탐진강,납 Pb (㎎/ℓ),2020.08,0.0,2019.08,0.0
탐진강,납 Pb (㎎/ℓ),2020.09,0.0,2019.09,0.0
탐진강,납 Pb (㎎/ℓ),2020.10,0.0,2019.10,0.0
탐진강,납 Pb (㎎/ℓ),2020.11,0.0,2019.11,0.0
탐진강,납 Pb (㎎/ℓ),2020.12,0.0,2019.12,0.0
탐진강,비소 As (㎎/ℓ),2020.01,0.0,2019.01,0.0
탐진강,비소 As (㎎/ℓ),2020.02,0.0,2019.02,0.0
탐진강,비소 As (㎎/ℓ),2020.03,0.0,2019.03,0.0
탐진강,비소 As (㎎/ℓ),2020.04,0.0,2019.04,0.0
탐진강,비소 As (㎎/ℓ),2020.05,0.0,2019.05,0.0
탐진강,비소 As (㎎/ℓ),2020.06,0.0,2019.06,0.0
탐진강,비소 As (㎎/ℓ),2020.07,0.0,2019.07,0.0
탐진강,비소 As (㎎/ℓ),2020.08,0.0,2019.08,0.0
탐진강,비소 As (㎎/ℓ),2020.09,0.0,2019.09,0.0
탐진강,비소 As (㎎/ℓ),2020.10,0.0,2019.10,0.0
탐진강,비소 As (㎎/ℓ),2020.11,0.0,2019.11,0.0
탐진강,비소 As (㎎/ℓ),2020.12,0.0,2019.12,0.0
탐진강,생물화학적산소요구량 BOD (㎎/ℓ),2020.01,2.5,2019.01,2.025
탐진강,생물화학적산소요구량 BOD (㎎/ℓ),2020.02,1.85,2019.02,2.5
탐진강,생물화학적산소요구량 BOD (㎎/ℓ),2020.03,2.475,2019.03,2.125
탐진강,생물화학적산소요구량 BOD (㎎/ℓ),2020.04,2.6,2019.04,2.425
탐진강,생물화학적산소요구량 BOD (㎎/ℓ),2020.05,1.975,2019.05,1.975
탐진강,생물화학적산소요구량 BOD (㎎/ℓ),2020.06,2.65,2019.06,2.1
탐진강,생물화학적산소요구량 BOD (㎎/ℓ),2020.07,0.4,2019.07,2.575
탐진강,생물화학적산소요구량 BOD (㎎/ℓ),2020.08,2.9749999999999996,2019.08,2.425
탐진강,생물화학적산소요구량 BOD (㎎/ℓ),2020.09,1.075,2019.09,2.225
탐진강,생물화학적산소요구량 BOD (㎎/ℓ),2020.10,1.0,2019.10,2.175
탐진강,생물화학적산소요구량 BOD (㎎/ℓ),2020.11,1.25,2019.11,2.4
탐진강,생물화학적산소요구량 BOD (㎎/ℓ),2020.12,1.425,2019.12,1.75
탐진강,수온 (℃),2020.01,8.0,2019.01,6.824999999999999
탐진강,수온 (℃),2020.02,7.2,2019.02,5.375
탐진강,수온 (℃),2020.03,7.15,2019.03,6.625
탐진강,수온 (℃),2020.04,9.425,2019.04,9.025
탐진강,수온 (℃),2020.05,12.75,2019.05,13.875
탐진강,수온 (℃),2020.06,16.075,2019.06,16.4
탐진강,수온 (℃),2020.07,16.275,2019.07,18.05
탐진강,수온 (℃),2020.08,27.4,2019.08,20.175
탐진강,수온 (℃),2020.09,22.55,2019.09,20.025
탐진강,수온 (℃),2020.10,18.925,2019.10,19.125
탐진강,수온 (℃),2020.11,14.375,2019.11,17.400000000000002
탐진강,수온 (℃),2020.12,10.575000000000001,2019.12,11.6
탐진강,수은 Hg (㎎/ℓ),2020.01,0.0,2019.01,0.0
탐진강,수은 Hg (㎎/ℓ),2020.02,0.0,2019.02,0.0
탐진강,수은 Hg (㎎/ℓ),2020.03,0.0,2019.03,0.0
탐진강,수은 Hg (㎎/ℓ),2020.04,0.0,2019.04,0.0
탐진강,수은 Hg (㎎/ℓ),2020.05,0.0,2019.05,0.0
탐진강,수은 Hg (㎎/ℓ),2020.06,0.0,2019.06,0.0
탐진강,수은 Hg (㎎/ℓ),2020.07,0.0,2019.07,0.0
탐진강,수은 Hg (㎎/ℓ),2020.08,0.0,2019.08,0.0
탐진강,수은 Hg (㎎/ℓ),2020.09,0.0,2019.09,0.0
탐진강,수은 Hg (㎎/ℓ),2020.10,0.0,2019.10,0.0
탐진강,수은 Hg (㎎/ℓ),2020.11,0.0,2019.11,0.0
탐진강,수은 Hg (㎎/ℓ),2020.12,0.0,2019.12,0.0
탐진강,시안 CN (㎎/ℓ),2020.01,0.0,2019.01,0.0
탐진강,시안 CN (㎎/ℓ),2020.02,0.0,2019.02,0.0
탐진강,시안 CN (㎎/ℓ),2020.03,0.0,2019.03,0.0
탐진강,시안 CN (㎎/ℓ),2020.04,0.0,2019.04,0.0
탐진강,시안 CN (㎎/ℓ),2020.05,0.0,2019.05,0.0
탐진강,시안 CN (㎎/ℓ),2020.06,0.0,2019.06,0.0
탐진강,시안 CN (㎎/ℓ),2020.07,0.0,2019.07,0.0
탐진강,시안 CN (㎎/ℓ),2020.08,0.0,2019.08,0.0
탐진강,시안 CN (㎎/ℓ),2020.09,0.0,2019.09,0.0
탐진강,시안 CN (㎎/ℓ),2020.10,0.0,2019.10,0.0
탐진강,시안 CN (㎎/ℓ),2020.11,0.0,2019.11,0.0
탐진강,시안 CN (㎎/ℓ),2020.12,0.0,2019.12,0.0
탐진강,용존산소 DO (㎎/ℓ),2020.01,10.125,2019.01,10.3
탐진강,용존산소 DO (㎎/ℓ),2020.02,10.925,2019.02,11.625
탐진강,용존산소 DO (㎎/ℓ),2020.03,11.425,2019.03,11.9
탐진강,용존산소 DO (㎎/ℓ),2020.04,11.575,2019.04,11.4
탐진강,용존산소 DO (㎎/ℓ),2020.05,10.825,2019.05,10.25
탐진강,용존산소 DO (㎎/ℓ),2020.06,10.225,2019.06,13.55
탐진강,용존산소 DO (㎎/ℓ),2020.07,6.825,2019.07,6.95
탐진강,용존산소 DO (㎎/ℓ),2020.08,9.774999999999999,2019.08,5.975
탐진강,용존산소 DO (㎎/ℓ),2020.09,7.1,2019.09,6.2
탐진강,용존산소 DO (㎎/ℓ),2020.10,6.55,2019.10,6.35
탐진강,용존산소 DO (㎎/ℓ),2020.11,8.2,2019.11,7.4
탐진강,용존산소 DO (㎎/ℓ),2020.12,9.675,2019.12,8.649999999999999
탐진강,카드뮴 Cd (㎎/ℓ),2020.01,0.0,2019.01,0.0
탐진강,카드뮴 Cd (㎎/ℓ),2020.02,0.0,2019.02,0.0
탐진강,카드뮴 Cd (㎎/ℓ),2020.03,0.0,2019.03,0.0
탐진강,카드뮴 Cd (㎎/ℓ),2020.04,0.0,2019.04,0.0
탐진강,카드뮴 Cd (㎎/ℓ),2020.05,0.0,2019.05,0.0
탐진강,카드뮴 Cd (㎎/ℓ),2020.06,0.0,2019.06,0.0
탐진강,카드뮴 Cd (㎎/ℓ),2020.07,0.0,2019.07,0.0
탐진강,카드뮴 Cd (㎎/ℓ),2020.08,0.0,2019.08,0.0
탐진강,카드뮴 Cd (㎎/ℓ),2020.09,0.0,2019.09,0.0
탐진강,카드뮴 Cd (㎎/ℓ),2020.10,0.0,2019.10,0.0
탐진강,카드뮴 Cd (㎎/ℓ),2020.11,0.0,2019.11,0.0
탐진강,카드뮴 Cd (㎎/ℓ),2020.12,0.0,2019.12,0.0
태화강,6가크롬 Cr6+ (㎎/ℓ),2020.01,0.0,2019.01,0.0
태화강,6가크롬 Cr6+ (㎎/ℓ),2020.02,0.0,2019.02,0.0
태화강,6가크롬 Cr6+ (㎎/ℓ),2020.03,0.0,2019.03,0.0
태화강,6가크롬 Cr6+ (㎎/ℓ),2020.04,0.0,2019.04,0.0
태화강,6가크롬 Cr6+ (㎎/ℓ),2020.05,0.0,2019.05,0.0
태화강,6가크롬 Cr6+ (㎎/ℓ),2020.06,0.0,2019.06,0.0
태화강,6가크롬 Cr6+ (㎎/ℓ),2020.07,0.0,2019.07,0.0
태화강,6가크롬 Cr6+ (㎎/ℓ),2020.08,0.0,2019.08,0.0
태화강,6가크롬 Cr6+ (㎎/ℓ),2020.09,0.0,2019.09,0.0005
태화강,6가크롬 Cr6+ (㎎/ℓ),2020.10,0.0,2019.10,0.0
태화강,6가크롬 Cr6+ (㎎/ℓ),2020.11,0.0,2019.11,0.0
태화강,6가크롬 Cr6+ (㎎/ℓ),2020.12,0.0,2019.12,0.0
태화강,납 Pb (㎎/ℓ),2020.01,0.0,2019.01,0.0
태화강,납 Pb (㎎/ℓ),2020.02,0.0,2019.02,0.0
태화강,납 Pb (㎎/ℓ),2020.03,0.0,2019.03,0.0
태화강,납 Pb (㎎/ℓ),2020.04,0.0,2019.04,0.0
태화강,납 Pb (㎎/ℓ),2020.05,0.0,2019.05,0.0
태화강,납 Pb (㎎/ℓ),2020.06,0.0,2019.06,0.0
태화강,납 Pb (㎎/ℓ),2020.07,0.0,2019.07,0.0
태화강,납 Pb (㎎/ℓ),2020.08,0.0,2019.08,0.0
태화강,납 Pb (㎎/ℓ),2020.09,0.0,2019.09,0.0
태화강,납 Pb (㎎/ℓ),2020.10,0.0,2019.10,0.0
태화강,납 Pb (㎎/ℓ),2020.11,0.0,2019.11,0.0
태화강,납 Pb (㎎/ℓ),2020.12,0.0,2019.12,0.0
태화강,비소 As (㎎/ℓ),2020.01,0.0,2019.01,0.0
태화강,비소 As (㎎/ℓ),2020.02,0.0,2019.02,0.0
태화강,비소 As (㎎/ℓ),2020.03,0.0,2019.03,0.0
태화강,비소 As (㎎/ℓ),2020.04,0.0,2019.04,0.0
태화강,비소 As (㎎/ℓ),2020.05,0.0,2019.05,0.0
태화강,비소 As (㎎/ℓ),2020.06,0.0,2019.06,0.0
태화강,비소 As (㎎/ℓ),2020.07,0.0,2019.07,0.0
태화강,비소 As (㎎/ℓ),2020.08,0.0,2019.08,0.0
태화강,비소 As (㎎/ℓ),2020.09,0.0,2019.09,0.0
태화강,비소 As (㎎/ℓ),2020.10,0.0,2019.10,0.0
태화강,비소 As (㎎/ℓ),2020.11,0.0,2019.11,0.0
태화강,비소 As (㎎/ℓ),2020.12,0.0,2019.12,0.0
태화강,생물화학적산소요구량 BOD (㎎/ℓ),2020.01,1.1166666666666667,2019.01,0.9500000000000001
태화강,생물화학적산소요구량 BOD (㎎/ℓ),2020.02,1.05,2019.02,1.05
태화강,생물화학적산소요구량 BOD (㎎/ℓ),2020.03,0.8833333333333333,2019.03,0.9666666666666667
태화강,생물화학적산소요구량 BOD (㎎/ℓ),2020.04,0.7166666666666667,2019.04,0.9
태화강,생물화학적산소요구량 BOD (㎎/ℓ),2020.05,1.3166666666666667,2019.05,1.4333333333333333
태화강,생물화학적산소요구량 BOD (㎎/ℓ),2020.06,0.0,2019.06,1.1666666666666667
태화강,생물화학적산소요구량 BOD (㎎/ℓ),2020.07,1.1833333333333333,2019.07,1.1666666666666667
태화강,생물화학적산소요구량 BOD (㎎/ℓ),2020.08,1.2833333333333334,2019.08,1.2833333333333332
태화강,생물화학적산소요구량 BOD (㎎/ℓ),2020.09,1.1,2019.09,1.2666666666666666
태화강,생물화학적산소요구량 BOD (㎎/ℓ),2020.10,1.1500000000000001,2019.10,1.0166666666666666
태화강,생물화학적산소요구량 BOD (㎎/ℓ),2020.11,0.8833333333333333,2019.11,0.85
태화강,생물화학적산소요구량 BOD (㎎/ℓ),2020.12,0.9500000000000001,2019.12,0.9500000000000001
태화강,수온 (℃),2020.01,6.216666666666666,2019.01,4.416666666666667
태화강,수온 (℃),2020.02,6.2,2019.02,4.75
태화강,수온 (℃),2020.03,7.066666666666666,2019.03,6.216666666666666
태화강,수온 (℃),2020.04,10.916666666666666,2019.04,9.566666666666666
태화강,수온 (℃),2020.05,13.183333333333332,2019.05,13.483333333333334
태화강,수온 (℃),2020.06,0.0,2019.06,17.783333333333335
태화강,수온 (℃),2020.07,17.583333333333332,2019.07,18.716666666666665
태화강,수온 (℃),2020.08,23.53333333333333,2019.08,23.05
태화강,수온 (℃),2020.09,18.266666666666666,2019.09,23.383333333333336
태화강,수온 (℃),2020.10,15.833333333333334,2019.10,19.566666666666666
태화강,수온 (℃),2020.11,10.683333333333332,2019.11,16.766666666666666
태화강,수온 (℃),2020.12,5.216666666666667,2019.12,11.9
태화강,수은 Hg (㎎/ℓ),2020.01,0.0,2019.01,0.0
태화강,수은 Hg (㎎/ℓ),2020.02,0.0,2019.02,0.0
태화강,수은 Hg (㎎/ℓ),2020.03,0.0,2019.03,0.0
태화강,수은 Hg (㎎/ℓ),2020.04,0.0,2019.04,0.0
태화강,수은 Hg (㎎/ℓ),2020.05,0.0,2019.05,0.0
태화강,수은 Hg (㎎/ℓ),2020.06,0.0,2019.06,0.0
태화강,수은 Hg (㎎/ℓ),2020.07,0.0,2019.07,0.0
태화강,수은 Hg (㎎/ℓ),2020.08,0.0,2019.08,0.0
태화강,수은 Hg (㎎/ℓ),2020.09,0.0,2019.09,0.0
태화강,수은 Hg (㎎/ℓ),2020.10,0.0,2019.10,0.0
태화강,수은 Hg (㎎/ℓ),2020.11,0.0,2019.11,0.0
태화강,수은 Hg (㎎/ℓ),2020.12,0.0,2019.12,0.0
태화강,시안 CN (㎎/ℓ),2020.01,0.0,2019.01,0.0
태화강,시안 CN (㎎/ℓ),2020.02,0.0,2019.02,0.0
태화강,시안 CN (㎎/ℓ),2020.03,0.0,2019.03,0.0
태화강,시안 CN (㎎/ℓ),2020.04,0.0,2019.04,0.0
태화강,시안 CN (㎎/ℓ),2020.05,0.0,2019.05,0.0
태화강,시안 CN (㎎/ℓ),2020.06,0.0,2019.06,0.0
태화강,시안 CN (㎎/ℓ),2020.07,0.0,2019.07,0.0
태화강,시안 CN (㎎/ℓ),2020.08,0.0,2019.08,0.0
태화강,시안 CN (㎎/ℓ),2020.09,0.0,2019.09,0.0
태화강,시안 CN (㎎/ℓ),2020.10,0.0,2019.10,0.0
태화강,시안 CN (㎎/ℓ),2020.11,0.0,2019.11,0.0
태화강,시안 CN (㎎/ℓ),2020.12,0.0,2019.12,0.0
태화강,용존산소 DO (㎎/ℓ),2020.01,10.833333333333334,2019.01,11.333333333333334
태화강,용존산소 DO (㎎/ℓ),2020.02,10.883333333333333,2019.02,12.366666666666667
태화강,용존산소 DO (㎎/ℓ),2020.03,10.85,2019.03,11.233333333333334
태화강,용존산소 DO (㎎/ℓ),2020.04,8.200000000000001,2019.04,9.466666666666667
태화강,용존산소 DO (㎎/ℓ),2020.05,6.683333333333334,2019.05,7.933333333333334
태화강,용존산소 DO (㎎/ℓ),2020.06,0.0,2019.06,6.233333333333333
태화강,용존산소 DO (㎎/ℓ),2020.07,6.916666666666667,2019.07,4.883333333333334
태화강,용존산소 DO (㎎/ℓ),2020.08,6.433333333333334,2019.08,4.933333333333334
태화강,용존산소 DO (㎎/ℓ),2020.09,5.983333333333333,2019.09,4.933333333333334
태화강,용존산소 DO (㎎/ℓ),2020.10,7.6499999999999995,2019.10,5.783333333333334
태화강,용존산소 DO (㎎/ℓ),2020.11,8.866666666666667,2019.11,5.5
태화강,용존산소 DO (㎎/ℓ),2020.12,11.399999999999999,2019.12,7.933333333333334
태화강,카드뮴 Cd (㎎/ℓ),2020.01,0.0,2019.01,0.0
태화강,카드뮴 Cd (㎎/ℓ),2020.02,0.0,2019.02,0.0
태화강,카드뮴 Cd (㎎/ℓ),2020.03,0.0,2019.03,0.0
태화강,카드뮴 Cd (㎎/ℓ),2020.04,0.0,2019.04,0.0
태화강,카드뮴 Cd (㎎/ℓ),2020.05,0.0,2019.05,0.0
태화강,카드뮴 Cd (㎎/ℓ),2020.06,0.0,2019.06,0.0
태화강,카드뮴 Cd (㎎/ℓ),2020.07,0.0,2019.07,0.0
태화강,카드뮴 Cd (㎎/ℓ),2020.08,0.0,2019.08,0.0
태화강,카드뮴 Cd (㎎/ℓ),2020.09,0.0,2019.09,0.0
태화강,카드뮴 Cd (㎎/ℓ),2020.10,0.0,2019.10,0.0
태화강,카드뮴 Cd (㎎/ℓ),2020.11,0.0,2019.11,0.0
태화강,카드뮴 Cd (㎎/ℓ),2020.12,0.0,2019.12,0.0
한강,6가크롬 Cr6+ (㎎/ℓ),2020.01,0.0,2019.01,0.0
한강,6가크롬 Cr6+ (㎎/ℓ),2020.02,0.0,2019.02,0.0
한강,6가크롬 Cr6+ (㎎/ℓ),2020.03,0.0,2019.03,0.0
한강,6가크롬 Cr6+ (㎎/ℓ),2020.04,0.0,2019.04,0.0
한강,6가크롬 Cr6+ (㎎/ℓ),2020.05,0.0,2019.05,0.0
한강,6가크롬 Cr6+ (㎎/ℓ),2020.06,0.0,2019.06,0.0
한강,6가크롬 Cr6+ (㎎/ℓ),2020.07,0.0,2019.07,0.0
한강,6가크롬 Cr6+ (㎎/ℓ),2020.08,0.0,2019.08,0.0
한강,6가크롬 Cr6+ (㎎/ℓ),2020.09,0.0,2019.09,0.0
한강,6가크롬 Cr6+ (㎎/ℓ),2020.10,0.0,2019.10,0.0
한강,6가크롬 Cr6+ (㎎/ℓ),2020.11,0.0,2019.11,0.0
한강,6가크롬 Cr6+ (㎎/ℓ),2020.12,0.0,2019.12,0.0
한강,납 Pb (㎎/ℓ),2020.01,0.00013942857142857146,2019.01,5.7142857142857145e-06
한강,납 Pb (㎎/ℓ),2020.02,7.571428571428571e-05,2019.02,8.571428571428573e-06
한강,납 Pb (㎎/ℓ),2020.03,0.001572,2019.03,0.0006502857142857142
한강,납 Pb (㎎/ℓ),2020.04,3.514285714285714e-05,2019.04,0.000522
한강,납 Pb (㎎/ℓ),2020.05,2.1142857142857144e-05,2019.05,2e-06
한강,납 Pb (㎎/ℓ),2020.06,0.00016342857142857145,2019.06,0.00031542857142857143
한강,납 Pb (㎎/ℓ),2020.07,5.228571428571429e-05,2019.07,0.0
한강,납 Pb (㎎/ℓ),2020.08,0.0,2019.08,0.0
한강,납 Pb (㎎/ℓ),2020.09,0.0,2019.09,0.00027285714285714283
한강,납 Pb (㎎/ℓ),2020.10,0.0,2019.10,7.514285714285715e-05
한강,납 Pb (㎎/ℓ),2020.11,0.000148,2019.11,8.857142857142857e-06
한강,납 Pb (㎎/ℓ),2020.12,0.0007379999999999999,2019.12,0.0009182857142857144
한강,비소 As (㎎/ℓ),2020.01,0.0,2019.01,3.9999999999999996e-05
한강,비소 As (㎎/ℓ),2020.02,0.0,2019.02,3.428571428571429e-05
한강,비소 As (㎎/ℓ),2020.03,0.0,2019.03,5.7714285714285716e-05
한강,비소 As (㎎/ℓ),2020.04,8.285714285714285e-05,2019.04,0.00013771428571428572
한강,비소 As (㎎/ℓ),2020.05,4.0857142857142855e-05,2019.05,0.0
한강,비소 As (㎎/ℓ),2020.06,0.0,2019.06,0.00018057142857142857
한강,비소 As (㎎/ℓ),2020.07,0.00020400000000000003,2019.07,0.0002697142857142857
한강,비소 As (㎎/ℓ),2020.08,0.0,2019.08,0.0
한강,비소 As (㎎/ℓ),2020.09,8.114285714285714e-05,2019.09,0.0001437142857142857
한강,비소 As (㎎/ℓ),2020.10,0.00011657142857142858,2019.10,8.4e-05
한강,비소 As (㎎/ℓ),2020.11,0.00036285714285714285,2019.11,5.142857142857143e-05
한강,비소 As (㎎/ℓ),2020.12,0.00043914285714285713,2019.12,8.285714285714286e-05
한강,생물화학적산소요구량 BOD (㎎/ℓ),2020.01,1.1771428571428573,2019.01,0.9864864864864865
한강,생물화학적산소요구량 BOD (㎎/ℓ),2020.02,1.24,2019.02,0.7648648648648649
한강,생물화학적산소요구량 BOD (㎎/ℓ),2020.03,1.2714285714285714,2019.03,1.6675675675675676
한강,생물화학적산소요구량 BOD (㎎/ℓ),2020.04,1.5114285714285713,2019.04,1.67027027027027
한강,생물화학적산소요구량 BOD (㎎/ℓ),2020.05,1.6685714285714286,2019.05,1.445945945945946
한강,생물화학적산소요구량 BOD (㎎/ℓ),2020.06,1.4342857142857144,2019.06,1.32972972972973
한강,생물화학적산소요구량 BOD (㎎/ℓ),2020.07,1.4142857142857144,2019.07,1.2486486486486488
한강,생물화학적산소요구량 BOD (㎎/ℓ),2020.08,1.637142857142857,2019.08,1.491891891891892
한강,생물화학적산소요구량 BOD (㎎/ℓ),2020.09,1.4914285714285715,2019.09,1.162162162162162
한강,생물화학적산소요구량 BOD (㎎/ℓ),2020.10,1.5885714285714285,2019.10,1.1243243243243244
한강,생물화학적산소요구량 BOD (㎎/ℓ),2020.11,1.237142857142857,2019.11,1.0810810810810811
한강,생물화학적산소요구량 BOD (㎎/ℓ),2020.12,1.12,2019.12,0.9432432432432432
한강,수온 (℃),2020.01,4.531428571428571,2019.01,3.2405405405405405
한강,수온 (℃),2020.02,4.185714285714286,2019.02,2.2621621621621624
한강,수온 (℃),2020.03,7.445714285714287,2019.03,6.3297297297297295
한강,수온 (℃),2020.04,10.3,2019.04,8.864864864864865
한강,수온 (℃),2020.05,14.425714285714285,2019.05,13.889189189189189
한강,수온 (℃),2020.06,18.914285714285715,2019.06,18.55945945945946
한강,수온 (℃),2020.07,20.5,2019.07,20.87297297297297
한강,수온 (℃),2020.08,21.388571428571428,2019.08,23.764864864864865
한강,수온 (℃),2020.09,19.14857142857143,2019.09,21.25945945945946
한강,수온 (℃),2020.10,17.177142857142858,2019.10,17.864864864864863
한강,수온 (℃),2020.11,12.568571428571428,2019.11,13.756756756756756
한강,수온 (℃),2020.12,7.868571428571428,2019.12,7.737837837837838
한강,수은 Hg (㎎/ℓ),2020.01,6.857142857142857e-08,2019.01,5.714285714285714e-08
한강,수은 Hg (㎎/ℓ),2020.02,4.857142857142857e-08,2019.02,0.0
한강,수은 Hg (㎎/ℓ),2020.03,4.628571428571429e-07,2019.03,3.0857142857142855e-07
한강,수은 Hg (㎎/ℓ),2020.04,7.714285714285714e-08,2019.04,0.0
한강,수은 Hg (㎎/ℓ),2020.05,5.428571428571429e-08,2019.05,2.571428571428571e-08
한강,수은 Hg (㎎/ℓ),2020.06,1.8857142857142856e-07,2019.06,2.742857142857143e-07
한강,수은 Hg (㎎/ℓ),2020.07,2.571428571428571e-08,2019.07,3.142857142857143e-08
한강,수은 Hg (㎎/ℓ),2020.08,0.0,2019.08,6.285714285714286e-08
한강,수은 Hg (㎎/ℓ),2020.09,5.371428571428571e-07,2019.09,2.0857142857142856e-07
한강,수은 Hg (㎎/ℓ),2020.10,1.2e-07,2019.10,0.0
한강,수은 Hg (㎎/ℓ),2020.11,6.857142857142857e-08,2019.11,6.571428571428571e-08
한강,수은 Hg (㎎/ℓ),2020.12,2.2e-07,2019.12,4.228571428571429e-07
한강,시안 CN (㎎/ℓ),2020.01,0.0,2019.01,0.0
한강,시안 CN (㎎/ℓ),2020.02,0.0,2019.02,0.0
한강,시안 CN (㎎/ℓ),2020.03,0.0,2019.03,0.0
한강,시안 CN (㎎/ℓ),2020.04,0.0,2019.04,0.0
한강,시안 CN (㎎/ℓ),2020.05,0.0,2019.05,0.0
한강,시안 CN (㎎/ℓ),2020.06,0.0,2019.06,0.0
한강,시안 CN (㎎/ℓ),2020.07,0.0,2019.07,0.0
한강,시안 CN (㎎/ℓ),2020.08,0.0,2019.08,0.0
한강,시안 CN (㎎/ℓ),2020.09,0.0,2019.09,0.0
한강,시안 CN (㎎/ℓ),2020.10,0.0,2019.10,0.0
한강,시안 CN (㎎/ℓ),2020.11,0.0,2019.11,0.0
한강,시안 CN (㎎/ℓ),2020.12,0.0,2019.12,0.0
한강,용존산소 DO (㎎/ℓ),2020.01,9.911428571428571,2019.01,6.294594594594595
한강,용존산소 DO (㎎/ℓ),2020.02,10.705714285714285,2019.02,6.5729729729729724
한강,용존산소 DO (㎎/ℓ),2020.03,12.174285714285714,2019.03,12.486486486486486
한강,용존산소 DO (㎎/ℓ),2020.04,11.639999999999999,2019.04,11.572972972972973
한강,용존산소 DO (㎎/ℓ),2020.05,10.451428571428572,2019.05,10.313513513513515
한강,용존산소 DO (㎎/ℓ),2020.06,9.545714285714286,2019.06,9.343243243243244
한강,용존산소 DO (㎎/ℓ),2020.07,8.922857142857143,2019.07,8.613513513513514
한강,용존산소 DO (㎎/ℓ),2020.08,8.548571428571428,2019.08,8.87027027027027
한강,용존산소 DO (㎎/ℓ),2020.09,8.768571428571429,2019.09,8.25945945945946
한강,용존산소 DO (㎎/ℓ),2020.10,9.274285714285716,2019.10,8.64864864864865
한강,용존산소 DO (㎎/ℓ),2020.11,9.67142857142857,2019.11,9.356756756756756
한강,용존산소 DO (㎎/ℓ),2020.12,11.142857142857142,2019.12,10.402702702702703
한강,카드뮴 Cd (㎎/ℓ),2020.01,8.114285714285714e-05,2019.01,0.0
한강,카드뮴 Cd (㎎/ℓ),2020.02,0.0,2019.02,0.0
한강,카드뮴 Cd (㎎/ℓ),2020.03,0.0,2019.03,4.4e-05
한강,카드뮴 Cd (㎎/ℓ),2020.04,9.142857142857142e-06,2019.04,0.0
한강,카드뮴 Cd (㎎/ℓ),2020.05,3.4285714285714285e-06,2019.05,0.0
한강,카드뮴 Cd (㎎/ℓ),2020.06,9.999999999999999e-06,2019.06,5.714285714285714e-06
한강,카드뮴 Cd (㎎/ℓ),2020.07,3.1428571428571425e-06,2019.07,0.0
한강,카드뮴 Cd (㎎/ℓ),2020.08,0.0,2019.08,0.0
한강,카드뮴 Cd (㎎/ℓ),2020.09,8.857142857142857e-06,2019.09,5.714285714285715e-07
한강,카드뮴 Cd (㎎/ℓ),2020.10,7.714285714285714e-06,2019.10,0.0
한강,카드뮴 Cd (㎎/ℓ),2020.11,0.0,2019.11,4.2857142857142855e-06
한강,카드뮴 Cd (㎎/ℓ),2020.12,0.0,2019.12,0.0
형산강,6가크롬 Cr6+ (㎎/ℓ),2020.01,0.0,2019.01,0.0
형산강,6가크롬 Cr6+ (㎎/ℓ),2020.02,0.0,2019.02,0.0
형산강,6가크롬 Cr6+ (㎎/ℓ),2020.03,0.0,2019.03,0.0
형산강,6가크롬 Cr6+ (㎎/ℓ),2020.04,0.0,2019.04,0.0
형산강,6가크롬 Cr6+ (㎎/ℓ),2020.05,0.0,2019.05,0.0
형산강,6가크롬 Cr6+ (㎎/ℓ),2020.06,0.0,2019.06,0.0
형산강,6가크롬 Cr6+ (㎎/ℓ),2020.07,0.0,2019.07,0.0
형산강,6가크롬 Cr6+ (㎎/ℓ),2020.08,0.0,2019.08,0.0
형산강,6가크롬 Cr6+ (㎎/ℓ),2020.09,0.0,2019.09,0.0
형산강,6가크롬 Cr6+ (㎎/ℓ),2020.10,0.0,2019.10,0.0
형산강,6가크롬 Cr6+ (㎎/ℓ),2020.11,0.0,2019.11,0.0
형산강,6가크롬 Cr6+ (㎎/ℓ),2020.12,0.0,2019.12,0.0
형산강,납 Pb (㎎/ℓ),2020.01,0.0,2019.01,0.0
형산강,납 Pb (㎎/ℓ),2020.02,0.0,2019.02,0.0
형산강,납 Pb (㎎/ℓ),2020.03,0.0,2019.03,0.0
형산강,납 Pb (㎎/ℓ),2020.04,0.0,2019.04,0.0
형산강,납 Pb (㎎/ℓ),2020.05,0.0,2019.05,0.0
형산강,납 Pb (㎎/ℓ),2020.06,0.0,2019.06,0.0
형산강,납 Pb (㎎/ℓ),2020.07,0.0,2019.07,0.0
형산강,납 Pb (㎎/ℓ),2020.08,0.0,2019.08,0.0
형산강,납 Pb (㎎/ℓ),2020.09,0.0,2019.09,0.0
형산강,납 Pb (㎎/ℓ),2020.10,0.0,2019.10,0.0
형산강,납 Pb (㎎/ℓ),2020.11,0.0,2019.11,0.0
형산강,납 Pb (㎎/ℓ),2020.12,0.0,2019.12,0.0
형산강,비소 As (㎎/ℓ),2020.01,0.0,2019.01,0.0
형산강,비소 As (㎎/ℓ),2020.02,0.0,2019.02,0.0
형산강,비소 As (㎎/ℓ),2020.03,0.0,2019.03,0.0
형산강,비소 As (㎎/ℓ),2020.04,0.0,2019.04,0.0
형산강,비소 As (㎎/ℓ),2020.05,0.0,2019.05,0.0
형산강,비소 As (㎎/ℓ),2020.06,0.0,2019.06,0.0
형산강,비소 As (㎎/ℓ),2020.07,0.0,2019.07,0.0
형산강,비소 As (㎎/ℓ),2020.08,0.0,2019.08,0.0
형산강,비소 As (㎎/ℓ),2020.09,0.0,2019.09,0.0
형산강,비소 As (㎎/ℓ),2020.10,0.0,2019.10,0.0
형산강,비소 As (㎎/ℓ),2020.11,0.0,2019.11,0.0
형산강,비소 As (㎎/ℓ),2020.12,0.0,2019.12,0.0
형산강,생물화학적산소요구량 BOD (㎎/ℓ),2020.01,1.9333333333333333,2019.01,2.4
형산강,생물화학적산소요구량 BOD (㎎/ℓ),2020.02,2.1333333333333333,2019.02,1.5
형산강,생물화학적산소요구량 BOD (㎎/ℓ),2020.03,1.7,2019.03,2.6666666666666665
형산강,생물화학적산소요구량 BOD (㎎/ℓ),2020.04,1.9333333333333333,2019.04,3.0
형산강,생물화학적산소요구량 BOD (㎎/ℓ),2020.05,2.4,2019.05,2.3333333333333335
형산강,생물화학적산소요구량 BOD (㎎/ℓ),2020.06,1.6666666666666667,2019.06,2.1
형산강,생물화학적산소요구량 BOD (㎎/ℓ),2020.07,2.5,2019.07,2.1333333333333333
형산강,생물화학적산소요구량 BOD (㎎/ℓ),2020.08,1.0333333333333332,2019.08,1.5666666666666664
형산강,생물화학적산소요구량 BOD (㎎/ℓ),2020.09,2.9333333333333336,2019.09,2.3666666666666667
형산강,생물화학적산소요구량 BOD (㎎/ℓ),2020.10,2.533333333333333,2019.10,2.433333333333333
형산강,생물화학적산소요구량 BOD (㎎/ℓ),2020.11,1.9666666666666668,2019.11,1.7333333333333332
형산강,생물화학적산소요구량 BOD (㎎/ℓ),2020.12,1.8,2019.12,1.5999999999999999
형산강,수온 (℃),2020.01,5.433333333333334,2019.01,3.6999999999999997
형산강,수온 (℃),2020.02,7.3,2019.02,6.8
형산강,수온 (℃),2020.03,8.4,2019.03,9.700000000000001
형산강,수온 (℃),2020.04,13.433333333333332,2019.04,12.466666666666667
형산강,수온 (℃),2020.05,19.5,2019.05,19.2
형산강,수온 (℃),2020.06,24.0,2019.06,24.2
형산강,수온 (℃),2020.07,22.866666666666664,2019.07,24.233333333333334
형산강,수온 (℃),2020.08,8.9,2019.08,29.200000000000003
형산강,수온 (℃),2020.09,22.933333333333334,2019.09,23.766666666666666
형산강,수온 (℃),2020.10,18.733333333333334,2019.10,19.866666666666667
형산강,수온 (℃),2020.11,15.066666666666665,2019.11,13.6
형산강,수온 (℃),2020.12,9.066666666666666,2019.12,11.233333333333334
형산강,수은 Hg (㎎/ℓ),2020.01,0.0,2019.01,0.0
형산강,수은 Hg (㎎/ℓ),2020.02,0.0,2019.02,0.0
형산강,수은 Hg (㎎/ℓ),2020.03,0.0,2019.03,0.0
형산강,수은 Hg (㎎/ℓ),2020.04,0.0,2019.04,0.0
형산강,수은 Hg (㎎/ℓ),2020.05,0.0,2019.05,0.0
형산강,수은 Hg (㎎/ℓ),2020.06,0.0,2019.06,0.0
형산강,수은 Hg (㎎/ℓ),2020.07,0.0,2019.07,0.0
형산강,수은 Hg (㎎/ℓ),2020.08,0.0,2019.08,0.0
형산강,수은 Hg (㎎/ℓ),2020.09,0.0,2019.09,0.0
형산강,수은 Hg (㎎/ℓ),2020.10,0.0,2019.10,0.0
형산강,수은 Hg (㎎/ℓ),2020.11,0.0,2019.11,0.0
형산강,수은 Hg (㎎/ℓ),2020.12,0.0,2019.12,0.0
형산강,시안 CN (㎎/ℓ),2020.01,0.0,2019.01,0.0
형산강,시안 CN (㎎/ℓ),2020.02,0.0,2019.02,0.0
형산강,시안 CN (㎎/ℓ),2020.03,0.0,2019.03,0.0
형산강,시안 CN (㎎/ℓ),2020.04,0.0,2019.04,0.0
형산강,시안 CN (㎎/ℓ),2020.05,0.0,2019.05,0.0
형산강,시안 CN (㎎/ℓ),2020.06,0.0,2019.06,0.0
형산강,시안 CN (㎎/ℓ),2020.07,0.0,2019.07,0.0
형산강,시안 CN (㎎/ℓ),2020.08,0.0,2019.08,0.0
형산강,시안 CN (㎎/ℓ),2020.09,0.0,2019.09,0.0
형산강,시안 CN (㎎/ℓ),2020.10,0.0,2019.10,0.0
형산강,시안 CN (㎎/ℓ),2020.11,0.0,2019.11,0.0
형산강,시안 CN (㎎/ℓ),2020.12,0.0,2019.12,0.0
형산강,용존산소 DO (㎎/ℓ),2020.01,10.266666666666666,2019.01,11.366666666666667
형산강,용존산소 DO (㎎/ℓ),2020.02,12.266666666666666,2019.02,14.966666666666669
형산강,용존산소 DO (㎎/ℓ),2020.03,11.6,2019.03,12.266666666666666
형산강,용존산소 DO (㎎/ℓ),2020.04,10.5,2019.04,11.1
형산강,용존산소 DO (㎎/ℓ),2020.05,8.9,2019.05,8.299999999999999
형산강,용존산소 DO (㎎/ℓ),2020.06,8.5,2019.06,7.3999999999999995
형산강,용존산소 DO (㎎/ℓ),2020.07,6.8,2019.07,7.933333333333334
형산강,용존산소 DO (㎎/ℓ),2020.08,7.433333333333334,2019.08,6.333333333333333
형산강,용존산소 DO (㎎/ℓ),2020.09,8.133333333333333,2019.09,7.166666666666667
형산강,용존산소 DO (㎎/ℓ),2020.10,9.166666666666666,2019.10,8.666666666666666
형산강,용존산소 DO (㎎/ℓ),2020.11,10.366666666666667,2019.11,9.233333333333334
형산강,용존산소 DO (㎎/ℓ),2020.12,11.433333333333332,2019.12,9.6
형산강,카드뮴 Cd (㎎/ℓ),2020.01,0.0,2019.01,0.0
형산강,카드뮴 Cd (㎎/ℓ),2020.02,0.0,2019.02,0.0
형산강,카드뮴 Cd (㎎/ℓ),2020.03,0.0,2019.03,0.0
형산강,카드뮴 Cd (㎎/ℓ),2020.04,0.0,2019.04,0.0
형산강,카드뮴 Cd (㎎/ℓ),2020.05,0.0,2019.05,0.0
형산강,카드뮴 Cd (㎎/ℓ),2020.06,0.0,2019.06,0.0
형산강,카드뮴 Cd (㎎/ℓ),2020.07,0.0,2019.07,0.0
형산강,카드뮴 Cd (㎎/ℓ),2020.08,0.0,2019.08,0.0
형산강,카드뮴 Cd (㎎/ℓ),2020.09,0.0,2019.09,0.0
형산강,카드뮴 Cd (㎎/ℓ),2020.10,0.0,2019.10,0.0
형산강,카드뮴 Cd (㎎/ℓ),2020.11,0.0,2019.11,0.0
형산강,카드뮴 Cd (㎎/ℓ),2020.12,0.0,2019.12,0.0
회야강,6가크롬 Cr6+ (㎎/ℓ),2020.01,0.0,2019.01,0.0
회야강,6가크롬 Cr6+ (㎎/ℓ),2020.02,0.0,2019.02,0.0
회야강,6가크롬 Cr6+ (㎎/ℓ),2020.03,0.0,2019.03,0.0
회야강,6가크롬 Cr6+ (㎎/ℓ),2020.04,0.0,2019.04,0.0
회야강,6가크롬 Cr6+ (㎎/ℓ),2020.05,0.0,2019.05,0.0
회야강,6가크롬 Cr6+ (㎎/ℓ),2020.06,0.0,2019.06,0.0
회야강,6가크롬 Cr6+ (㎎/ℓ),2020.07,0.0,2019.07,0.0
회야강,6가크롬 Cr6+ (㎎/ℓ),2020.08,0.0,2019.08,0.0
회야강,6가크롬 Cr6+ (㎎/ℓ),2020.09,0.0,2019.09,0.0
회야강,6가크롬 Cr6+ (㎎/ℓ),2020.10,0.0,2019.10,0.0
회야강,6가크롬 Cr6+ (㎎/ℓ),2020.11,0.0,2019.11,0.0
회야강,6가크롬 Cr6+ (㎎/ℓ),2020.12,0.0,2019.12,0.0
회야강,납 Pb (㎎/ℓ),2020.01,0.0,2019.01,0.0
회야강,납 Pb (㎎/ℓ),2020.02,0.00033,2019.02,0.0
회야강,납 Pb (㎎/ℓ),2020.03,0.0,2019.03,0.0
회야강,납 Pb (㎎/ℓ),2020.04,0.0,2019.04,0.0
회야강,납 Pb (㎎/ℓ),2020.05,0.0,2019.05,0.0
회야강,납 Pb (㎎/ℓ),2020.06,0.0,2019.06,0.0
회야강,납 Pb (㎎/ℓ),2020.07,0.000265,2019.07,0.0
회야강,납 Pb (㎎/ℓ),2020.08,0.0,2019.08,0.0
회야강,납 Pb (㎎/ℓ),2020.09,0.0,2019.09,0.0
회야강,납 Pb (㎎/ℓ),2020.10,0.0,2019.10,0.0
회야강,납 Pb (㎎/ℓ),2020.11,0.0,2019.11,0.0
회야강,납 Pb (㎎/ℓ),2020.12,0.0,2019.12,0.0
회야강,비소 As (㎎/ℓ),2020.01,0.0075,2019.01,0.0
회야강,비소 As (㎎/ℓ),2020.02,0.001,2019.02,0.0
회야강,비소 As (㎎/ℓ),2020.03,0.002225,2019.03,0.0
회야강,비소 As (㎎/ℓ),2020.04,0.0035,2019.04,0.0
회야강,비소 As (㎎/ℓ),2020.05,0.002,2019.05,0.0
회야강,비소 As (㎎/ℓ),2020.06,0.0,2019.06,0.0
회야강,비소 As (㎎/ℓ),2020.07,0.001335,2019.07,0.0
회야강,비소 As (㎎/ℓ),2020.08,0.0,2019.08,0.001
회야강,비소 As (㎎/ℓ),2020.09,0.0,2019.09,0.01
회야강,비소 As (㎎/ℓ),2020.10,0.0035,2019.10,0.001
회야강,비소 As (㎎/ℓ),2020.11,0.0,2019.11,0.0
회야강,비소 As (㎎/ℓ),2020.12,0.001,2019.12,0.0
회야강,생물화학적산소요구량 BOD (㎎/ℓ),2020.01,0.8500000000000001,2019.01,0.4
회야강,생물화학적산소요구량 BOD (㎎/ℓ),2020.02,0.8,2019.02,1.6
회야강,생물화학적산소요구량 BOD (㎎/ℓ),2020.03,1.7,2019.03,0.4
회야강,생물화학적산소요구량 BOD (㎎/ℓ),2020.04,0.75,2019.04,0.7
회야강,생물화학적산소요구량 BOD (㎎/ℓ),2020.05,0.6,2019.05,1.1
회야강,생물화학적산소요구량 BOD (㎎/ℓ),2020.06,1.75,2019.06,1.55
회야강,생물화학적산소요구량 BOD (㎎/ℓ),2020.07,1.75,2019.07,2.55
회야강,생물화학적산소요구량 BOD (㎎/ℓ),2020.08,2.55,2019.08,2.25
회야강,생물화학적산소요구량 BOD (㎎/ℓ),2020.09,0.0,2019.09,2.45
회야강,생물화학적산소요구량 BOD (㎎/ℓ),2020.10,0.75,2019.10,0.6
회야강,생물화학적산소요구량 BOD (㎎/ℓ),2020.11,1.5,2019.11,1.55
회야강,생물화학적산소요구량 BOD (㎎/ℓ),2020.12,0.7,2019.12,0.7
회야강,수온 (℃),2020.01,6.5,2019.01,5.6
회야강,수온 (℃),2020.02,6.65,2019.02,5.3
회야강,수온 (℃),2020.03,9.0,2019.03,9.15
회야강,수온 (℃),2020.04,12.7,2019.04,12.85
회야강,수온 (℃),2020.05,16.45,2019.05,15.7
회야강,수온 (℃),2020.06,19.05,2019.06,20.8
회야강,수온 (℃),2020.07,22.35,2019.07,22.15
회야강,수온 (℃),2020.08,6.55,2019.08,25.6
회야강,수온 (℃),2020.09,0.0,2019.09,26.049999999999997
회야강,수온 (℃),2020.10,20.05,2019.10,20.15
회야강,수온 (℃),2020.11,14.95,2019.11,16.4
회야강,수온 (℃),2020.12,10.45,2019.12,10.2
회야강,수은 Hg (㎎/ℓ),2020.01,0.0,2019.01,0.0
회야강,수은 Hg (㎎/ℓ),2020.02,0.0,2019.02,0.0
회야강,수은 Hg (㎎/ℓ),2020.03,0.0,2019.03,0.0
회야강,수은 Hg (㎎/ℓ),2020.04,0.0,2019.04,0.0
회야강,수은 Hg (㎎/ℓ),2020.05,0.0,2019.05,0.0
회야강,수은 Hg (㎎/ℓ),2020.06,0.0,2019.06,0.0
회야강,수은 Hg (㎎/ℓ),2020.07,0.0,2019.07,0.0
회야강,수은 Hg (㎎/ℓ),2020.08,0.0,2019.08,0.0
회야강,수은 Hg (㎎/ℓ),2020.09,0.0,2019.09,0.0
회야강,수은 Hg (㎎/ℓ),2020.10,0.0,2019.10,0.0
회야강,수은 Hg (㎎/ℓ),2020.11,5e-06,2019.11,0.0
회야강,수은 Hg (㎎/ℓ),2020.12,0.0,2019.12,0.0
회야강,시안 CN (㎎/ℓ),2020.01,0.0,2019.01,0.0
회야강,시안 CN (㎎/ℓ),2020.02,0.0,2019.02,0.0
회야강,시안 CN (㎎/ℓ),2020.03,0.0,2019.03,0.0
회야강,시안 CN (㎎/ℓ),2020.04,0.0,2019.04,0.0
회야강,시안 CN (㎎/ℓ),2020.05,0.0,2019.05,0.0
회야강,시안 CN (㎎/ℓ),2020.06,0.0,2019.06,0.0
회야강,시안 CN (㎎/ℓ),2020.07,0.0,2019.07,0.0
회야강,시안 CN (㎎/ℓ),2020.08,0.0,2019.08,0.0
회야강,시안 CN (㎎/ℓ),2020.09,0.0,2019.09,0.0
회야강,시안 CN (㎎/ℓ),2020.10,0.0,2019.10,0.0
회야강,시안 CN (㎎/ℓ),2020.11,0.0,2019.11,0.0
회야강,시안 CN (㎎/ℓ),2020.12,0.0,2019.12,0.0
회야강,용존산소 DO (㎎/ℓ),2020.01,11.350000000000001,2019.01,11.9
회야강,용존산소 DO (㎎/ℓ),2020.02,11.350000000000001,2019.02,12.3
회야강,용존산소 DO (㎎/ℓ),2020.03,11.8,2019.03,11.2
회야강,용존산소 DO (㎎/ℓ),2020.04,10.7,2019.04,10.4
회야강,용존산소 DO (㎎/ℓ),2020.05,7.75,2019.05,7.4
회야강,용존산소 DO (㎎/ℓ),2020.06,6.5,2019.06,8.3
회야강,용존산소 DO (㎎/ℓ),2020.07,5.45,2019.07,6.300000000000001
회야강,용존산소 DO (㎎/ℓ),2020.08,9.2,2019.08,6.85
회야강,용존산소 DO (㎎/ℓ),2020.09,0.0,2019.09,5.949999999999999
회야강,용존산소 DO (㎎/ℓ),2020.10,7.6,2019.10,7.199999999999999
회야강,용존산소 DO (㎎/ℓ),2020.11,8.65,2019.11,7.4
회야강,용존산소 DO (㎎/ℓ),2020.12,9.75,2019.12,9.850000000000001
회야강,카드뮴 Cd (㎎/ℓ),2020.01,0.0,2019.01,0.0
회야강,카드뮴 Cd (㎎/ℓ),2020.02,0.0,2019.02,0.0
회야강,카드뮴 Cd (㎎/ℓ),2020.03,0.0,2019.03,0.0
회야강,카드뮴 Cd (㎎/ℓ),2020.04,0.0,2019.04,0.0
회야강,카드뮴 Cd (㎎/ℓ),2020.05,0.0,2019.05,0.0
회야강,카드뮴 Cd (㎎/ℓ),2020.06,0.0,2019.06,0.0
회야강,카드뮴 Cd (㎎/ℓ),2020.07,0.0,2019.07,0.0
회야강,카드뮴 Cd (㎎/ℓ),2020.08,0.0,2019.08,0.0
회야강,카드뮴 Cd (㎎/ℓ),2020.09,0.0,2019.09,0.0
회야강,카드뮴 Cd (㎎/ℓ),2020.10,0.0,2019.10,0.0
회야강,카드뮴 Cd (㎎/ℓ),2020.11,0.0,2019.11,0.0
회야강,카드뮴 Cd (㎎/ℓ),2020.12,0.0,2019.12,0.0
