지역,종류,날짜,수치
강원도,미세먼지 PM10,2019.01,55.76923076923077
강원도,미세먼지 PM2.5,2019.01,31.923076923076923
강원도,아황산가스,2019.01,0.0033846153846153844
강원도,오존,2019.01,0.022153846153846156
강원도,이산화질소,2019.01,0.01846153846153846
강원도,일산화탄소,2019.01,0.6307692307692307
경기도,미세먼지 PM10,2019.01,73.1875
경기도,미세먼지 PM2.5,2019.01,42.0
경기도,아황산가스,2019.01,0.004625
경기도,오존,2019.01,0.01325
경기도,이산화질소,2019.01,0.034375
경기도,일산화탄소,2019.01,0.728125
경상남도,미세먼지 PM10,2019.01,47.06666666666667
경상남도,미세먼지 PM2.5,2019.01,23.4
경상남도,아황산가스,2019.01,0.0037333333333333333
경상남도,오존,2019.01,0.0254
경상남도,이산화질소,2019.01,0.019466666666666667
경상남도,일산화탄소,2019.01,0.52
경상북도,미세먼지 PM10,2019.01,64.0
경상북도,미세먼지 PM2.5,2019.01,35.1
경상북도,아황산가스,2019.01,0.004399999999999999
경상북도,오존,2019.01,0.023
경상북도,이산화질소,2019.01,0.0194
경상북도,일산화탄소,2019.01,0.5700000000000001
광주광역시,미세먼지 PM10,2019.01,53.0
광주광역시,미세먼지 PM2.5,2019.01,33.0
광주광역시,아황산가스,2019.01,0.003
광주광역시,오존,2019.01,0.021
광주광역시,이산화질소,2019.01,0.025
광주광역시,일산화탄소,2019.01,0.6
대구광역시,미세먼지 PM10,2019.01,57.0
대구광역시,미세먼지 PM2.5,2019.01,33.0
대구광역시,아황산가스,2019.01,0.004
대구광역시,오존,2019.01,0.017
대구광역시,이산화질소,2019.01,0.029
대구광역시,일산화탄소,2019.01,0.7
대전광역시,미세먼지 PM10,2019.01,66.0
대전광역시,미세먼지 PM2.5,2019.01,34.0
대전광역시,아황산가스,2019.01,0.004
대전광역시,오존,2019.01,0.013
대전광역시,이산화질소,2019.01,0.029
대전광역시,일산화탄소,2019.01,0.6
부산광역시,미세먼지 PM10,2019.01,48.0
부산광역시,미세먼지 PM2.5,2019.01,29.0
부산광역시,아황산가스,2019.01,0.005
부산광역시,오존,2019.01,0.023
부산광역시,이산화질소,2019.01,0.024
부산광역시,일산화탄소,2019.01,0.4
서울특별시,미세먼지 PM10,2019.01,66.0
서울특별시,미세먼지 PM2.5,2019.01,38.0
서울특별시,아황산가스,2019.01,0.005
서울특별시,오존,2019.01,0.012
서울특별시,이산화질소,2019.01,0.039
서울특별시,일산화탄소,2019.01,0.8
세종특별자치시,미세먼지 PM10,2019.01,70.0
세종특별자치시,미세먼지 PM2.5,2019.01,41.0
세종특별자치시,아황산가스,2019.01,0.004
세종특별자치시,오존,2019.01,0.014
세종특별자치시,이산화질소,2019.01,0.024
세종특별자치시,일산화탄소,2019.01,0.8
울산광역시,미세먼지 PM10,2019.01,45.0
울산광역시,미세먼지 PM2.5,2019.01,26.0
울산광역시,아황산가스,2019.01,0.004
울산광역시,오존,2019.01,0.025
울산광역시,이산화질소,2019.01,0.024
울산광역시,일산화탄소,2019.01,0.6
인천광역시,미세먼지 PM10,2019.01,62.0
인천광역시,미세먼지 PM2.5,2019.01,33.0
인천광역시,아황산가스,2019.01,0.006
인천광역시,오존,2019.01,0.017
인천광역시,이산화질소,2019.01,0.032
인천광역시,일산화탄소,2019.01,0.7
전라남도,미세먼지 PM10,2019.01,44.72727272727273
전라남도,미세먼지 PM2.5,2019.01,28.454545454545453
전라남도,아황산가스,2019.01,0.004636363636363636
전라남도,오존,2019.01,0.025
전라남도,이산화질소,2019.01,0.014636363636363637
전라남도,일산화탄소,2019.01,0.5454545454545454
전라북도,미세먼지 PM10,2019.01,58.6
전라북도,미세먼지 PM2.5,2019.01,38.53333333333333
전라북도,아황산가스,2019.01,0.003857142857142857
전라북도,오존,2019.01,0.022733333333333335
전라북도,이산화질소,2019.01,0.016466666666666668
전라북도,일산화탄소,2019.01,0.56
제주특별자치도,미세먼지 PM10,2019.01,35.333333333333336
제주특별자치도,미세먼지 PM2.5,2019.01,22.0
제주특별자치도,아황산가스,2019.01,0.0023333333333333335
제주특별자치도,오존,2019.01,0.039
제주특별자치도,이산화질소,2019.01,0.011999999999999999
제주특별자치도,일산화탄소,2019.01,0.39999999999999997
충청남도,미세먼지 PM10,2019.01,60.1875
충청남도,미세먼지 PM2.5,2019.01,36.25
충청남도,아황산가스,2019.01,0.00475
충청남도,오존,2019.01,0.0203125
충청남도,이산화질소,2019.01,0.021375
충청남도,일산화탄소,2019.01,0.725
충청북도,미세먼지 PM10,2019.01,68.9
충청북도,미세먼지 PM2.5,2019.01,45.8
충청북도,아황산가스,2019.01,0.0049
충청북도,오존,2019.01,0.014799999999999999
충청북도,이산화질소,2019.01,0.027800000000000002
충청북도,일산화탄소,2019.01,0.7
강원도,미세먼지 PM10,2019.02,49.44444444444444
강원도,미세먼지 PM2.5,2019.02,30.055555555555557
강원도,아황산가스,2019.02,0.0030555555555555557
강원도,오존,2019.02,0.027777777777777776
강원도,이산화질소,2019.02,0.014055555555555556
강원도,일산화탄소,2019.02,0.5470588235294118
경기도,미세먼지 PM10,2019.02,61.41935483870968
경기도,미세먼지 PM2.5,2019.02,38.0625
경기도,아황산가스,2019.02,0.0041875
경기도,오존,2019.02,0.01971875
경기도,이산화질소,2019.02,0.029687500000000002
경기도,일산화탄소,2019.02,0.6281249999999999
경상남도,미세먼지 PM10,2019.02,50.4
경상남도,미세먼지 PM2.5,2019.02,25.0
경상남도,아황산가스,2019.02,0.003533333333333333
경상남도,오존,2019.02,0.03173333333333333
경상남도,이산화질소,2019.02,0.017066666666666667
경상남도,일산화탄소,2019.02,0.49333333333333335
경상북도,미세먼지 PM10,2019.02,57.888888888888886
경상북도,미세먼지 PM2.5,2019.02,34.1
경상북도,아황산가스,2019.02,0.003888888888888889
경상북도,오존,2019.02,0.027444444444444445
경상북도,이산화질소,2019.02,0.018444444444444444
경상북도,일산화탄소,2019.02,0.5222222222222223
광주광역시,미세먼지 PM10,2019.02,57.0
광주광역시,미세먼지 PM2.5,2019.02,34.0
광주광역시,아황산가스,2019.02,0.003
광주광역시,오존,2019.02,0.028
광주광역시,이산화질소,2019.02,0.02
광주광역시,일산화탄소,2019.02,0.6
대구광역시,미세먼지 PM10,2019.02,54.0
대구광역시,미세먼지 PM2.5,2019.02,33.0
대구광역시,아황산가스,2019.02,0.003
대구광역시,오존,2019.02,0.024
대구광역시,이산화질소,2019.02,0.026
대구광역시,일산화탄소,2019.02,0.6
대전광역시,미세먼지 PM10,2019.02,62.0
대전광역시,미세먼지 PM2.5,2019.02,36.0
대전광역시,아황산가스,2019.02,0.003
대전광역시,오존,2019.02,0.016
대전광역시,이산화질소,2019.02,0.027
대전광역시,일산화탄소,2019.02,0.6
부산광역시,미세먼지 PM10,2019.02,48.0
부산광역시,미세먼지 PM2.5,2019.02,28.0
부산광역시,아황산가스,2019.02,0.004
부산광역시,오존,2019.02,0.029
부산광역시,이산화질소,2019.02,0.022
부산광역시,일산화탄소,2019.02,0.4
서울특별시,미세먼지 PM10,2019.02,57.0
서울특별시,미세먼지 PM2.5,2019.02,35.0
서울특별시,아황산가스,2019.02,0.005
서울특별시,오존,2019.02,0.018
서울특별시,이산화질소,2019.02,0.036
서울특별시,일산화탄소,2019.02,0.7
세종특별자치시,미세먼지 PM10,2019.02,64.0
세종특별자치시,미세먼지 PM2.5,2019.02,41.0
세종특별자치시,아황산가스,2019.02,0.004
세종특별자치시,오존,2019.02,0.02
세종특별자치시,이산화질소,2019.02,0.021
세종특별자치시,일산화탄소,2019.02,0.6
울산광역시,미세먼지 PM10,2019.02,46.0
울산광역시,미세먼지 PM2.5,2019.02,26.0
울산광역시,아황산가스,2019.02,0.004
울산광역시,오존,2019.02,0.03
울산광역시,이산화질소,2019.02,0.022
울산광역시,일산화탄소,2019.02,0.6
인천광역시,미세먼지 PM10,2019.02,55.0
인천광역시,미세먼지 PM2.5,2019.02,31.0
인천광역시,아황산가스,2019.02,0.006
인천광역시,오존,2019.02,0.023
인천광역시,이산화질소,2019.02,0.029
인천광역시,일산화탄소,2019.02,0.7
전라남도,미세먼지 PM10,2019.02,47.666666666666664
전라남도,미세먼지 PM2.5,2019.02,29.733333333333334
전라남도,아황산가스,2019.02,0.0041333333333333335
전라남도,오존,2019.02,0.0324
전라남도,이산화질소,2019.02,0.0128
전라남도,일산화탄소,2019.02,0.5714285714285714
전라북도,미세먼지 PM10,2019.02,60.333333333333336
전라북도,미세먼지 PM2.5,2019.02,39.4
전라북도,아황산가스,2019.02,0.0036
전라북도,오존,2019.02,0.030533333333333336
전라북도,이산화질소,2019.02,0.014199999999999999
전라북도,일산화탄소,2019.02,0.5357142857142857
제주특별자치도,미세먼지 PM10,2019.02,42.0
제주특별자치도,미세먼지 PM2.5,2019.02,24.0
제주특별자치도,아황산가스,2019.02,0.002
제주특별자치도,오존,2019.02,0.042666666666666665
제주특별자치도,이산화질소,2019.02,0.011000000000000001
제주특별자치도,일산화탄소,2019.02,0.39999999999999997
충청남도,미세먼지 PM10,2019.02,57.0
충청남도,미세먼지 PM2.5,2019.02,34.625
충청남도,아황산가스,2019.02,0.00475
충청남도,오존,2019.02,0.0266875
충청남도,이산화질소,2019.02,0.01875
충청남도,일산화탄소,2019.02,0.68125
충청북도,미세먼지 PM10,2019.02,61.666666666666664
충청북도,미세먼지 PM2.5,2019.02,44.75
충청북도,아황산가스,2019.02,0.004333333333333334
충청북도,오존,2019.02,0.022166666666666668
충청북도,이산화질소,2019.02,0.023333333333333334
충청북도,일산화탄소,2019.02,0.6416666666666667
강원도,미세먼지 PM10,2019.03,57.333333333333336
강원도,미세먼지 PM2.5,2019.03,37.05555555555556
강원도,아황산가스,2019.03,0.0029444444444444444
강원도,오존,2019.03,0.03938888888888889
강원도,이산화질소,2019.03,0.012666666666666666
강원도,일산화탄소,2019.03,0.49444444444444446
경기도,미세먼지 PM10,2019.03,71.59375
경기도,미세먼지 PM2.5,2019.03,46.53125
경기도,아황산가스,2019.03,0.0041875
경기도,오존,2019.03,0.0301875
경기도,이산화질소,2019.03,0.02709375
경기도,일산화탄소,2019.03,0.5812499999999999
경상남도,미세먼지 PM10,2019.03,50.4
경상남도,미세먼지 PM2.5,2019.03,25.533333333333335
경상남도,아황산가스,2019.03,0.003533333333333333
경상남도,오존,2019.03,0.0442
경상남도,이산화질소,2019.03,0.016
경상남도,일산화탄소,2019.03,0.46
경상북도,미세먼지 PM10,2019.03,58.25
경상북도,미세먼지 PM2.5,2019.03,33.083333333333336
경상북도,아황산가스,2019.03,0.003416666666666667
경상북도,오존,2019.03,0.04016666666666666
경상북도,이산화질소,2019.03,0.015583333333333333
경상북도,일산화탄소,2019.03,0.43333333333333335
광주광역시,미세먼지 PM10,2019.03,63.0
광주광역시,미세먼지 PM2.5,2019.03,39.0
광주광역시,아황산가스,2019.03,0.002
광주광역시,오존,2019.03,0.036
광주광역시,이산화질소,2019.03,0.022
광주광역시,일산화탄소,2019.03,0.5
대구광역시,미세먼지 PM10,2019.03,54.0
대구광역시,미세먼지 PM2.5,2019.03,33.0
대구광역시,아황산가스,2019.03,0.003
대구광역시,오존,2019.03,0.036
대구광역시,이산화질소,2019.03,0.021
대구광역시,일산화탄소,2019.03,0.5
대전광역시,미세먼지 PM10,2019.03,68.0
대전광역시,미세먼지 PM2.5,2019.03,39.0
대전광역시,아황산가스,2019.03,0.003
대전광역시,오존,2019.03,0.028
대전광역시,이산화질소,2019.03,0.023
대전광역시,일산화탄소,2019.03,0.5
부산광역시,미세먼지 PM10,2019.03,51.0
부산광역시,미세먼지 PM2.5,2019.03,30.0
부산광역시,아황산가스,2019.03,0.004
부산광역시,오존,2019.03,0.039
부산광역시,이산화질소,2019.03,0.02
부산광역시,일산화탄소,2019.03,0.4
서울특별시,미세먼지 PM10,2019.03,69.0
서울특별시,미세먼지 PM2.5,2019.03,45.0
서울특별시,아황산가스,2019.03,0.005
서울특별시,오존,2019.03,0.028
서울특별시,이산화질소,2019.03,0.034
서울특별시,일산화탄소,2019.03,0.6
세종특별자치시,미세먼지 PM10,2019.03,71.0
세종특별자치시,미세먼지 PM2.5,2019.03,47.0
세종특별자치시,아황산가스,2019.03,0.003
세종특별자치시,오존,2019.03,0.034
세종특별자치시,이산화질소,2019.03,0.022
세종특별자치시,일산화탄소,2019.03,0.6
울산광역시,미세먼지 PM10,2019.03,49.0
울산광역시,미세먼지 PM2.5,2019.03,29.0
울산광역시,아황산가스,2019.03,0.005
울산광역시,오존,2019.03,0.039
울산광역시,이산화질소,2019.03,0.022
울산광역시,일산화탄소,2019.03,0.5
인천광역시,미세먼지 PM10,2019.03,67.0
인천광역시,미세먼지 PM2.5,2019.03,41.0
인천광역시,아황산가스,2019.03,0.005
인천광역시,오존,2019.03,0.033
인천광역시,이산화질소,2019.03,0.028
인천광역시,일산화탄소,2019.03,0.6
전라남도,미세먼지 PM10,2019.03,50.10526315789474
전라남도,미세먼지 PM2.5,2019.03,30.63157894736842
전라남도,아황산가스,2019.03,0.003529411764705882
전라남도,오존,2019.03,0.04068421052631579
전라남도,이산화질소,2019.03,0.012052631578947369
전라남도,일산화탄소,2019.03,0.5052631578947369
전라북도,미세먼지 PM10,2019.03,65.93333333333334
전라북도,미세먼지 PM2.5,2019.03,42.93333333333333
전라북도,아황산가스,2019.03,0.0033333333333333335
전라북도,오존,2019.03,0.04073333333333333
전라북도,이산화질소,2019.03,0.012933333333333333
전라북도,일산화탄소,2019.03,0.5133333333333333
제주특별자치도,미세먼지 PM10,2019.03,51.0
제주특별자치도,미세먼지 PM2.5,2019.03,29.333333333333332
제주특별자치도,아황산가스,2019.03,0.0023333333333333335
제주특별자치도,오존,2019.03,0.054
제주특별자치도,이산화질소,2019.03,0.012666666666666666
제주특별자치도,일산화탄소,2019.03,0.3333333333333333
충청남도,미세먼지 PM10,2019.03,65.625
충청남도,미세먼지 PM2.5,2019.03,42.5625
충청남도,아황산가스,2019.03,0.004125
충청남도,오존,2019.03,0.0373125
충청남도,이산화질소,2019.03,0.016
충청남도,일산화탄소,2019.03,0.6
충청북도,미세먼지 PM10,2019.03,66.16666666666667
충청북도,미세먼지 PM2.5,2019.03,47.333333333333336
충청북도,아황산가스,2019.03,0.0035833333333333338
충청북도,오존,2019.03,0.034916666666666665
충청북도,이산화질소,2019.03,0.0195
충청북도,일산화탄소,2019.03,0.5
강원도,미세먼지 PM10,2019.04,38.05555555555556
강원도,미세먼지 PM2.5,2019.04,17.27777777777778
강원도,아황산가스,2019.04,0.0022222222222222222
강원도,오존,2019.04,0.04094444444444444
강원도,이산화질소,2019.04,0.010222222222222223
강원도,일산화탄소,2019.04,0.41111111111111115
경기도,미세먼지 PM10,2019.04,44.1875
경기도,미세먼지 PM2.5,2019.04,20.4375
경기도,아황산가스,2019.04,0.0035
경기도,오존,2019.04,0.033125
경기도,이산화질소,2019.04,0.0225
경기도,일산화탄소,2019.04,0.434375
경상남도,미세먼지 PM10,2019.04,39.266666666666666
경상남도,미세먼지 PM2.5,2019.04,16.6
경상남도,아황산가스,2019.04,0.003466666666666667
경상남도,오존,2019.04,0.043000000000000003
경상남도,이산화질소,2019.04,0.0144
경상남도,일산화탄소,2019.04,0.37333333333333335
경상북도,미세먼지 PM10,2019.04,42.25
경상북도,미세먼지 PM2.5,2019.04,16.333333333333332
경상북도,아황산가스,2019.04,0.0033333333333333335
경상북도,오존,2019.04,0.04066666666666666
경상북도,이산화질소,2019.04,0.013416666666666667
경상북도,일산화탄소,2019.04,0.35000000000000003
광주광역시,미세먼지 PM10,2019.04,43.0
광주광역시,미세먼지 PM2.5,2019.04,20.0
광주광역시,아황산가스,2019.04,0.002
광주광역시,오존,2019.04,0.036
광주광역시,이산화질소,2019.04,0.019
광주광역시,일산화탄소,2019.04,0.4
대구광역시,미세먼지 PM10,2019.04,40.0
대구광역시,미세먼지 PM2.5,2019.04,19.0
대구광역시,아황산가스,2019.04,0.003
대구광역시,오존,2019.04,0.036
대구광역시,이산화질소,2019.04,0.017
대구광역시,일산화탄소,2019.04,0.4
대전광역시,미세먼지 PM10,2019.04,40.0
대전광역시,미세먼지 PM2.5,2019.04,16.0
대전광역시,아황산가스,2019.04,0.002
대전광역시,오존,2019.04,0.03
대전광역시,이산화질소,2019.04,0.018
대전광역시,일산화탄소,2019.04,0.3
부산광역시,미세먼지 PM10,2019.04,40.0
부산광역시,미세먼지 PM2.5,2019.04,20.0
부산광역시,아황산가스,2019.04,0.005
부산광역시,오존,2019.04,0.037
부산광역시,이산화질소,2019.04,0.019
부산광역시,일산화탄소,2019.04,0.4
서울특별시,미세먼지 PM10,2019.04,41.0
서울특별시,미세먼지 PM2.5,2019.04,21.0
서울특별시,아황산가스,2019.04,0.004
서울특별시,오존,2019.04,0.029
서울특별시,이산화질소,2019.04,0.029
서울특별시,일산화탄소,2019.04,0.5
세종특별자치시,미세먼지 PM10,2019.04,40.0
세종특별자치시,미세먼지 PM2.5,2019.04,19.0
세종특별자치시,아황산가스,2019.04,0.003
세종특별자치시,오존,2019.04,0.036
세종특별자치시,이산화질소,2019.04,0.018
세종특별자치시,일산화탄소,2019.04,0.4
울산광역시,미세먼지 PM10,2019.04,40.0
울산광역시,미세먼지 PM2.5,2019.04,19.0
울산광역시,아황산가스,2019.04,0.006
울산광역시,오존,2019.04,0.037
울산광역시,이산화질소,2019.04,0.021
울산광역시,일산화탄소,2019.04,0.5
인천광역시,미세먼지 PM10,2019.04,43.0
인천광역시,미세먼지 PM2.5,2019.04,20.0
인천광역시,아황산가스,2019.04,0.005
인천광역시,오존,2019.04,0.033
인천광역시,이산화질소,2019.04,0.026
인천광역시,일산화탄소,2019.04,0.5
전라남도,미세먼지 PM10,2019.04,34.36842105263158
전라남도,미세먼지 PM2.5,2019.04,17.36842105263158
전라남도,아황산가스,2019.04,0.003473684210526316
전라남도,오존,2019.04,0.04
전라남도,이산화질소,2019.04,0.010421052631578947
전라남도,일산화탄소,2019.04,0.5
전라북도,미세먼지 PM10,2019.04,42.53333333333333
전라북도,미세먼지 PM2.5,2019.04,22.066666666666666
전라북도,아황산가스,2019.04,0.0032
전라북도,오존,2019.04,0.04053333333333333
전라북도,이산화질소,2019.04,0.0118
전라북도,일산화탄소,2019.04,0.38
제주특별자치도,미세먼지 PM10,2019.04,38.666666666666664
제주특별자치도,미세먼지 PM2.5,2019.04,19.333333333333332
제주특별자치도,아황산가스,2019.04,0.0030000000000000005
제주특별자치도,오존,2019.04,0.052
제주특별자치도,이산화질소,2019.04,0.011000000000000001
제주특별자치도,일산화탄소,2019.04,0.3
충청남도,미세먼지 PM10,2019.04,41.375
충청남도,미세먼지 PM2.5,2019.04,21.4375
충청남도,아황산가스,2019.04,0.003875
충청남도,오존,2019.04,0.0376875
충청남도,이산화질소,2019.04,0.013375
충청남도,일산화탄소,2019.04,0.49375
충청북도,미세먼지 PM10,2019.04,41.833333333333336
충청북도,미세먼지 PM2.5,2019.04,22.666666666666668
충청북도,아황산가스,2019.04,0.0031666666666666666
충청북도,오존,2019.04,0.036083333333333335
충청북도,이산화질소,2019.04,0.0155
충청북도,일산화탄소,2019.04,0.375
강원도,미세먼지 PM10,2019.05,44.94736842105263
강원도,미세먼지 PM2.5,2019.05,22.473684210526315
강원도,아황산가스,2019.05,0.0024210526315789475
강원도,오존,2019.05,0.05626315789473684
강원도,이산화질소,2019.05,0.009611111111111112
강원도,일산화탄소,2019.05,0.4315789473684211
경기도,미세먼지 PM10,2019.05,54.96875
경기도,미세먼지 PM2.5,2019.05,27.21875
경기도,아황산가스,2019.05,0.00428125
경기도,오존,2019.05,0.04875
경기도,이산화질소,2019.05,0.02075
경기도,일산화탄소,2019.05,0.471875
경상남도,미세먼지 PM10,2019.05,45.53333333333333
경상남도,미세먼지 PM2.5,2019.05,19.6
경상남도,아황산가스,2019.05,0.0038
경상남도,오존,2019.05,0.0552
경상남도,이산화질소,2019.05,0.013933333333333332
경상남도,일산화탄소,2019.05,0.39333333333333337
경상북도,미세먼지 PM10,2019.05,45.53846153846154
경상북도,미세먼지 PM2.5,2019.05,20.0
경상북도,아황산가스,2019.05,0.004230769230769231
경상북도,오존,2019.05,0.05361538461538461
경상북도,이산화질소,2019.05,0.012692307692307694
경상북도,일산화탄소,2019.05,0.3384615384615385
광주광역시,미세먼지 PM10,2019.05,50.0
광주광역시,미세먼지 PM2.5,2019.05,22.0
광주광역시,아황산가스,2019.05,0.003
광주광역시,오존,2019.05,0.048
광주광역시,이산화질소,2019.05,0.017
광주광역시,일산화탄소,2019.05,0.4
대구광역시,미세먼지 PM10,2019.05,46.0
대구광역시,미세먼지 PM2.5,2019.05,23.0
대구광역시,아황산가스,2019.05,0.003
대구광역시,오존,2019.05,0.048
대구광역시,이산화질소,2019.05,0.016
대구광역시,일산화탄소,2019.05,0.4
대전광역시,미세먼지 PM10,2019.05,46.0
대전광역시,미세먼지 PM2.5,2019.05,22.0
대전광역시,아황산가스,2019.05,0.003
대전광역시,오존,2019.05,0.045
대전광역시,이산화질소,2019.05,0.017
대전광역시,일산화탄소,2019.05,0.4
부산광역시,미세먼지 PM10,2019.05,47.0
부산광역시,미세먼지 PM2.5,2019.05,25.0
부산광역시,아황산가스,2019.05,0.006
부산광역시,오존,2019.05,0.048
부산광역시,이산화질소,2019.05,0.021
부산광역시,일산화탄소,2019.05,0.4
서울특별시,미세먼지 PM10,2019.05,52.0
서울특별시,미세먼지 PM2.5,2019.05,29.0
서울특별시,아황산가스,2019.05,0.005
서울특별시,오존,2019.05,0.043
서울특별시,이산화질소,2019.05,0.028
서울특별시,일산화탄소,2019.05,0.5
세종특별자치시,미세먼지 PM10,2019.05,50.0
세종특별자치시,미세먼지 PM2.5,2019.05,25.0
세종특별자치시,아황산가스,2019.05,0.004
세종특별자치시,오존,2019.05,0.051
세종특별자치시,이산화질소,2019.05,0.018
세종특별자치시,일산화탄소,2019.05,0.5
울산광역시,미세먼지 PM10,2019.05,49.0
울산광역시,미세먼지 PM2.5,2019.05,26.0
울산광역시,아황산가스,2019.05,0.007
울산광역시,오존,2019.05,0.047
울산광역시,이산화질소,2019.05,0.024
울산광역시,일산화탄소,2019.05,0.5
인천광역시,미세먼지 PM10,2019.05,51.0
인천광역시,미세먼지 PM2.5,2019.05,26.0
인천광역시,아황산가스,2019.05,0.006
인천광역시,오존,2019.05,0.046
인천광역시,이산화질소,2019.05,0.023
인천광역시,일산화탄소,2019.05,0.5
전라남도,미세먼지 PM10,2019.05,42.36842105263158
전라남도,미세먼지 PM2.5,2019.05,21.736842105263158
전라남도,아황산가스,2019.05,0.004
전라남도,오존,2019.05,0.051157894736842104
전라남도,이산화질소,2019.05,0.009421052631578946
전라남도,일산화탄소,2019.05,0.4842105263157894
전라북도,미세먼지 PM10,2019.05,48.4
전라북도,미세먼지 PM2.5,2019.05,24.4
전라북도,아황산가스,2019.05,0.003266666666666667
전라북도,오존,2019.05,0.054599999999999996
전라북도,이산화질소,2019.05,0.010466666666666668
전라북도,일산화탄소,2019.05,0.38571428571428573
제주특별자치도,미세먼지 PM10,2019.05,43.333333333333336
제주특별자치도,미세먼지 PM2.5,2019.05,19.333333333333332
제주특별자치도,아황산가스,2019.05,0.0030000000000000005
제주특별자치도,오존,2019.05,0.06266666666666666
제주특별자치도,이산화질소,2019.05,0.01
제주특별자치도,일산화탄소,2019.05,0.3
충청남도,미세먼지 PM10,2019.05,50.625
충청남도,미세먼지 PM2.5,2019.05,26.8125
충청남도,아황산가스,2019.05,0.004375
충청남도,오존,2019.05,0.0536875
충청남도,이산화질소,2019.05,0.011125
충청남도,일산화탄소,2019.05,0.4875
충청북도,미세먼지 PM10,2019.05,48.833333333333336
충청북도,미세먼지 PM2.5,2019.05,27.25
충청북도,아황산가스,2019.05,0.0031666666666666666
충청북도,오존,2019.05,0.04933333333333333
충청북도,이산화질소,2019.05,0.014333333333333332
충청북도,일산화탄소,2019.05,0.3666666666666667
강원도,미세먼지 PM10,2019.06,28.473684210526315
강원도,미세먼지 PM2.5,2019.06,16.789473684210527
강원도,아황산가스,2019.06,0.0020526315789473684
강원도,오존,2019.06,0.04368421052631579
강원도,이산화질소,2019.06,0.007777777777777778
강원도,일산화탄소,2019.06,0.3526315789473684
경기도,미세먼지 PM10,2019.06,31.096774193548388
경기도,미세먼지 PM2.5,2019.06,18.258064516129032
경기도,아황산가스,2019.06,0.0034000000000000002
경기도,오존,2019.06,0.04287096774193548
경기도,이산화질소,2019.06,0.015806451612903224
경기도,일산화탄소,2019.06,0.4
경상남도,미세먼지 PM10,2019.06,35.86666666666667
경상남도,미세먼지 PM2.5,2019.06,19.066666666666666
경상남도,아황산가스,2019.06,0.0033333333333333335
경상남도,오존,2019.06,0.045599999999999995
경상남도,이산화질소,2019.06,0.011866666666666666
경상남도,일산화탄소,2019.06,0.38
경상북도,미세먼지 PM10,2019.06,30.916666666666668
경상북도,미세먼지 PM2.5,2019.06,16.833333333333332
경상북도,아황산가스,2019.06,0.0035
경상북도,오존,2019.06,0.045500000000000006
경상북도,이산화질소,2019.06,0.01025
경상북도,일산화탄소,2019.06,0.35833333333333334
광주광역시,미세먼지 PM10,2019.06,40.0
광주광역시,미세먼지 PM2.5,2019.06,25.0
광주광역시,아황산가스,2019.06,0.002
광주광역시,오존,2019.06,0.039
광주광역시,이산화질소,2019.06,0.014
광주광역시,일산화탄소,2019.06,0.4
대구광역시,미세먼지 PM10,2019.06,32.0
대구광역시,미세먼지 PM2.5,2019.06,20.0
대구광역시,아황산가스,2019.06,0.002
대구광역시,오존,2019.06,0.044
대구광역시,이산화질소,2019.06,0.013
대구광역시,일산화탄소,2019.06,0.4
대전광역시,미세먼지 PM10,2019.06,30.0
대전광역시,미세먼지 PM2.5,2019.06,18.0
대전광역시,아황산가스,2019.06,0.002
대전광역시,오존,2019.06,0.038
대전광역시,이산화질소,2019.06,0.013
대전광역시,일산화탄소,2019.06,0.3
부산광역시,미세먼지 PM10,2019.06,32.0
부산광역시,미세먼지 PM2.5,2019.06,21.0
부산광역시,아황산가스,2019.06,0.006
부산광역시,오존,2019.06,0.038
부산광역시,이산화질소,2019.06,0.016
부산광역시,일산화탄소,2019.06,0.4
서울특별시,미세먼지 PM10,2019.06,29.0
서울특별시,미세먼지 PM2.5,2019.06,20.0
서울특별시,아황산가스,2019.06,0.004
서울특별시,오존,2019.06,0.039
서울특별시,이산화질소,2019.06,0.02
서울특별시,일산화탄소,2019.06,0.4
세종특별자치시,미세먼지 PM10,2019.06,34.0
세종특별자치시,미세먼지 PM2.5,2019.06,20.0
세종특별자치시,아황산가스,2019.06,0.003
세종특별자치시,오존,2019.06,0.044
세종특별자치시,이산화질소,2019.06,0.015
세종특별자치시,일산화탄소,2019.06,0.5
울산광역시,미세먼지 PM10,2019.06,34.0
울산광역시,미세먼지 PM2.5,2019.06,22.0
울산광역시,아황산가스,2019.06,0.007
울산광역시,오존,2019.06,0.038
울산광역시,이산화질소,2019.06,0.019
울산광역시,일산화탄소,2019.06,0.5
인천광역시,미세먼지 PM10,2019.06,29.0
인천광역시,미세먼지 PM2.5,2019.06,17.0
인천광역시,아황산가스,2019.06,0.004
인천광역시,오존,2019.06,0.041
인천광역시,이산화질소,2019.06,0.017
인천광역시,일산화탄소,2019.06,0.4
전라남도,미세먼지 PM10,2019.06,31.7
전라남도,미세먼지 PM2.5,2019.06,20.68421052631579
전라남도,아황산가스,2019.06,0.0036499999999999996
전라남도,오존,2019.06,0.0419
전라남도,이산화질소,2019.06,0.0072
전라남도,일산화탄소,2019.06,0.445
전라북도,미세먼지 PM10,2019.06,36.6
전라북도,미세먼지 PM2.5,2019.06,23.133333333333333
전라북도,아황산가스,2019.06,0.002866666666666667
전라북도,오존,2019.06,0.04566666666666667
전라북도,이산화질소,2019.06,0.008
전라북도,일산화탄소,2019.06,0.3333333333333333
제주특별자치도,미세먼지 PM10,2019.06,30.666666666666668
제주특별자치도,미세먼지 PM2.5,2019.06,19.666666666666668
제주특별자치도,아황산가스,2019.06,0.0023333333333333335
제주특별자치도,오존,2019.06,0.04766666666666667
제주특별자치도,이산화질소,2019.06,0.008666666666666668
제주특별자치도,일산화탄소,2019.06,0.2333333333333333
충청남도,미세먼지 PM10,2019.06,32.8125
충청남도,미세먼지 PM2.5,2019.06,21.875
충청남도,아황산가스,2019.06,0.0038125
충청남도,오존,2019.06,0.0465
충청남도,이산화질소,2019.06,0.009133333333333334
충청남도,일산화탄소,2019.06,0.45
충청북도,미세먼지 PM10,2019.06,34.90909090909091
충청북도,미세먼지 PM2.5,2019.06,24.363636363636363
충청북도,아황산가스,2019.06,0.0026363636363636363
충청북도,오존,2019.06,0.042727272727272725
충청북도,이산화질소,2019.06,0.011272727272727273
충청북도,일산화탄소,2019.06,0.33636363636363636
강원도,미세먼지 PM10,2019.07,25.36842105263158
강원도,미세먼지 PM2.5,2019.07,14.444444444444445
강원도,아황산가스,2019.07,0.0019473684210526314
강원도,오존,2019.07,0.03389473684210526
강원도,이산화질소,2019.07,0.0064736842105263155
강원도,일산화탄소,2019.07,0.3368421052631579
경기도,미세먼지 PM10,2019.07,28.65625
경기도,미세먼지 PM2.5,2019.07,17.129032258064516
경기도,아황산가스,2019.07,0.00296875
경기도,오존,2019.07,0.03490322580645162
경기도,이산화질소,2019.07,0.01359375
경기도,일산화탄소,2019.07,0.3875
경상남도,미세먼지 PM10,2019.07,27.714285714285715
경상남도,미세먼지 PM2.5,2019.07,13.928571428571429
경상남도,아황산가스,2019.07,0.002857142857142857
경상남도,오존,2019.07,0.03292857142857143
경상남도,이산화질소,2019.07,0.010499999999999999
경상남도,일산화탄소,2019.07,0.37142857142857144
경상북도,미세먼지 PM10,2019.07,26.692307692307693
경상북도,미세먼지 PM2.5,2019.07,15.076923076923077
경상북도,아황산가스,2019.07,0.003076923076923077
경상북도,오존,2019.07,0.03215384615384616
경상북도,이산화질소,2019.07,0.00823076923076923
경상북도,일산화탄소,2019.07,0.3
광주광역시,미세먼지 PM10,2019.07,29.0
광주광역시,미세먼지 PM2.5,2019.07,17.0
광주광역시,아황산가스,2019.07,0.002
광주광역시,오존,2019.07,0.029
광주광역시,이산화질소,2019.07,0.011
광주광역시,일산화탄소,2019.07,0.3
대구광역시,미세먼지 PM10,2019.07,26.0
대구광역시,미세먼지 PM2.5,2019.07,16.0
대구광역시,아황산가스,2019.07,0.002
대구광역시,오존,2019.07,0.03
대구광역시,이산화질소,2019.07,0.011
대구광역시,일산화탄소,2019.07,0.3
대전광역시,미세먼지 PM10,2019.07,23.0
대전광역시,미세먼지 PM2.5,2019.07,14.0
대전광역시,아황산가스,2019.07,0.002
대전광역시,오존,2019.07,0.028
대전광역시,이산화질소,2019.07,0.011
대전광역시,일산화탄소,2019.07,0.3
부산광역시,미세먼지 PM10,2019.07,26.0
부산광역시,미세먼지 PM2.5,2019.07,18.0
부산광역시,아황산가스,2019.07,0.005
부산광역시,오존,2019.07,0.028
부산광역시,이산화질소,2019.07,0.015
부산광역시,일산화탄소,2019.07,0.3
서울특별시,미세먼지 PM10,2019.07,26.0
서울특별시,미세먼지 PM2.5,2019.07,19.0
서울특별시,아황산가스,2019.07,0.004
서울특별시,오존,2019.07,0.031
서울특별시,이산화질소,2019.07,0.018
서울특별시,일산화탄소,2019.07,0.4
세종특별자치시,미세먼지 PM10,2019.07,23.0
세종특별자치시,미세먼지 PM2.5,2019.07,14.0
세종특별자치시,아황산가스,2019.07,0.003
세종특별자치시,오존,2019.07,0.031
세종특별자치시,이산화질소,2019.07,0.012
세종특별자치시,일산화탄소,2019.07,0.4
울산광역시,미세먼지 PM10,2019.07,29.0
울산광역시,미세먼지 PM2.5,2019.07,19.0
울산광역시,아황산가스,2019.07,0.006
울산광역시,오존,2019.07,0.028
울산광역시,이산화질소,2019.07,0.016
울산광역시,일산화탄소,2019.07,0.4
인천광역시,미세먼지 PM10,2019.07,31.0
인천광역시,미세먼지 PM2.5,2019.07,19.0
인천광역시,아황산가스,2019.07,0.004
인천광역시,오존,2019.07,0.032
인천광역시,이산화질소,2019.07,0.015
인천광역시,일산화탄소,2019.07,0.4
전라남도,미세먼지 PM10,2019.07,22.75
전라남도,미세먼지 PM2.5,2019.07,13.842105263157896
전라남도,아황산가스,2019.07,0.0034000000000000002
전라남도,오존,2019.07,0.03066666666666667
전라남도,이산화질소,2019.07,0.0058095238095238096
전라남도,일산화탄소,2019.07,0.3666666666666667
전라북도,미세먼지 PM10,2019.07,25.857142857142858
전라북도,미세먼지 PM2.5,2019.07,14.933333333333334
전라북도,아황산가스,2019.07,0.0025454545454545456
전라북도,오존,2019.07,0.0324
전라북도,이산화질소,2019.07,0.006642857142857143
전라북도,일산화탄소,2019.07,0.3
제주특별자치도,미세먼지 PM10,2019.07,25.666666666666668
제주특별자치도,미세먼지 PM2.5,2019.07,16.0
제주특별자치도,아황산가스,2019.07,0.0016666666666666668
제주특별자치도,오존,2019.07,0.035
제주특별자치도,이산화질소,2019.07,0.006333333333333333
제주특별자치도,일산화탄소,2019.07,0.2333333333333333
충청남도,미세먼지 PM10,2019.07,25.3125
충청남도,미세먼지 PM2.5,2019.07,16.1875
충청남도,아황산가스,2019.07,0.003125
충청남도,오존,2019.07,0.03575
충청남도,이산화질소,2019.07,0.0075625
충청남도,일산화탄소,2019.07,0.4
충청북도,미세먼지 PM10,2019.07,24.166666666666668
충청북도,미세먼지 PM2.5,2019.07,15.666666666666666
충청북도,아황산가스,2019.07,0.0025833333333333333
충청북도,오존,2019.07,0.029916666666666664
충청북도,이산화질소,2019.07,0.009166666666666667
충청북도,일산화탄소,2019.07,0.325
강원도,미세먼지 PM10,2019.08,25.894736842105264
강원도,미세먼지 PM2.5,2019.08,13.894736842105264
강원도,아황산가스,2019.08,0.002105263157894737
강원도,오존,2019.08,0.02947368421052632
강원도,이산화질소,2019.08,0.006526315789473684
강원도,일산화탄소,2019.08,0.38947368421052636
경기도,미세먼지 PM10,2019.08,27.774193548387096
경기도,미세먼지 PM2.5,2019.08,15.0
경기도,아황산가스,2019.08,0.0029032258064516127
경기도,오존,2019.08,0.033129032258064524
경기도,이산화질소,2019.08,0.013838709677419354
경기도,일산화탄소,2019.08,0.4129032258064516
경상남도,미세먼지 PM10,2019.08,31.071428571428573
경상남도,미세먼지 PM2.5,2019.08,15.266666666666667
경상남도,아황산가스,2019.08,0.002857142857142857
경상남도,오존,2019.08,0.032214285714285716
경상남도,이산화질소,2019.08,0.010499999999999999
경상남도,일산화탄소,2019.08,0.42857142857142855
경상북도,미세먼지 PM10,2019.08,26.928571428571427
경상북도,미세먼지 PM2.5,2019.08,15.0
경상북도,아황산가스,2019.08,0.003230769230769231
경상북도,오존,2019.08,0.031857142857142855
경상북도,이산화질소,2019.08,0.008142857142857143
경상북도,일산화탄소,2019.08,0.35714285714285715
광주광역시,미세먼지 PM10,2019.08,31.0
광주광역시,미세먼지 PM2.5,2019.08,17.0
광주광역시,아황산가스,2019.08,0.003
광주광역시,오존,2019.08,0.031
광주광역시,이산화질소,2019.08,0.011
광주광역시,일산화탄소,2019.08,0.4
대구광역시,미세먼지 PM10,2019.08,26.0
대구광역시,미세먼지 PM2.5,2019.08,16.0
대구광역시,아황산가스,2019.08,0.002
대구광역시,오존,2019.08,0.03
대구광역시,이산화질소,2019.08,0.012
대구광역시,일산화탄소,2019.08,0.3
대전광역시,미세먼지 PM10,2019.08,25.0
대전광역시,미세먼지 PM2.5,2019.08,15.0
대전광역시,아황산가스,2019.08,0.002
대전광역시,오존,2019.08,0.029
대전광역시,이산화질소,2019.08,0.011
대전광역시,일산화탄소,2019.08,0.3
부산광역시,미세먼지 PM10,2019.08,30.0
부산광역시,미세먼지 PM2.5,2019.08,19.0
부산광역시,아황산가스,2019.08,0.005
부산광역시,오존,2019.08,0.03
부산광역시,이산화질소,2019.08,0.014
부산광역시,일산화탄소,2019.08,0.4
서울특별시,미세먼지 PM10,2019.08,25.0
서울특별시,미세먼지 PM2.5,2019.08,16.0
서울특별시,아황산가스,2019.08,0.004
서울특별시,오존,2019.08,0.03
서울특별시,이산화질소,2019.08,0.018
서울특별시,일산화탄소,2019.08,0.4
세종특별자치시,미세먼지 PM10,2019.08,27.0
세종특별자치시,미세먼지 PM2.5,2019.08,16.0
세종특별자치시,아황산가스,2019.08,0.003
세종특별자치시,오존,2019.08,0.031
세종특별자치시,이산화질소,2019.08,0.013
세종특별자치시,일산화탄소,2019.08,0.5
울산광역시,미세먼지 PM10,2019.08,30.0
울산광역시,미세먼지 PM2.5,2019.08,18.0
울산광역시,아황산가스,2019.08,0.006
울산광역시,오존,2019.08,0.029
울산광역시,이산화질소,2019.08,0.014
울산광역시,일산화탄소,2019.08,0.5
인천광역시,미세먼지 PM10,2019.08,30.0
인천광역시,미세먼지 PM2.5,2019.08,18.0
인천광역시,아황산가스,2019.08,0.004
인천광역시,오존,2019.08,0.037
인천광역시,이산화질소,2019.08,0.015
인천광역시,일산화탄소,2019.08,0.4
전라남도,미세먼지 PM10,2019.08,27.666666666666668
전라남도,미세먼지 PM2.5,2019.08,16.75
전라남도,아황산가스,2019.08,0.003428571428571429
전라남도,오존,2019.08,0.03161904761904762
전라남도,이산화질소,2019.08,0.006095238095238095
전라남도,일산화탄소,2019.08,0.41904761904761906
전라북도,미세먼지 PM10,2019.08,27.733333333333334
전라북도,미세먼지 PM2.5,2019.08,16.133333333333333
전라북도,아황산가스,2019.08,0.0026428571428571425
전라북도,오존,2019.08,0.0304
전라북도,이산화질소,2019.08,0.006866666666666666
전라북도,일산화탄소,2019.08,0.33999999999999997
제주특별자치도,미세먼지 PM10,2019.08,30.0
제주특별자치도,미세먼지 PM2.5,2019.08,18.0
제주특별자치도,아황산가스,2019.08,0.0023333333333333335
제주특별자치도,오존,2019.08,0.039
제주특별자치도,이산화질소,2019.08,0.007333333333333333
제주특별자치도,일산화탄소,2019.08,0.2333333333333333
충청남도,미세먼지 PM10,2019.08,27.4375
충청남도,미세먼지 PM2.5,2019.08,16.875
충청남도,아황산가스,2019.08,0.0035
충청남도,오존,2019.08,0.035800000000000005
충청남도,이산화질소,2019.08,0.007875
충청남도,일산화탄소,2019.08,0.40625
충청북도,미세먼지 PM10,2019.08,26.25
충청북도,미세먼지 PM2.5,2019.08,17.166666666666668
충청북도,아황산가스,2019.08,0.0025
충청북도,오존,2019.08,0.02766666666666667
충청북도,이산화질소,2019.08,0.009416666666666665
충청북도,일산화탄소,2019.08,0.35833333333333334
강원도,미세먼지 PM10,2019.09,20.736842105263158
강원도,미세먼지 PM2.5,2019.09,9.5
강원도,아황산가스,2019.09,0.0017894736842105265
강원도,오존,2019.09,0.02336842105263158
강원도,이산화질소,2019.09,0.0066315789473684215
강원도,일산화탄소,2019.09,0.34210526315789475
경기도,미세먼지 PM10,2019.09,24.5625
경기도,미세먼지 PM2.5,2019.09,11.96875
경기도,아황산가스,2019.09,0.002875
경기도,오존,2019.09,0.02434375
경기도,이산화질소,2019.09,0.016375
경기도,일산화탄소,2019.09,0.39375
경상남도,미세먼지 PM10,2019.09,26.642857142857142
경상남도,미세먼지 PM2.5,2019.09,10.733333333333333
경상남도,아황산가스,2019.09,0.0027142857142857142
경상남도,오존,2019.09,0.027857142857142858
경상남도,이산화질소,2019.09,0.01107142857142857
경상남도,일산화탄소,2019.09,0.38571428571428573
경상북도,미세먼지 PM10,2019.09,22.857142857142858
경상북도,미세먼지 PM2.5,2019.09,11.285714285714286
경상북도,아황산가스,2019.09,0.002785714285714286
경상북도,오존,2019.09,0.0275
경상북도,이산화질소,2019.09,0.008428571428571428
경상북도,일산화탄소,2019.09,0.3
광주광역시,미세먼지 PM10,2019.09,27.0
광주광역시,미세먼지 PM2.5,2019.09,15.0
광주광역시,아황산가스,2019.09,0.003
광주광역시,오존,2019.09,0.027
광주광역시,이산화질소,2019.09,0.012
광주광역시,일산화탄소,2019.09,0.4
대구광역시,미세먼지 PM10,2019.09,23.0
대구광역시,미세먼지 PM2.5,2019.09,13.0
대구광역시,아황산가스,2019.09,0.002
대구광역시,오존,2019.09,0.025
대구광역시,이산화질소,2019.09,0.013
대구광역시,일산화탄소,2019.09,0.3
대전광역시,미세먼지 PM10,2019.09,22.0
대전광역시,미세먼지 PM2.5,2019.09,12.0
대전광역시,아황산가스,2019.09,0.002
대전광역시,오존,2019.09,0.025
대전광역시,이산화질소,2019.09,0.013
대전광역시,일산화탄소,2019.09,0.3
부산광역시,미세먼지 PM10,2019.09,24.0
부산광역시,미세먼지 PM2.5,2019.09,13.0
부산광역시,아황산가스,2019.09,0.004
부산광역시,오존,2019.09,0.028
부산광역시,이산화질소,2019.09,0.015
부산광역시,일산화탄소,2019.09,0.3
서울특별시,미세먼지 PM10,2019.09,21.0
서울특별시,미세먼지 PM2.5,2019.09,12.0
서울특별시,아황산가스,2019.09,0.003
서울특별시,오존,2019.09,0.024
서울특별시,이산화질소,2019.09,0.021
서울특별시,일산화탄소,2019.09,0.4
세종특별자치시,미세먼지 PM10,2019.09,23.0
세종특별자치시,미세먼지 PM2.5,2019.09,12.0
세종특별자치시,아황산가스,2019.09,0.003
세종특별자치시,오존,2019.09,0.025
세종특별자치시,이산화질소,2019.09,0.015
세종특별자치시,일산화탄소,2019.09,0.4
울산광역시,미세먼지 PM10,2019.09,25.0
울산광역시,미세먼지 PM2.5,2019.09,13.0
울산광역시,아황산가스,2019.09,0.005
울산광역시,오존,2019.09,0.027
울산광역시,이산화질소,2019.09,0.015
울산광역시,일산화탄소,2019.09,0.4
인천광역시,미세먼지 PM10,2019.09,28.0
인천광역시,미세먼지 PM2.5,2019.09,14.0
인천광역시,아황산가스,2019.09,0.004
인천광역시,오존,2019.09,0.026
인천광역시,이산화질소,2019.09,0.021
인천광역시,일산화탄소,2019.09,0.5
전라남도,미세먼지 PM10,2019.09,22.26086956521739
전라남도,미세먼지 PM2.5,2019.09,12.130434782608695
전라남도,아황산가스,2019.09,0.0034782608695652175
전라남도,오존,2019.09,0.028521739130434785
전라남도,이산화질소,2019.09,0.006565217391304347
전라남도,일산화탄소,2019.09,0.41739130434782606
전라북도,미세먼지 PM10,2019.09,25.2
전라북도,미세먼지 PM2.5,2019.09,14.333333333333334
전라북도,아황산가스,2019.09,0.0028
전라북도,오존,2019.09,0.028733333333333333
전라북도,이산화질소,2019.09,0.007533333333333333
전라북도,일산화탄소,2019.09,0.3333333333333333
제주특별자치도,미세먼지 PM10,2019.09,25.333333333333332
제주특별자치도,미세먼지 PM2.5,2019.09,12.666666666666666
제주특별자치도,아황산가스,2019.09,0.002
제주특별자치도,오존,2019.09,0.04066666666666666
제주특별자치도,이산화질소,2019.09,0.007666666666666666
제주특별자치도,일산화탄소,2019.09,0.16666666666666666
충청남도,미세먼지 PM10,2019.09,25.375
충청남도,미세먼지 PM2.5,2019.09,13.8125
충청남도,아황산가스,2019.09,0.003375
충청남도,오존,2019.09,0.0298125
충청남도,이산화질소,2019.09,0.0091875
충청남도,일산화탄소,2019.09,0.39375
충청북도,미세먼지 PM10,2019.09,22.5
충청북도,미세먼지 PM2.5,2019.09,13.666666666666666
충청북도,아황산가스,2019.09,0.0025833333333333333
충청북도,오존,2019.09,0.02316666666666667
충청북도,이산화질소,2019.09,0.010666666666666666
충청북도,일산화탄소,2019.09,0.31666666666666665
강원도,미세먼지 PM10,2019.10,27.5
강원도,미세먼지 PM2.5,2019.10,13.117647058823529
강원도,아황산가스,2019.10,0.0022222222222222222
강원도,오존,2019.10,0.024055555555555556
강원도,이산화질소,2019.10,0.008722222222222221
강원도,일산화탄소,2019.10,0.3777777777777778
경기도,미세먼지 PM10,2019.10,35.59375
경기도,미세먼지 PM2.5,2019.10,16.322580645161292
경기도,아황산가스,2019.10,0.00296875
경기도,오존,2019.10,0.021375
경기도,이산화질소,2019.10,0.0201875
경기도,일산화탄소,2019.10,0.41875
경상남도,미세먼지 PM10,2019.10,28.76923076923077
경상남도,미세먼지 PM2.5,2019.10,11.153846153846153
경상남도,아황산가스,2019.10,0.0024666666666666665
경상남도,오존,2019.10,0.028615384615384615
경상남도,이산화질소,2019.10,0.012538461538461538
경상남도,일산화탄소,2019.10,0.36153846153846153
경상북도,미세먼지 PM10,2019.10,29.142857142857142
경상북도,미세먼지 PM2.5,2019.10,12.928571428571429
경상북도,아황산가스,2019.10,0.002866666666666667
경상북도,오존,2019.10,0.026933333333333333
경상북도,이산화질소,2019.10,0.010133333333333333
경상북도,일산화탄소,2019.10,0.33571428571428574
광주광역시,미세먼지 PM10,2019.10,35.0
광주광역시,미세먼지 PM2.5,2019.10,18.0
광주광역시,아황산가스,2019.10,0.003
광주광역시,오존,2019.10,0.025
광주광역시,이산화질소,2019.10,0.017
광주광역시,일산화탄소,2019.10,0.4
대구광역시,미세먼지 PM10,2019.10,27.0
대구광역시,미세먼지 PM2.5,2019.10,14.0
대구광역시,아황산가스,2019.10,0.002
대구광역시,오존,2019.10,0.022
대구광역시,이산화질소,2019.10,0.017
대구광역시,일산화탄소,2019.10,0.4
대전광역시,미세먼지 PM10,2019.10,29.0
대전광역시,미세먼지 PM2.5,2019.10,15.0
대전광역시,아황산가스,2019.10,0.002
대전광역시,오존,2019.10,0.02
대전광역시,이산화질소,2019.10,0.018
대전광역시,일산화탄소,2019.10,0.3
부산광역시,미세먼지 PM10,2019.10,27.0
부산광역시,미세먼지 PM2.5,2019.10,13.0
부산광역시,아황산가스,2019.10,0.004
부산광역시,오존,2019.10,0.029
부산광역시,이산화질소,2019.10,0.017
부산광역시,일산화탄소,2019.10,0.3
서울특별시,미세먼지 PM10,2019.10,31.0
서울특별시,미세먼지 PM2.5,2019.10,15.0
서울특별시,아황산가스,2019.10,0.003
서울특별시,오존,2019.10,0.021
서울특별시,이산화질소,2019.10,0.025
서울특별시,일산화탄소,2019.10,0.5
세종특별자치시,미세먼지 PM10,2019.10,32.0
세종특별자치시,미세먼지 PM2.5,2019.10,17.0
세종특별자치시,아황산가스,2019.10,0.003
세종특별자치시,오존,2019.10,0.021
세종특별자치시,이산화질소,2019.10,0.019
세종특별자치시,일산화탄소,2019.10,0.5
울산광역시,미세먼지 PM10,2019.10,27.0
울산광역시,미세먼지 PM2.5,2019.10,11.0
울산광역시,아황산가스,2019.10,0.004
울산광역시,오존,2019.10,0.029
울산광역시,이산화질소,2019.10,0.016
울산광역시,일산화탄소,2019.10,0.4
인천광역시,미세먼지 PM10,2019.10,35.0
인천광역시,미세먼지 PM2.5,2019.10,16.0
인천광역시,아황산가스,2019.10,0.004
인천광역시,오존,2019.10,0.024
인천광역시,이산화질소,2019.10,0.023
인천광역시,일산화탄소,2019.10,0.5
전라남도,미세먼지 PM10,2019.10,28.391304347826086
전라남도,미세먼지 PM2.5,2019.10,13.91304347826087
전라남도,아황산가스,2019.10,0.0033043478260869562
전라남도,오존,2019.10,0.028608695652173916
전라남도,이산화질소,2019.10,0.008217391304347826
전라남도,일산화탄소,2019.10,0.4043478260869566
전라북도,미세먼지 PM10,2019.10,31.785714285714285
전라북도,미세먼지 PM2.5,2019.10,17.357142857142858
전라북도,아황산가스,2019.10,0.0023846153846153848
전라북도,오존,2019.10,0.027285714285714285
전라북도,이산화질소,2019.10,0.010785714285714286
전라북도,일산화탄소,2019.10,0.32857142857142857
제주특별자치도,미세먼지 PM10,2019.10,32.333333333333336
제주특별자치도,미세먼지 PM2.5,2019.10,15.0
제주특별자치도,아황산가스,2019.10,0.0016666666666666668
제주특별자치도,오존,2019.10,0.042333333333333334
제주특별자치도,이산화질소,2019.10,0.008
제주특별자치도,일산화탄소,2019.10,0.20000000000000004
충청남도,미세먼지 PM10,2019.10,36.25
충청남도,미세먼지 PM2.5,2019.10,19.375
충청남도,아황산가스,2019.10,0.0029375
충청남도,오존,2019.10,0.0269375
충청남도,이산화질소,2019.10,0.0119375
충청남도,일산화탄소,2019.10,0.4
충청북도,미세먼지 PM10,2019.10,32.25
충청북도,미세먼지 PM2.5,2019.10,19.166666666666668
충청북도,아황산가스,2019.10,0.0027500000000000003
충청북도,오존,2019.10,0.020416666666666666
충청북도,이산화질소,2019.10,0.014249999999999999
충청북도,일산화탄소,2019.10,0.38333333333333336
강원도,미세먼지 PM10,2019.11,35.23529411764706
강원도,미세먼지 PM2.5,2019.11,18.58823529411765
강원도,아황산가스,2019.11,0.0027058823529411765
강원도,오존,2019.11,0.020470588235294115
강원도,이산화질소,2019.11,0.013411764705882354
강원도,일산화탄소,2019.11,0.4647058823529412
경기도,미세먼지 PM10,2019.11,46.29032258064516
경기도,미세먼지 PM2.5,2019.11,22.78125
경기도,아황산가스,2019.11,0.0035
경기도,오존,2019.11,0.014375
경기도,이산화질소,2019.11,0.02790625
경기도,일산화탄소,2019.11,0.54375
경상남도,미세먼지 PM10,2019.11,35.21052631578947
경상남도,미세먼지 PM2.5,2019.11,16.31578947368421
경상남도,아황산가스,2019.11,0.002789473684210526
경상남도,오존,2019.11,0.023105263157894736
경상남도,이산화질소,2019.11,0.016894736842105264
경상남도,일산화탄소,2019.11,0.4105263157894737
경상북도,미세먼지 PM10,2019.11,38.8
경상북도,미세먼지 PM2.5,2019.11,18.785714285714285
경상북도,아황산가스,2019.11,0.0034000000000000002
경상북도,오존,2019.11,0.023000000000000003
경상북도,이산화질소,2019.11,0.014785714285714286
경상북도,일산화탄소,2019.11,0.4428571428571429
광주광역시,미세먼지 PM10,2019.11,43.0
광주광역시,미세먼지 PM2.5,2019.11,20.0
광주광역시,아황산가스,2019.11,0.003
광주광역시,오존,2019.11,0.021
광주광역시,이산화질소,2019.11,0.023
광주광역시,일산화탄소,2019.11,0.5
대구광역시,미세먼지 PM10,2019.11,41.0
대구광역시,미세먼지 PM2.5,2019.11,21.0
대구광역시,아황산가스,2019.11,0.003
대구광역시,오존,2019.11,0.017
대구광역시,이산화질소,2019.11,0.026
대구광역시,일산화탄소,2019.11,0.5
대전광역시,미세먼지 PM10,2019.11,43.0
대전광역시,미세먼지 PM2.5,2019.11,21.0
대전광역시,아황산가스,2019.11,0.003
대전광역시,오존,2019.11,0.016
대전광역시,이산화질소,2019.11,0.025
대전광역시,일산화탄소,2019.11,0.5
부산광역시,미세먼지 PM10,2019.11,35.0
부산광역시,미세먼지 PM2.5,2019.11,17.0
부산광역시,아황산가스,2019.11,0.004
부산광역시,오존,2019.11,0.023
부산광역시,이산화질소,2019.11,0.023
부산광역시,일산화탄소,2019.11,0.4
서울특별시,미세먼지 PM10,2019.11,40.0
서울특별시,미세먼지 PM2.5,2019.11,20.0
서울특별시,아황산가스,2019.11,0.004
서울특별시,오존,2019.11,0.013
서울특별시,이산화질소,2019.11,0.034
서울특별시,일산화탄소,2019.11,0.6
세종특별자치시,미세먼지 PM10,2019.11,45.0
세종특별자치시,미세먼지 PM2.5,2019.11,26.0
세종특별자치시,아황산가스,2019.11,0.003
세종특별자치시,오존,2019.11,0.016
세종특별자치시,이산화질소,2019.11,0.026
세종특별자치시,일산화탄소,2019.11,0.5
울산광역시,미세먼지 PM10,2019.11,34.0
울산광역시,미세먼지 PM2.5,2019.11,15.0
울산광역시,아황산가스,2019.11,0.004
울산광역시,오존,2019.11,0.023
울산광역시,이산화질소,2019.11,0.022
울산광역시,일산화탄소,2019.11,0.5
인천광역시,미세먼지 PM10,2019.11,41.0
인천광역시,미세먼지 PM2.5,2019.11,19.0
인천광역시,아황산가스,2019.11,0.005
인천광역시,오존,2019.11,0.017
인천광역시,이산화질소,2019.11,0.031
인천광역시,일산화탄소,2019.11,0.6
전라남도,미세먼지 PM10,2019.11,35.91304347826087
전라남도,미세먼지 PM2.5,2019.11,17.26086956521739
전라남도,아황산가스,2019.11,0.003391304347826087
전라남도,오존,2019.11,0.025608695652173913
전라남도,이산화질소,2019.11,0.011409090909090909
전라남도,일산화탄소,2019.11,0.4454545454545455
전라북도,미세먼지 PM10,2019.11,40.8
전라북도,미세먼지 PM2.5,2019.11,22.4
전라북도,아황산가스,2019.11,0.002928571428571429
전라북도,오존,2019.11,0.023466666666666667
전라북도,이산화질소,2019.11,0.0144
전라북도,일산화탄소,2019.11,0.44
제주특별자치도,미세먼지 PM10,2019.11,40.666666666666664
제주특별자치도,미세먼지 PM2.5,2019.11,15.333333333333334
제주특별자치도,아황산가스,2019.11,0.002
제주특별자치도,오존,2019.11,0.04066666666666666
제주특별자치도,이산화질소,2019.11,0.009666666666666665
제주특별자치도,일산화탄소,2019.11,0.3
충청남도,미세먼지 PM10,2019.11,44.5625
충청남도,미세먼지 PM2.5,2019.11,23.875
충청남도,아황산가스,2019.11,0.0033125
충청남도,오존,2019.11,0.020375
충청남도,이산화질소,2019.11,0.0166875
충청남도,일산화탄소,2019.11,0.4875
충청북도,미세먼지 PM10,2019.11,47.416666666666664
충청북도,미세먼지 PM2.5,2019.11,28.416666666666668
충청북도,아황산가스,2019.11,0.0030833333333333333
충청북도,오존,2019.11,0.016333333333333335
충청북도,이산화질소,2019.11,0.0205
충청북도,일산화탄소,2019.11,0.525
강원도,미세먼지 PM10,2019.12,35.89473684210526
강원도,미세먼지 PM2.5,2019.12,24.333333333333332
강원도,아황산가스,2019.12,0.0030526315789473684
강원도,오존,2019.12,0.020052631578947367
강원도,이산화질소,2019.12,0.01563157894736842
강원도,일산화탄소,2019.12,0.5578947368421052
경기도,미세먼지 PM10,2019.12,46.32258064516129
경기도,미세먼지 PM2.5,2019.12,30.838709677419356
경기도,아황산가스,2019.12,0.00365625
경기도,오존,2019.12,0.01203125
경기도,이산화질소,2019.12,0.02971875
경기도,일산화탄소,2019.12,0.609375
경상남도,미세먼지 PM10,2019.12,31.789473684210527
경상남도,미세먼지 PM2.5,2019.12,19.473684210526315
경상남도,아황산가스,2019.12,0.0032105263157894736
경상남도,오존,2019.12,0.020473684210526318
경상남도,이산화질소,2019.12,0.019789473684210527
경상남도,일산화탄소,2019.12,0.47368421052631576
경상북도,미세먼지 PM10,2019.12,36.69230769230769
경상북도,미세먼지 PM2.5,2019.12,24.363636363636363
경상북도,아황산가스,2019.12,0.0045
경상북도,오존,2019.12,0.021357142857142856
경상북도,이산화질소,2019.12,0.0155
경상북도,일산화탄소,2019.12,0.5571428571428572
광주광역시,미세먼지 PM10,2019.12,33.0
광주광역시,미세먼지 PM2.5,2019.12,22.0
광주광역시,아황산가스,2019.12,0.003
광주광역시,오존,2019.12,0.019
광주광역시,이산화질소,2019.12,0.025
광주광역시,일산화탄소,2019.12,0.6
대구광역시,미세먼지 PM10,2019.12,42.0
대구광역시,미세먼지 PM2.5,2019.12,29.0
대구광역시,아황산가스,2019.12,0.004
대구광역시,오존,2019.12,0.014
대구광역시,이산화질소,2019.12,0.03
대구광역시,일산화탄소,2019.12,0.7
대전광역시,미세먼지 PM10,2019.12,40.0
대전광역시,미세먼지 PM2.5,2019.12,25.0
대전광역시,아황산가스,2019.12,0.003
대전광역시,오존,2019.12,0.013
대전광역시,이산화질소,2019.12,0.028
대전광역시,일산화탄소,2019.12,0.6
부산광역시,미세먼지 PM10,2019.12,35.0
부산광역시,미세먼지 PM2.5,2019.12,23.0
부산광역시,아황산가스,2019.12,0.004
부산광역시,오존,2019.12,0.018
부산광역시,이산화질소,2019.12,0.026
부산광역시,일산화탄소,2019.12,0.5
서울특별시,미세먼지 PM10,2019.12,42.0
서울특별시,미세먼지 PM2.5,2019.12,28.0
서울특별시,아황산가스,2019.12,0.004
서울특별시,오존,2019.12,0.011
서울특별시,이산화질소,2019.12,0.035
서울특별시,일산화탄소,2019.12,0.7
세종특별자치시,미세먼지 PM10,2019.12,46.0
세종특별자치시,미세먼지 PM2.5,2019.12,32.0
세종특별자치시,아황산가스,2019.12,0.003
세종특별자치시,오존,2019.12,0.013
세종특별자치시,이산화질소,2019.12,0.029
세종특별자치시,일산화탄소,2019.12,0.6
울산광역시,미세먼지 PM10,2019.12,33.0
울산광역시,미세먼지 PM2.5,2019.12,20.0
울산광역시,아황산가스,2019.12,0.004
울산광역시,오존,2019.12,0.02
울산광역시,이산화질소,2019.12,0.025
울산광역시,일산화탄소,2019.12,0.5
인천광역시,미세먼지 PM10,2019.12,40.0
인천광역시,미세먼지 PM2.5,2019.12,25.0
인천광역시,아황산가스,2019.12,0.005
인천광역시,오존,2019.12,0.015
인천광역시,이산화질소,2019.12,0.031
인천광역시,일산화탄소,2019.12,0.7
전라남도,미세먼지 PM10,2019.12,29.52173913043478
전라남도,미세먼지 PM2.5,2019.12,18.565217391304348
전라남도,아황산가스,2019.12,0.0034347826086956524
전라남도,오존,2019.12,0.02273913043478261
전라남도,이산화질소,2019.12,0.013
전라남도,일산화탄소,2019.12,0.4826086956521739
전라북도,미세먼지 PM10,2019.12,34.857142857142854
전라북도,미세먼지 PM2.5,2019.12,24.428571428571427
전라북도,아황산가스,2019.12,0.002857142857142857
전라북도,오존,2019.12,0.021785714285714287
전라북도,이산화질소,2019.12,0.014642857142857143
전라북도,일산화탄소,2019.12,0.46153846153846156
제주특별자치도,미세먼지 PM10,2019.12,29.666666666666668
제주특별자치도,미세먼지 PM2.5,2019.12,16.0
제주특별자치도,아황산가스,2019.12,0.002
제주특별자치도,오존,2019.12,0.035666666666666666
제주특별자치도,이산화질소,2019.12,0.010666666666666666
제주특별자치도,일산화탄소,2019.12,0.3333333333333333
충청남도,미세먼지 PM10,2019.12,41.4375
충청남도,미세먼지 PM2.5,2019.12,28.533333333333335
충청남도,아황산가스,2019.12,0.0035
충청남도,오존,2019.12,0.0186875
충청남도,이산화질소,2019.12,0.017625
충청남도,일산화탄소,2019.12,0.5125
충청북도,미세먼지 PM10,2019.12,45.5
충청북도,미세먼지 PM2.5,2019.12,33.25
충청북도,아황산가스,2019.12,0.0030000000000000005
충청북도,오존,2019.12,0.012916666666666667
충청북도,이산화질소,2019.12,0.022333333333333334
충청북도,일산화탄소,2019.12,0.6454545454545454
강원도,미세먼지 PM10,2020.01,32.89473684210526
강원도,미세먼지 PM2.5,2020.01,22.63157894736842
강원도,아황산가스,2020.01,0.003
강원도,오존,2020.01,0.02231578947368421
강원도,이산화질소,2020.01,0.01368421052631579
강원도,일산화탄소,2020.01,0.5444444444444445
경기도,미세먼지 PM10,2020.01,46.4375
경기도,미세먼지 PM2.5,2020.01,30.96875
경기도,아황산가스,2020.01,0.003625
경기도,오존,2020.01,0.01575
경기도,이산화질소,2020.01,0.02865625
경기도,일산화탄소,2020.01,0.63125
경상남도,미세먼지 PM10,2020.01,28.526315789473685
경상남도,미세먼지 PM2.5,2020.01,19.210526315789473
경상남도,아황산가스,2020.01,0.003157894736842105
경상남도,오존,2020.01,0.02331578947368421
경상남도,이산화질소,2020.01,0.01747368421052632
경상남도,일산화탄소,2020.01,0.48947368421052634
경상북도,미세먼지 PM10,2020.01,32.46666666666667
경상북도,미세먼지 PM2.5,2020.01,21.285714285714285
경상북도,아황산가스,2020.01,0.0042
경상북도,오존,2020.01,0.02492857142857143
경상북도,이산화질소,2020.01,0.014384615384615385
경상북도,일산화탄소,2020.01,0.52
광주광역시,미세먼지 PM10,2020.01,36.0
광주광역시,미세먼지 PM2.5,2020.01,27.0
광주광역시,아황산가스,2020.01,0.003
광주광역시,오존,2020.01,0.022
광주광역시,이산화질소,2020.01,0.021
광주광역시,일산화탄소,2020.01,0.6
대구광역시,미세먼지 PM10,2020.01,37.0
대구광역시,미세먼지 PM2.5,2020.01,26.0
대구광역시,아황산가스,2020.01,0.003
대구광역시,오존,2020.01,0.018
대구광역시,이산화질소,2020.01,0.027
대구광역시,일산화탄소,2020.01,0.7
대전광역시,미세먼지 PM10,2020.01,41.0
대전광역시,미세먼지 PM2.5,2020.01,25.0
대전광역시,아황산가스,2020.01,0.003
대전광역시,오존,2020.01,0.015
대전광역시,이산화질소,2020.01,0.026
대전광역시,일산화탄소,2020.01,0.5
부산광역시,미세먼지 PM10,2020.01,32.0
부산광역시,미세먼지 PM2.5,2020.01,21.0
부산광역시,아황산가스,2020.01,0.004
부산광역시,오존,2020.01,0.023
부산광역시,이산화질소,2020.01,0.021
부산광역시,일산화탄소,2020.01,0.4
서울특별시,미세먼지 PM10,2020.01,42.0
서울특별시,미세먼지 PM2.5,2020.01,29.0
서울특별시,아황산가스,2020.01,0.004
서울특별시,오존,2020.01,0.014
서울특별시,이산화질소,2020.01,0.034
서울특별시,일산화탄소,2020.01,0.7
세종특별자치시,미세먼지 PM10,2020.01,47.0
세종특별자치시,미세먼지 PM2.5,2020.01,31.0
세종특별자치시,아황산가스,2020.01,0.003
세종특별자치시,오존,2020.01,0.016
세종특별자치시,이산화질소,2020.01,0.027
세종특별자치시,일산화탄소,2020.01,0.7
울산광역시,미세먼지 PM10,2020.01,30.0
울산광역시,미세먼지 PM2.5,2020.01,19.0
울산광역시,아황산가스,2020.01,0.004
울산광역시,오존,2020.01,0.025
울산광역시,이산화질소,2020.01,0.021
울산광역시,일산화탄소,2020.01,0.5
인천광역시,미세먼지 PM10,2020.01,42.0
인천광역시,미세먼지 PM2.5,2020.01,27.0
인천광역시,아황산가스,2020.01,0.005
인천광역시,오존,2020.01,0.02
인천광역시,이산화질소,2020.01,0.028
인천광역시,일산화탄소,2020.01,0.7
전라남도,미세먼지 PM10,2020.01,33.95454545454545
전라남도,미세먼지 PM2.5,2020.01,22.681818181818183
전라남도,아황산가스,2020.01,0.003260869565217391
전라남도,오존,2020.01,0.026304347826086955
전라남도,이산화질소,2020.01,0.01191304347826087
전라남도,일산화탄소,2020.01,0.4818181818181818
전라북도,미세먼지 PM10,2020.01,36.583333333333336
전라북도,미세먼지 PM2.5,2020.01,28.25
전라북도,아황산가스,2020.01,0.003
전라북도,오존,2020.01,0.022333333333333334
전라북도,이산화질소,2020.01,0.015000000000000001
전라북도,일산화탄소,2020.01,0.4785714285714286
제주특별자치도,미세먼지 PM10,2020.01,31.666666666666668
제주특별자치도,미세먼지 PM2.5,2020.01,19.0
제주특별자치도,아황산가스,2020.01,0.002
제주특별자치도,오존,2020.01,0.03666666666666667
제주특별자치도,이산화질소,2020.01,0.010666666666666666
제주특별자치도,일산화탄소,2020.01,0.3666666666666667
충청남도,미세먼지 PM10,2020.01,44.4375
충청남도,미세먼지 PM2.5,2020.01,32.0
충청남도,아황산가스,2020.01,0.003625
충청남도,오존,2020.01,0.01975
충청남도,이산화질소,2020.01,0.018375
충청남도,일산화탄소,2020.01,0.53125
충청북도,미세먼지 PM10,2020.01,44.833333333333336
충청북도,미세먼지 PM2.5,2020.01,32.75
충청북도,아황산가스,2020.01,0.0031666666666666666
충청북도,오존,2020.01,0.016416666666666666
충청북도,이산화질소,2020.01,0.020666666666666667
충청북도,일산화탄소,2020.01,0.625
강원도,미세먼지 PM10,2020.02,35.1578947368421
강원도,미세먼지 PM2.5,2020.02,24.57894736842105
강원도,아황산가스,2020.02,0.002789473684210526
강원도,오존,2020.02,0.028421052631578948
강원도,이산화질소,2020.02,0.012157894736842104
강원도,일산화탄소,2020.02,0.49444444444444446
경기도,미세먼지 PM10,2020.02,43.1875
경기도,미세먼지 PM2.5,2020.02,28.34375
경기도,아황산가스,2020.02,0.0032187500000000003
경기도,오존,2020.02,0.02109375
경기도,이산화질소,2020.02,0.025593750000000002
경기도,일산화탄소,2020.02,0.528125
경상남도,미세먼지 PM10,2020.02,31.894736842105264
경상남도,미세먼지 PM2.5,2020.02,20.210526315789473
경상남도,아황산가스,2020.02,0.0031666666666666666
경상남도,오존,2020.02,0.029736842105263162
경상남도,이산화질소,2020.02,0.015421052631578946
경상남도,일산화탄소,2020.02,0.4526315789473684
경상북도,미세먼지 PM10,2020.02,33.44444444444444
경상북도,미세먼지 PM2.5,2020.02,22.4
경상북도,아황산가스,2020.02,0.004
경상북도,오존,2020.02,0.03
경상북도,이산화질소,2020.02,0.012789473684210526
경상북도,일산화탄소,2020.02,0.4842105263157894
광주광역시,미세먼지 PM10,2020.02,32.0
광주광역시,미세먼지 PM2.5,2020.02,21.0
광주광역시,아황산가스,2020.02,0.003
광주광역시,오존,2020.02,0.027
광주광역시,이산화질소,2020.02,0.018
광주광역시,일산화탄소,2020.02,0.5
대구광역시,미세먼지 PM10,2020.02,38.0
대구광역시,미세먼지 PM2.5,2020.02,26.0
대구광역시,아황산가스,2020.02,0.003
대구광역시,오존,2020.02,0.023
대구광역시,이산화질소,2020.02,0.023
대구광역시,일산화탄소,2020.02,0.6
대전광역시,미세먼지 PM10,2020.02,38.0
대전광역시,미세먼지 PM2.5,2020.02,23.0
대전광역시,아황산가스,2020.02,0.003
대전광역시,오존,2020.02,0.019
대전광역시,이산화질소,2020.02,0.023
대전광역시,일산화탄소,2020.02,0.5
부산광역시,미세먼지 PM10,2020.02,34.0
부산광역시,미세먼지 PM2.5,2020.02,22.0
부산광역시,아황산가스,2020.02,0.004
부산광역시,오존,2020.02,0.027
부산광역시,이산화질소,2020.02,0.02
부산광역시,일산화탄소,2020.02,0.4
서울특별시,미세먼지 PM10,2020.02,41.0
서울특별시,미세먼지 PM2.5,2020.02,28.0
서울특별시,아황산가스,2020.02,0.003
서울특별시,오존,2020.02,0.018
서울특별시,이산화질소,2020.02,0.032
서울특별시,일산화탄소,2020.02,0.6
세종특별자치시,미세먼지 PM10,2020.02,43.0
세종특별자치시,미세먼지 PM2.5,2020.02,28.0
세종특별자치시,아황산가스,2020.02,0.003
세종특별자치시,오존,2020.02,0.021
세종특별자치시,이산화질소,2020.02,0.024
세종특별자치시,일산화탄소,2020.02,0.5
울산광역시,미세먼지 PM10,2020.02,31.0
울산광역시,미세먼지 PM2.5,2020.02,19.0
울산광역시,아황산가스,2020.02,0.004
울산광역시,오존,2020.02,0.028
울산광역시,이산화질소,2020.02,0.021
울산광역시,일산화탄소,2020.02,0.6
인천광역시,미세먼지 PM10,2020.02,37.0
인천광역시,미세먼지 PM2.5,2020.02,23.0
인천광역시,아황산가스,2020.02,0.004
인천광역시,오존,2020.02,0.023
인천광역시,이산화질소,2020.02,0.027
인천광역시,일산화탄소,2020.02,0.6
전라남도,미세먼지 PM10,2020.02,32.47826086956522
전라남도,미세먼지 PM2.5,2020.02,19.608695652173914
전라남도,아황산가스,2020.02,0.002956521739130435
전라남도,오존,2020.02,0.03156521739130435
전라남도,이산화질소,2020.02,0.010565217391304348
전라남도,일산화탄소,2020.02,0.42173913043478256
전라북도,미세먼지 PM10,2020.02,34.15384615384615
전라북도,미세먼지 PM2.5,2020.02,24.384615384615383
전라북도,아황산가스,2020.02,0.0027333333333333333
전라북도,오존,2020.02,0.0292
전라북도,이산화질소,2020.02,0.0128
전라북도,일산화탄소,2020.02,0.42
제주특별자치도,미세먼지 PM10,2020.02,34.666666666666664
제주특별자치도,미세먼지 PM2.5,2020.02,20.666666666666668
제주특별자치도,아황산가스,2020.02,0.0013333333333333333
제주특별자치도,오존,2020.02,0.04
제주특별자치도,이산화질소,2020.02,0.009666666666666665
제주특별자치도,일산화탄소,2020.02,0.39999999999999997
충청남도,미세먼지 PM10,2020.02,43.6875
충청남도,미세먼지 PM2.5,2020.02,30.0625
충청남도,아황산가스,2020.02,0.003125
충청남도,오존,2020.02,0.0246875
충청남도,이산화질소,2020.02,0.01575
충청남도,일산화탄소,2020.02,0.46875
충청북도,미세먼지 PM10,2020.02,40.916666666666664
충청북도,미세먼지 PM2.5,2020.02,29.833333333333332
충청북도,아황산가스,2020.02,0.0030833333333333333
충청북도,오존,2020.02,0.023499999999999997
충청북도,이산화질소,2020.02,0.0185
충청북도,일산화탄소,2020.02,0.6083333333333333
강원도,미세먼지 PM10,2020.03,36.78947368421053
강원도,미세먼지 PM2.5,2020.03,20.842105263157894
강원도,아황산가스,2020.03,0.0023684210526315787
강원도,오존,2020.03,0.035631578947368424
강원도,이산화질소,2020.03,0.010526315789473684
강원도,일산화탄소,2020.03,0.42105263157894735
경기도,미세먼지 PM10,2020.03,48.25
경기도,미세먼지 PM2.5,2020.03,25.21875
경기도,아황산가스,2020.03,0.00315625
경기도,오존,2020.03,0.029906250000000002
경기도,이산화질소,2020.03,0.02196875
경기도,일산화탄소,2020.03,0.453125
경상남도,미세먼지 PM10,2020.03,31.166666666666668
경상남도,미세먼지 PM2.5,2020.03,15.777777777777779
경상남도,아황산가스,2020.03,0.0031111111111111114
경상남도,오존,2020.03,0.036833333333333336
경상남도,이산화질소,2020.03,0.01311111111111111
경상남도,일산화탄소,2020.03,0.3888888888888889
경상북도,미세먼지 PM10,2020.03,34.22727272727273
경상북도,미세먼지 PM2.5,2020.03,18.4
경상북도,아황산가스,2020.03,0.0035217391304347826
경상북도,오존,2020.03,0.03647826086956522
경상북도,이산화질소,2020.03,0.010826086956521739
경상북도,일산화탄소,2020.03,0.3909090909090909
광주광역시,미세먼지 PM10,2020.03,35.0
광주광역시,미세먼지 PM2.5,2020.03,18.0
광주광역시,아황산가스,2020.03,0.003
광주광역시,오존,2020.03,0.033
광주광역시,이산화질소,2020.03,0.015
광주광역시,일산화탄소,2020.03,0.4
대구광역시,미세먼지 PM10,2020.03,38.0
대구광역시,미세먼지 PM2.5,2020.03,20.0
대구광역시,아황산가스,2020.03,0.003
대구광역시,오존,2020.03,0.03
대구광역시,이산화질소,2020.03,0.017
대구광역시,일산화탄소,2020.03,0.4
대전광역시,미세먼지 PM10,2020.03,40.0
대전광역시,미세먼지 PM2.5,2020.03,20.0
대전광역시,아황산가스,2020.03,0.002
대전광역시,오존,2020.03,0.029
대전광역시,이산화질소,2020.03,0.018
대전광역시,일산화탄소,2020.03,0.4
부산광역시,미세먼지 PM10,2020.03,33.0
부산광역시,미세먼지 PM2.5,2020.03,16.0
부산광역시,아황산가스,2020.03,0.003
부산광역시,오존,2020.03,0.034
부산광역시,이산화질소,2020.03,0.016
부산광역시,일산화탄소,2020.03,0.4
서울특별시,미세먼지 PM10,2020.03,45.0
서울특별시,미세먼지 PM2.5,2020.03,25.0
서울특별시,아황산가스,2020.03,0.003
서울특별시,오존,2020.03,0.027
서울특별시,이산화질소,2020.03,0.027
서울특별시,일산화탄소,2020.03,0.5
세종특별자치시,미세먼지 PM10,2020.03,47.0
세종특별자치시,미세먼지 PM2.5,2020.03,23.0
세종특별자치시,아황산가스,2020.03,0.003
세종특별자치시,오존,2020.03,0.032
세종특별자치시,이산화질소,2020.03,0.019
세종특별자치시,일산화탄소,2020.03,0.4
울산광역시,미세먼지 PM10,2020.03,34.0
울산광역시,미세먼지 PM2.5,2020.03,17.0
울산광역시,아황산가스,2020.03,0.004
울산광역시,오존,2020.03,0.035
울산광역시,이산화질소,2020.03,0.018
울산광역시,일산화탄소,2020.03,0.5
인천광역시,미세먼지 PM10,2020.03,41.0
인천광역시,미세먼지 PM2.5,2020.03,21.0
인천광역시,아황산가스,2020.03,0.004
인천광역시,오존,2020.03,0.032
인천광역시,이산화질소,2020.03,0.023
인천광역시,일산화탄소,2020.03,0.5
전라남도,미세먼지 PM10,2020.03,32.91304347826087
전라남도,미세먼지 PM2.5,2020.03,15.956521739130435
전라남도,아황산가스,2020.03,0.0028695652173913043
전라남도,오존,2020.03,0.035739130434782614
전라남도,이산화질소,2020.03,0.009130434782608695
전라남도,일산화탄소,2020.03,0.40869565217391307
전라북도,미세먼지 PM10,2020.03,38.69230769230769
전라북도,미세먼지 PM2.5,2020.03,21.5
전라북도,아황산가스,2020.03,0.0029333333333333334
전라북도,오존,2020.03,0.03526666666666667
전라북도,이산화질소,2020.03,0.010933333333333333
전라북도,일산화탄소,2020.03,0.39333333333333337
제주특별자치도,미세먼지 PM10,2020.03,35.666666666666664
제주특별자치도,미세먼지 PM2.5,2020.03,15.333333333333334
제주특별자치도,아황산가스,2020.03,0.001
제주특별자치도,오존,2020.03,0.043666666666666666
제주특별자치도,이산화질소,2020.03,0.008666666666666668
제주특별자치도,일산화탄소,2020.03,0.3333333333333333
충청남도,미세먼지 PM10,2020.03,47.13333333333333
충청남도,미세먼지 PM2.5,2020.03,25.533333333333335
충청남도,아황산가스,2020.03,0.0034000000000000002
충청남도,오존,2020.03,0.034133333333333335
충청남도,이산화질소,2020.03,0.012666666666666666
충청남도,일산화탄소,2020.03,0.4266666666666667
충청북도,미세먼지 PM10,2020.03,42.083333333333336
충청북도,미세먼지 PM2.5,2020.03,26.083333333333332
충청북도,아황산가스,2020.03,0.003090909090909091
충청북도,오존,2020.03,0.03258333333333333
충청북도,이산화질소,2020.03,0.015083333333333332
충청북도,일산화탄소,2020.03,0.4583333333333333
강원도,미세먼지 PM10,2020.04,39.0
강원도,미세먼지 PM2.5,2020.04,18.789473684210527
강원도,아황산가스,2020.04,0.0025263157894736842
강원도,오존,2020.04,0.04368421052631579
강원도,이산화질소,2020.04,0.008666666666666666
강원도,일산화탄소,2020.04,0.3647058823529412
경기도,미세먼지 PM10,2020.04,46.875
경기도,미세먼지 PM2.5,2020.04,19.875
경기도,아황산가스,2020.04,0.003
경기도,오존,2020.04,0.039625
경기도,이산화질소,2020.04,0.016625
경기도,일산화탄소,2020.04,0.39687500000000003
경상남도,미세먼지 PM10,2020.04,32.72222222222222
경상남도,미세먼지 PM2.5,2020.04,15.055555555555555
경상남도,아황산가스,2020.04,0.0031111111111111114
경상남도,오존,2020.04,0.04788888888888889
경상남도,이산화질소,2020.04,0.011333333333333332
경상남도,일산화탄소,2020.04,0.37222222222222223
경상북도,미세먼지 PM10,2020.04,36.25
경상북도,미세먼지 PM2.5,2020.04,16.833333333333332
경상북도,아황산가스,2020.04,0.003541666666666667
경상북도,오존,2020.04,0.04591666666666667
경상북도,이산화질소,2020.04,0.008958333333333334
경상북도,일산화탄소,2020.04,0.37083333333333335
광주광역시,미세먼지 PM10,2020.04,38.0
광주광역시,미세먼지 PM2.5,2020.04,17.0
광주광역시,아황산가스,2020.04,0.003
광주광역시,오존,2020.04,0.043
광주광역시,이산화질소,2020.04,0.013
광주광역시,일산화탄소,2020.04,0.4
대구광역시,미세먼지 PM10,2020.04,39.0
대구광역시,미세먼지 PM2.5,2020.04,18.0
대구광역시,아황산가스,2020.04,0.002
대구광역시,오존,2020.04,0.04
대구광역시,이산화질소,2020.04,0.013
대구광역시,일산화탄소,2020.04,0.4
대전광역시,미세먼지 PM10,2020.04,41.0
대전광역시,미세먼지 PM2.5,2020.04,17.0
대전광역시,아황산가스,2020.04,0.002
대전광역시,오존,2020.04,0.038
대전광역시,이산화질소,2020.04,0.014
대전광역시,일산화탄소,2020.04,0.3
부산광역시,미세먼지 PM10,2020.04,36.0
부산광역시,미세먼지 PM2.5,2020.04,17.0
부산광역시,아황산가스,2020.04,0.003
부산광역시,오존,2020.04,0.044
부산광역시,이산화질소,2020.04,0.014
부산광역시,일산화탄소,2020.04,0.4
서울특별시,미세먼지 PM10,2020.04,44.0
서울특별시,미세먼지 PM2.5,2020.04,21.0
서울특별시,아황산가스,2020.04,0.003
서울특별시,오존,2020.04,0.036
서울특별시,이산화질소,2020.04,0.021
서울특별시,일산화탄소,2020.04,0.4
세종특별자치시,미세먼지 PM10,2020.04,44.0
세종특별자치시,미세먼지 PM2.5,2020.04,18.0
세종특별자치시,아황산가스,2020.04,0.003
세종특별자치시,오존,2020.04,0.042
세종특별자치시,이산화질소,2020.04,0.014
세종특별자치시,일산화탄소,2020.04,0.4
울산광역시,미세먼지 PM10,2020.04,36.0
울산광역시,미세먼지 PM2.5,2020.04,17.0
울산광역시,아황산가스,2020.04,0.004
울산광역시,오존,2020.04,0.043
울산광역시,이산화질소,2020.04,0.016
울산광역시,일산화탄소,2020.04,0.4
인천광역시,미세먼지 PM10,2020.04,39.0
인천광역시,미세먼지 PM2.5,2020.04,16.0
인천광역시,아황산가스,2020.04,0.004
인천광역시,오존,2020.04,0.041
인천광역시,이산화질소,2020.04,0.017
인천광역시,일산화탄소,2020.04,0.5
전라남도,미세먼지 PM10,2020.04,35.30434782608695
전라남도,미세먼지 PM2.5,2020.04,16.130434782608695
전라남도,아황산가스,2020.04,0.0027391304347826086
전라남도,오존,2020.04,0.044
전라남도,이산화질소,2020.04,0.007956521739130435
전라남도,일산화탄소,2020.04,0.3869565217391305
전라북도,미세먼지 PM10,2020.04,39.4
전라북도,미세먼지 PM2.5,2020.04,18.933333333333334
전라북도,아황산가스,2020.04,0.0027333333333333333
전라북도,오존,2020.04,0.0436
전라북도,이산화질소,2020.04,0.009857142857142858
전라북도,일산화탄소,2020.04,0.33999999999999997
제주특별자치도,미세먼지 PM10,2020.04,41.666666666666664
제주특별자치도,미세먼지 PM2.5,2020.04,18.0
제주특별자치도,아황산가스,2020.04,0.0013333333333333333
제주특별자치도,오존,2020.04,0.05266666666666667
제주특별자치도,이산화질소,2020.04,0.008666666666666666
제주특별자치도,일산화탄소,2020.04,0.3333333333333333
충청남도,미세먼지 PM10,2020.04,44.13333333333333
충청남도,미세먼지 PM2.5,2020.04,20.066666666666666
충청남도,아황산가스,2020.04,0.003266666666666667
충청남도,오존,2020.04,0.040466666666666665
충청남도,이산화질소,2020.04,0.009866666666666666
충청남도,일산화탄소,2020.04,0.38
충청북도,미세먼지 PM10,2020.04,42.63636363636363
충청북도,미세먼지 PM2.5,2020.04,22.166666666666668
충청북도,아황산가스,2020.04,0.003181818181818182
충청북도,오존,2020.04,0.042833333333333334
충청북도,이산화질소,2020.04,0.011899999999999999
충청북도,일산화탄소,2020.04,0.39166666666666666
강원도,미세먼지 PM10,2020.05,29.22222222222222
강원도,미세먼지 PM2.5,2020.05,14.5
강원도,아황산가스,2020.05,0.0023333333333333335
강원도,오존,2020.05,0.03944444444444444
강원도,이산화질소,2020.05,0.007
강원도,일산화탄소,2020.05,0.34444444444444444
경기도,미세먼지 PM10,2020.05,36.8125
경기도,미세먼지 PM2.5,2020.05,18.40625
경기도,아황산가스,2020.05,0.00284375
경기도,오존,2020.05,0.038843749999999996
경기도,이산화질소,2020.05,0.0149375
경기도,일산화탄소,2020.05,0.4
경상남도,미세먼지 PM10,2020.05,31.555555555555557
경상남도,미세먼지 PM2.5,2020.05,15.944444444444445
경상남도,아황산가스,2020.05,0.0030526315789473684
경상남도,오존,2020.05,0.04647368421052631
경상남도,이산화질소,2020.05,0.009789473684210527
경상남도,일산화탄소,2020.05,0.3631578947368421
경상북도,미세먼지 PM10,2020.05,31.541666666666668
경상북도,미세먼지 PM2.5,2020.05,15.166666666666666
경상북도,아황산가스,2020.05,0.0032083333333333334
경상북도,오존,2020.05,0.044041666666666666
경상북도,이산화질소,2020.05,0.007333333333333333
경상북도,일산화탄소,2020.05,0.35833333333333334
광주광역시,미세먼지 PM10,2020.05,31.0
광주광역시,미세먼지 PM2.5,2020.05,18.0
광주광역시,아황산가스,2020.05,0.002
광주광역시,오존,2020.05,0.041
광주광역시,이산화질소,2020.05,0.01
광주광역시,일산화탄소,2020.05,0.4
대구광역시,미세먼지 PM10,2020.05,38.0
대구광역시,미세먼지 PM2.5,2020.05,20.0
대구광역시,아황산가스,2020.05,0.002
대구광역시,오존,2020.05,0.04
대구광역시,이산화질소,2020.05,0.011
대구광역시,일산화탄소,2020.05,0.4
대전광역시,미세먼지 PM10,2020.05,32.0
대전광역시,미세먼지 PM2.5,2020.05,16.0
대전광역시,아황산가스,2020.05,0.002
대전광역시,오존,2020.05,0.037
대전광역시,이산화질소,2020.05,0.011
대전광역시,일산화탄소,2020.05,0.3
부산광역시,미세먼지 PM10,2020.05,32.0
부산광역시,미세먼지 PM2.5,2020.05,17.0
부산광역시,아황산가스,2020.05,0.004
부산광역시,오존,2020.05,0.041
부산광역시,이산화질소,2020.05,0.014
부산광역시,일산화탄소,2020.05,0.4
서울특별시,미세먼지 PM10,2020.05,35.0
서울특별시,미세먼지 PM2.5,2020.05,19.0
서울특별시,아황산가스,2020.05,0.003
서울특별시,오존,2020.05,0.034
서울특별시,이산화질소,2020.05,0.02
서울특별시,일산화탄소,2020.05,0.4
세종특별자치시,미세먼지 PM10,2020.05,34.0
세종특별자치시,미세먼지 PM2.5,2020.05,14.0
세종특별자치시,아황산가스,2020.05,0.003
세종특별자치시,오존,2020.05,0.044
세종특별자치시,이산화질소,2020.05,0.012
세종특별자치시,일산화탄소,2020.05,0.5
울산광역시,미세먼지 PM10,2020.05,36.0
울산광역시,미세먼지 PM2.5,2020.05,19.0
울산광역시,아황산가스,2020.05,0.005
울산광역시,오존,2020.05,0.041
울산광역시,이산화질소,2020.05,0.015
울산광역시,일산화탄소,2020.05,0.4
인천광역시,미세먼지 PM10,2020.05,31.0
인천광역시,미세먼지 PM2.5,2020.05,15.0
인천광역시,아황산가스,2020.05,0.004
인천광역시,오존,2020.05,0.039
인천광역시,이산화질소,2020.05,0.017
인천광역시,일산화탄소,2020.05,0.5
전라남도,미세먼지 PM10,2020.05,29.217391304347824
전라남도,미세먼지 PM2.5,2020.05,15.590909090909092
전라남도,아황산가스,2020.05,0.002956521739130435
전라남도,오존,2020.05,0.04160869565217391
전라남도,이산화질소,2020.05,0.0066521739130434784
전라남도,일산화탄소,2020.05,0.4043478260869566
전라북도,미세먼지 PM10,2020.05,33.57142857142857
전라북도,미세먼지 PM2.5,2020.05,19.571428571428573
전라북도,아황산가스,2020.05,0.0026
전라북도,오존,2020.05,0.04426666666666667
전라북도,이산화질소,2020.05,0.008214285714285714
전라북도,일산화탄소,2020.05,0.33999999999999997
제주특별자치도,미세먼지 PM10,2020.05,36.333333333333336
제주특별자치도,미세먼지 PM2.5,2020.05,19.333333333333332
제주특별자치도,아황산가스,2020.05,0.0013333333333333333
제주특별자치도,오존,2020.05,0.04533333333333334
제주특별자치도,이산화질소,2020.05,0.008
제주특별자치도,일산화탄소,2020.05,0.3333333333333333
충청남도,미세먼지 PM10,2020.05,34.93333333333333
충청남도,미세먼지 PM2.5,2020.05,18.857142857142858
충청남도,아황산가스,2020.05,0.0031333333333333335
충청남도,오존,2020.05,0.040799999999999996
충청남도,이산화질소,2020.05,0.0084
충청남도,일산화탄소,2020.05,0.4
충청북도,미세먼지 PM10,2020.05,33.0
충청북도,미세먼지 PM2.5,2020.05,18.363636363636363
충청북도,아황산가스,2020.05,0.0030833333333333333
충청북도,오존,2020.05,0.03966666666666666
충청북도,이산화질소,2020.05,0.009
충청북도,일산화탄소,2020.05,0.4083333333333334
강원도,미세먼지 PM10,2020.06,35.333333333333336
강원도,미세먼지 PM2.5,2020.06,18.0
강원도,아황산가스,2020.06,0.002388888888888889
강원도,오존,2020.06,0.04516666666666666
강원도,이산화질소,2020.06,0.006888888888888889
강원도,일산화탄소,2020.06,0.3666666666666667
경기도,미세먼지 PM10,2020.06,39.96875
경기도,미세먼지 PM2.5,2020.06,20.78125
경기도,아황산가스,2020.06,0.00296875
경기도,오존,2020.06,0.04728125
경기도,이산화질소,2020.06,0.014437499999999999
경기도,일산화탄소,2020.06,0.41875
경상남도,미세먼지 PM10,2020.06,29.27777777777778
경상남도,미세먼지 PM2.5,2020.06,15.68421052631579
경상남도,아황산가스,2020.06,0.0029473684210526317
경상남도,오존,2020.06,0.047210526315789474
경상남도,이산화질소,2020.06,0.010105263157894737
경상남도,일산화탄소,2020.06,0.3526315789473684
경상북도,미세먼지 PM10,2020.06,30.458333333333332
경상북도,미세먼지 PM2.5,2020.06,15.666666666666666
경상북도,아황산가스,2020.06,0.0033478260869565218
경상북도,오존,2020.06,0.048125
경상북도,이산화질소,2020.06,0.008
경상북도,일산화탄소,2020.06,0.33043478260869563
광주광역시,미세먼지 PM10,2020.06,31.0
광주광역시,미세먼지 PM2.5,2020.06,18.0
광주광역시,아황산가스,2020.06,0.002
광주광역시,오존,2020.06,0.04
광주광역시,이산화질소,2020.06,0.009
광주광역시,일산화탄소,2020.06,0.3
대구광역시,미세먼지 PM10,2020.06,35.0
대구광역시,미세먼지 PM2.5,2020.06,20.0
대구광역시,아황산가스,2020.06,0.002
대구광역시,오존,2020.06,0.045
대구광역시,이산화질소,2020.06,0.012
대구광역시,일산화탄소,2020.06,0.4
대전광역시,미세먼지 PM10,2020.06,34.0
대전광역시,미세먼지 PM2.5,2020.06,19.0
대전광역시,아황산가스,2020.06,0.002
대전광역시,오존,2020.06,0.048
대전광역시,이산화질소,2020.06,0.012
대전광역시,일산화탄소,2020.06,0.4
부산광역시,미세먼지 PM10,2020.06,27.0
부산광역시,미세먼지 PM2.5,2020.06,15.0
부산광역시,아황산가스,2020.06,0.004
부산광역시,오존,2020.06,0.04
부산광역시,이산화질소,2020.06,0.015
부산광역시,일산화탄소,2020.06,0.4
서울특별시,미세먼지 PM10,2020.06,36.0
서울특별시,미세먼지 PM2.5,2020.06,21.0
서울특별시,아황산가스,2020.06,0.003
서울특별시,오존,2020.06,0.044
서울특별시,이산화질소,2020.06,0.019
서울특별시,일산화탄소,2020.06,0.4
세종특별자치시,미세먼지 PM10,2020.06,37.0
세종특별자치시,미세먼지 PM2.5,2020.06,16.0
세종특별자치시,아황산가스,2020.06,0.003
세종특별자치시,오존,2020.06,0.05
세종특별자치시,이산화질소,2020.06,0.012
세종특별자치시,일산화탄소,2020.06,0.5
울산광역시,미세먼지 PM10,2020.06,32.0
울산광역시,미세먼지 PM2.5,2020.06,19.0
울산광역시,아황산가스,2020.06,0.006
울산광역시,오존,2020.06,0.039
울산광역시,이산화질소,2020.06,0.018
울산광역시,일산화탄소,2020.06,0.4
인천광역시,미세먼지 PM10,2020.06,32.0
인천광역시,미세먼지 PM2.5,2020.06,17.0
인천광역시,아황산가스,2020.06,0.003
인천광역시,오존,2020.06,0.044
인천광역시,이산화질소,2020.06,0.016
인천광역시,일산화탄소,2020.06,0.4
전라남도,미세먼지 PM10,2020.06,26.956521739130434
전라남도,미세먼지 PM2.5,2020.06,15.045454545454545
전라남도,아황산가스,2020.06,0.002956521739130435
전라남도,오존,2020.06,0.04008695652173913
전라남도,이산화질소,2020.06,0.006304347826086956
전라남도,일산화탄소,2020.06,0.3826086956521739
전라북도,미세먼지 PM10,2020.06,36.07142857142857
전라북도,미세먼지 PM2.5,2020.06,23.266666666666666
전라북도,아황산가스,2020.06,0.0026
전라북도,오존,2020.06,0.0472
전라북도,이산화질소,2020.06,0.008
전라북도,일산화탄소,2020.06,0.3466666666666667
제주특별자치도,미세먼지 PM10,2020.06,27.333333333333332
제주특별자치도,미세먼지 PM2.5,2020.06,13.666666666666666
제주특별자치도,아황산가스,2020.06,0.0013333333333333333
제주특별자치도,오존,2020.06,0.03966666666666666
제주특별자치도,이산화질소,2020.06,0.008333333333333333
제주특별자치도,일산화탄소,2020.06,0.26666666666666666
충청남도,미세먼지 PM10,2020.06,35.5
충청남도,미세먼지 PM2.5,2020.06,19.3125
충청남도,아황산가스,2020.06,0.003125
충청남도,오존,2020.06,0.046125
충청남도,이산화질소,2020.06,0.008625
충청남도,일산화탄소,2020.06,0.40625
충청북도,미세먼지 PM10,2020.06,36.0
충청북도,미세먼지 PM2.5,2020.06,20.09090909090909
충청북도,아황산가스,2020.06,0.0029090909090909093
충청북도,오존,2020.06,0.04409090909090909
충청북도,이산화질소,2020.06,0.00890909090909091
충청북도,일산화탄소,2020.06,0.38181818181818183
강원도,미세먼지 PM10,2020.07,16.875
강원도,미세먼지 PM2.5,2020.07,8.68421052631579
강원도,아황산가스,2020.07,0.002210526315789474
강원도,오존,2020.07,0.027631578947368424
강원도,이산화질소,2020.07,0.005666666666666666
강원도,일산화탄소,2020.07,0.37222222222222223
경기도,미세먼지 PM10,2020.07,22.258064516129032
경기도,미세먼지 PM2.5,2020.07,12.53125
경기도,아황산가스,2020.07,0.00259375
경기도,오존,2020.07,0.031968750000000004
경기도,이산화질소,2020.07,0.01178125
경기도,일산화탄소,2020.07,0.4
경상남도,미세먼지 PM10,2020.07,18.789473684210527
경상남도,미세먼지 PM2.5,2020.07,10.277777777777779
경상남도,아황산가스,2020.07,0.002631578947368421
경상남도,오존,2020.07,0.031842105263157894
경상남도,이산화질소,2020.07,0.009473684210526315
경상남도,일산화탄소,2020.07,0.34210526315789475
경상북도,미세먼지 PM10,2020.07,16.125
경상북도,미세먼지 PM2.5,2020.07,8.818181818181818
경상북도,아황산가스,2020.07,0.0028333333333333335
경상북도,오존,2020.07,0.031041666666666665
경상북도,이산화질소,2020.07,0.006583333333333333
경상북도,일산화탄소,2020.07,0.30833333333333335
광주광역시,미세먼지 PM10,2020.07,15.0
광주광역시,미세먼지 PM2.5,2020.07,9.0
광주광역시,아황산가스,2020.07,0.002
광주광역시,오존,2020.07,0.028
광주광역시,이산화질소,2020.07,0.008
광주광역시,일산화탄소,2020.07,0.3
대구광역시,미세먼지 PM10,2020.07,22.0
대구광역시,미세먼지 PM2.5,2020.07,14.0
대구광역시,아황산가스,2020.07,0.002
대구광역시,오존,2020.07,0.027
대구광역시,이산화질소,2020.07,0.011
대구광역시,일산화탄소,2020.07,0.4
대전광역시,미세먼지 PM10,2020.07,16.0
대전광역시,미세먼지 PM2.5,2020.07,9.0
대전광역시,아황산가스,2020.07,0.002
대전광역시,오존,2020.07,0.03
대전광역시,이산화질소,2020.07,0.01
대전광역시,일산화탄소,2020.07,0.3
부산광역시,미세먼지 PM10,2020.07,18.0
부산광역시,미세먼지 PM2.5,2020.07,10.0
부산광역시,아황산가스,2020.07,0.003
부산광역시,오존,2020.07,0.028
부산광역시,이산화질소,2020.07,0.014
부산광역시,일산화탄소,2020.07,0.3
서울특별시,미세먼지 PM10,2020.07,21.0
서울특별시,미세먼지 PM2.5,2020.07,13.0
서울특별시,아황산가스,2020.07,0.002
서울특별시,오존,2020.07,0.031
서울특별시,이산화질소,2020.07,0.016
서울특별시,일산화탄소,2020.07,0.4
세종특별자치시,미세먼지 PM10,2020.07,17.0
세종특별자치시,미세먼지 PM2.5,2020.07,9.0
세종특별자치시,아황산가스,2020.07,0.002
세종특별자치시,오존,2020.07,0.032
세종특별자치시,이산화질소,2020.07,0.01
세종특별자치시,일산화탄소,2020.07,0.5
울산광역시,미세먼지 PM10,2020.07,20.0
울산광역시,미세먼지 PM2.5,2020.07,12.0
울산광역시,아황산가스,2020.07,0.004
울산광역시,오존,2020.07,0.028
울산광역시,이산화질소,2020.07,0.015
울산광역시,일산화탄소,2020.07,0.4
인천광역시,미세먼지 PM10,2020.07,21.0
인천광역시,미세먼지 PM2.5,2020.07,
인천광역시,아황산가스,2020.07,0.003
인천광역시,오존,2020.07,0.034
인천광역시,이산화질소,2020.07,0.014
인천광역시,일산화탄소,2020.07,0.4
전라남도,미세먼지 PM10,2020.07,16.636363636363637
전라남도,미세먼지 PM2.5,2020.07,9.227272727272727
전라남도,아황산가스,2020.07,0.0028095238095238095
전라남도,오존,2020.07,0.030000000000000002
전라남도,이산화질소,2020.07,0.005636363636363636
전라남도,일산화탄소,2020.07,0.3904761904761904
전라북도,미세먼지 PM10,2020.07,17.933333333333334
전라북도,미세먼지 PM2.5,2020.07,12.466666666666667
전라북도,아황산가스,2020.07,0.0025384615384615385
전라북도,오존,2020.07,0.032
전라북도,이산화질소,2020.07,0.0067333333333333325
전라북도,일산화탄소,2020.07,0.31333333333333335
제주특별자치도,미세먼지 PM10,2020.07,20.0
제주특별자치도,미세먼지 PM2.5,2020.07,9.666666666666666
제주특별자치도,아황산가스,2020.07,0.001
제주특별자치도,오존,2020.07,0.03366666666666667
제주특별자치도,이산화질소,2020.07,0.007
제주특별자치도,일산화탄소,2020.07,0.20000000000000004
충청남도,미세먼지 PM10,2020.07,21.6875
충청남도,미세먼지 PM2.5,2020.07,12.0625
충청남도,아황산가스,2020.07,0.0030625
충청남도,오존,2020.07,0.0335
충청남도,이산화질소,2020.07,0.008
충청남도,일산화탄소,2020.07,0.375
충청북도,미세먼지 PM10,2020.07,17.5
충청북도,미세먼지 PM2.5,2020.07,9.75
충청북도,아황산가스,2020.07,0.0028333333333333335
충청북도,오존,2020.07,0.027083333333333334
충청북도,이산화질소,2020.07,0.007833333333333333
충청북도,일산화탄소,2020.07,0.3416666666666666
강원도,미세먼지 PM10,2020.08,18.263157894736842
강원도,미세먼지 PM2.5,2020.08,10.2
강원도,아황산가스,2020.08,0.002157894736842105
강원도,오존,2020.08,0.02261111111111111
강원도,이산화질소,2020.08,0.006210526315789474
강원도,일산화탄소,2020.08,0.37894736842105264
경기도,미세먼지 PM10,2020.08,22.966666666666665
경기도,미세먼지 PM2.5,2020.08,12.419354838709678
경기도,아황산가스,2020.08,0.00267741935483871
경기도,오존,2020.08,0.022774193548387094
경기도,이산화질소,2020.08,0.010258064516129033
경기도,일산화탄소,2020.08,0.3375
경상남도,미세먼지 PM10,2020.08,27.894736842105264
경상남도,미세먼지 PM2.5,2020.08,15.631578947368421
경상남도,아황산가스,2020.08,0.0029473684210526317
경상남도,오존,2020.08,0.026526315789473686
경상남도,이산화질소,2020.08,0.007894736842105263
경상남도,일산화탄소,2020.08,0.30526315789473685
경상북도,미세먼지 PM10,2020.08,22.041666666666668
경상북도,미세먼지 PM2.5,2020.08,13.391304347826088
경상북도,아황산가스,2020.08,0.0030416666666666665
경상북도,오존,2020.08,0.025958333333333333
경상북도,이산화질소,2020.08,0.006416666666666667
경상북도,일산화탄소,2020.08,0.2791666666666667
광주광역시,미세먼지 PM10,2020.08,22.0
광주광역시,미세먼지 PM2.5,2020.08,14.0
광주광역시,아황산가스,2020.08,0.003
광주광역시,오존,2020.08,0.021
광주광역시,이산화질소,2020.08,0.006
광주광역시,일산화탄소,2020.08,0.3
대구광역시,미세먼지 PM10,2020.08,25.0
대구광역시,미세먼지 PM2.5,2020.08,16.0
대구광역시,아황산가스,2020.08,0.002
대구광역시,오존,2020.08,0.023
대구광역시,이산화질소,2020.08,0.009
대구광역시,일산화탄소,2020.08,0.3
대전광역시,미세먼지 PM10,2020.08,20.0
대전광역시,미세먼지 PM2.5,2020.08,10.0
대전광역시,아황산가스,2020.08,0.002
대전광역시,오존,2020.08,0.022
대전광역시,이산화질소,2020.08,0.01
대전광역시,일산화탄소,2020.08,0.3
부산광역시,미세먼지 PM10,2020.08,31.0
부산광역시,미세먼지 PM2.5,2020.08,19.0
부산광역시,아황산가스,2020.08,0.004
부산광역시,오존,2020.08,0.026
부산광역시,이산화질소,2020.08,0.011
부산광역시,일산화탄소,2020.08,0.3
서울특별시,미세먼지 PM10,2020.08,23.0
서울특별시,미세먼지 PM2.5,2020.08,14.0
서울특별시,아황산가스,2020.08,0.003
서울특별시,오존,2020.08,0.019
서울특별시,이산화질소,2020.08,0.014
서울특별시,일산화탄소,2020.08,0.3
세종특별자치시,미세먼지 PM10,2020.08,20.0
세종특별자치시,미세먼지 PM2.5,2020.08,11.0
세종특별자치시,아황산가스,2020.08,0.003
세종특별자치시,오존,2020.08,0.023
세종특별자치시,이산화질소,2020.08,0.009
세종특별자치시,일산화탄소,2020.08,0.4
울산광역시,미세먼지 PM10,2020.08,28.0
울산광역시,미세먼지 PM2.5,2020.08,17.0
울산광역시,아황산가스,2020.08,0.004
울산광역시,오존,2020.08,0.026
울산광역시,이산화질소,2020.08,0.013
울산광역시,일산화탄소,2020.08,0.5
인천광역시,미세먼지 PM10,2020.08,24.0
인천광역시,미세먼지 PM2.5,2020.08,14.0
인천광역시,아황산가스,2020.08,0.003
인천광역시,오존,2020.08,0.021
인천광역시,이산화질소,2020.08,0.012
인천광역시,일산화탄소,2020.08,0.3
전라남도,미세먼지 PM10,2020.08,26.434782608695652
전라남도,미세먼지 PM2.5,2020.08,15.130434782608695
전라남도,아황산가스,2020.08,0.002681818181818182
전라남도,오존,2020.08,0.0225
전라남도,이산화질소,2020.08,0.004652173913043478
전라남도,일산화탄소,2020.08,0.3652173913043478
전라북도,미세먼지 PM10,2020.08,21.8
전라북도,미세먼지 PM2.5,2020.08,14.866666666666667
전라북도,아황산가스,2020.08,0.0025
전라북도,오존,2020.08,0.0232
전라북도,이산화질소,2020.08,0.005357142857142857
전라북도,일산화탄소,2020.08,0.24666666666666667
제주특별자치도,미세먼지 PM10,2020.08,28.333333333333332
제주특별자치도,미세먼지 PM2.5,2020.08,14.333333333333334
제주특별자치도,아황산가스,2020.08,0.0013333333333333333
제주특별자치도,오존,2020.08,0.021333333333333333
제주특별자치도,이산화질소,2020.08,0.005666666666666667
제주특별자치도,일산화탄소,2020.08,0.20000000000000004
충청남도,미세먼지 PM10,2020.08,23.875
충청남도,미세먼지 PM2.5,2020.08,13.125
충청남도,아황산가스,2020.08,0.003125
충청남도,오존,2020.08,0.02475
충청남도,이산화질소,2020.08,0.0063750000000000005
충청남도,일산화탄소,2020.08,0.3125
충청북도,미세먼지 PM10,2020.08,20.916666666666668
충청북도,미세먼지 PM2.5,2020.08,11.083333333333334
충청북도,아황산가스,2020.08,0.0027500000000000003
충청북도,오존,2020.08,0.0205
충청북도,이산화질소,2020.08,0.0072499999999999995
충청북도,일산화탄소,2020.08,0.3083333333333333
강원도,미세먼지 PM10,2020.09,18.555555555555557
강원도,미세먼지 PM2.5,2020.09,9.235294117647058
강원도,아황산가스,2020.09,0.002277777777777778
강원도,오존,2020.09,0.029277777777777778
강원도,이산화질소,2020.09,0.005888888888888889
강원도,일산화탄소,2020.09,0.3888888888888889
경기도,미세먼지 PM10,2020.09,21.533333333333335
경기도,미세먼지 PM2.5,2020.09,10.935483870967742
경기도,아황산가스,2020.09,0.002766666666666667
경기도,오존,2020.09,0.028580645161290323
경기도,이산화질소,2020.09,0.012612903225806452
경기도,일산화탄소,2020.09,0.378125
경상남도,미세먼지 PM10,2020.09,22.444444444444443
경상남도,미세먼지 PM2.5,2020.09,12.473684210526315
경상남도,아황산가스,2020.09,0.0025263157894736842
경상남도,오존,2020.09,0.03521052631578948
경상남도,이산화질소,2020.09,0.008842105263157896
경상남도,일산화탄소,2020.09,0.3368421052631579
경상북도,미세먼지 PM10,2020.09,20.041666666666668
경상북도,미세먼지 PM2.5,2020.09,11.291666666666666
경상북도,아황산가스,2020.09,0.0028333333333333335
경상북도,오존,2020.09,0.03216666666666667
경상북도,이산화질소,2020.09,0.007291666666666666
경상북도,일산화탄소,2020.09,0.32916666666666666
광주광역시,미세먼지 PM10,2020.09,21.0
광주광역시,미세먼지 PM2.5,2020.09,13.0
광주광역시,아황산가스,2020.09,0.003
광주광역시,오존,2020.09,0.029
광주광역시,이산화질소,2020.09,0.011
광주광역시,일산화탄소,2020.09,0.3
대구광역시,미세먼지 PM10,2020.09,25.0
대구광역시,미세먼지 PM2.5,2020.09,15.0
대구광역시,아황산가스,2020.09,0.002
대구광역시,오존,2020.09,0.028
대구광역시,이산화질소,2020.09,0.013
대구광역시,일산화탄소,2020.09,0.3
대전광역시,미세먼지 PM10,2020.09,21.0
대전광역시,미세먼지 PM2.5,2020.09,12.0
대전광역시,아황산가스,2020.09,0.002
대전광역시,오존,2020.09,0.032
대전광역시,이산화질소,2020.09,0.012
대전광역시,일산화탄소,2020.09,0.4
부산광역시,미세먼지 PM10,2020.09,24.0
부산광역시,미세먼지 PM2.5,2020.09,13.0
부산광역시,아황산가스,2020.09,0.003
부산광역시,오존,2020.09,0.035
부산광역시,이산화질소,2020.09,0.012
부산광역시,일산화탄소,2020.09,0.4
서울특별시,미세먼지 PM10,2020.09,19.0
서울특별시,미세먼지 PM2.5,2020.09,11.0
서울특별시,아황산가스,2020.09,0.003
서울특별시,오존,2020.09,0.028
서울특별시,이산화질소,2020.09,0.016
서울특별시,일산화탄소,2020.09,0.4
세종특별자치시,미세먼지 PM10,2020.09,20.0
세종특별자치시,미세먼지 PM2.5,2020.09,10.0
세종특별자치시,아황산가스,2020.09,0.004
세종특별자치시,오존,2020.09,0.032
세종특별자치시,이산화질소,2020.09,0.012
세종특별자치시,일산화탄소,2020.09,0.4
울산광역시,미세먼지 PM10,2020.09,25.0
울산광역시,미세먼지 PM2.5,2020.09,14.0
울산광역시,아황산가스,2020.09,0.003
울산광역시,오존,2020.09,0.034
울산광역시,이산화질소,2020.09,0.014
울산광역시,일산화탄소,2020.09,0.5
인천광역시,미세먼지 PM10,2020.09,20.0
인천광역시,미세먼지 PM2.5,2020.09,10.0
인천광역시,아황산가스,2020.09,0.003
인천광역시,오존,2020.09,0.032
인천광역시,이산화질소,2020.09,0.015
인천광역시,일산화탄소,2020.09,0.4
전라남도,미세먼지 PM10,2020.09,22.61904761904762
전라남도,미세먼지 PM2.5,2020.09,13.238095238095237
전라남도,아황산가스,2020.09,0.0025454545454545456
전라남도,오존,2020.09,0.03326086956521739
전라남도,이산화질소,2020.09,0.006739130434782609
전라남도,일산화탄소,2020.09,0.41818181818181815
전라북도,미세먼지 PM10,2020.09,22.384615384615383
전라북도,미세먼지 PM2.5,2020.09,13.461538461538462
전라북도,아황산가스,2020.09,0.002416666666666667
전라북도,오존,2020.09,0.03342857142857143
전라북도,이산화질소,2020.09,0.007307692307692308
전라북도,일산화탄소,2020.09,0.32142857142857145
제주특별자치도,미세먼지 PM10,2020.09,26.333333333333332
제주특별자치도,미세먼지 PM2.5,2020.09,13.0
제주특별자치도,아황산가스,2020.09,0.0013333333333333333
제주특별자치도,오존,2020.09,0.04566666666666667
제주특별자치도,이산화질소,2020.09,0.006999999999999999
제주특별자치도,일산화탄소,2020.09,0.26666666666666666
충청남도,미세먼지 PM10,2020.09,23.375
충청남도,미세먼지 PM2.5,2020.09,12.6
충청남도,아황산가스,2020.09,0.003375
충청남도,오존,2020.09,0.0345625
충청남도,이산화질소,2020.09,0.008375
충청남도,일산화탄소,2020.09,0.40625
충청북도,미세먼지 PM10,2020.09,21.916666666666668
충청북도,미세먼지 PM2.5,2020.09,11.916666666666666
충청북도,아황산가스,2020.09,0.0028333333333333335
충청북도,오존,2020.09,0.02716666666666667
충청북도,이산화질소,2020.09,0.009333333333333334
충청북도,일산화탄소,2020.09,0.375
강원도,미세먼지 PM10,2020.10,27.555555555555557
강원도,미세먼지 PM2.5,2020.10,13.882352941176471
강원도,아황산가스,2020.10,0.002277777777777778
강원도,오존,2020.10,0.02672222222222222
강원도,이산화질소,2020.10,0.009055555555555556
강원도,일산화탄소,2020.10,0.4
경기도,미세먼지 PM10,2020.10,37.46875
경기도,미세먼지 PM2.5,2020.10,18.25
경기도,아황산가스,2020.10,0.003161290322580645
경기도,오존,2020.10,0.0223125
경기도,이산화질소,2020.10,0.02103225806451613
경기도,일산화탄소,2020.10,0.45937500000000003
경상남도,미세먼지 PM10,2020.10,28.294117647058822
경상남도,미세먼지 PM2.5,2020.10,14.117647058823529
경상남도,아황산가스,2020.10,0.002823529411764706
경상남도,오존,2020.10,0.0326875
경상남도,이산화질소,2020.10,0.011470588235294118
경상남도,일산화탄소,2020.10,0.3764705882352941
경상북도,미세먼지 PM10,2020.10,28.791666666666668
경상북도,미세먼지 PM2.5,2020.10,15.625
경상북도,아황산가스,2020.10,0.0030833333333333333
경상북도,오존,2020.10,0.030826086956521736
경상북도,이산화질소,2020.10,0.010375
경상북도,일산화탄소,2020.10,0.36250000000000004
광주광역시,미세먼지 PM10,2020.10,31.0
광주광역시,미세먼지 PM2.5,2020.10,17.0
광주광역시,아황산가스,2020.10,0.003
광주광역시,오존,2020.10,0.028
광주광역시,이산화질소,2020.10,0.016
광주광역시,일산화탄소,2020.10,0.4
대구광역시,미세먼지 PM10,2020.10,33.0
대구광역시,미세먼지 PM2.5,2020.10,18.0
대구광역시,아황산가스,2020.10,0.002
대구광역시,오존,2020.10,0.026
대구광역시,이산화질소,2020.10,0.019
대구광역시,일산화탄소,2020.10,0.4
대전광역시,미세먼지 PM10,2020.10,33.0
대전광역시,미세먼지 PM2.5,2020.10,18.0
대전광역시,아황산가스,2020.10,0.002
대전광역시,오존,2020.10,0.025
대전광역시,이산화질소,2020.10,0.021
대전광역시,일산화탄소,2020.10,0.4
부산광역시,미세먼지 PM10,2020.10,30.0
부산광역시,미세먼지 PM2.5,2020.10,15.0
부산광역시,아황산가스,2020.10,0.003
부산광역시,오존,2020.10,0.033
부산광역시,이산화질소,2020.10,0.017
부산광역시,일산화탄소,2020.10,0.4
서울특별시,미세먼지 PM10,2020.10,33.0
서울특별시,미세먼지 PM2.5,2020.10,17.0
서울특별시,아황산가스,2020.10,0.003
서울특별시,오존,2020.10,0.022
서울특별시,이산화질소,2020.10,0.025
서울특별시,일산화탄소,2020.10,0.5
세종특별자치시,미세먼지 PM10,2020.10,35.0
세종특별자치시,미세먼지 PM2.5,2020.10,20.0
세종특별자치시,아황산가스,2020.10,0.004
세종특별자치시,오존,2020.10,0.024
세종특별자치시,이산화질소,2020.10,0.02
세종특별자치시,일산화탄소,2020.10,0.4
울산광역시,미세먼지 PM10,2020.10,30.0
울산광역시,미세먼지 PM2.5,2020.10,15.0
울산광역시,아황산가스,2020.10,0.003
울산광역시,오존,2020.10,0.034
울산광역시,이산화질소,2020.10,0.017
울산광역시,일산화탄소,2020.10,0.5
인천광역시,미세먼지 PM10,2020.10,34.0
인천광역시,미세먼지 PM2.5,2020.10,15.0
인천광역시,아황산가스,2020.10,0.004
인천광역시,오존,2020.10,0.028
인천광역시,이산화질소,2020.10,0.021
인천광역시,일산화탄소,2020.10,0.5
전라남도,미세먼지 PM10,2020.10,29.818181818181817
전라남도,미세먼지 PM2.5,2020.10,15.043478260869565
전라남도,아황산가스,2020.10,0.002727272727272727
전라남도,오존,2020.10,0.03361904761904762
전라남도,이산화질소,2020.10,0.009045454545454546
전라남도,일산화탄소,2020.10,0.3857142857142857
전라북도,미세먼지 PM10,2020.10,31.285714285714285
전라북도,미세먼지 PM2.5,2020.10,17.466666666666665
전라북도,아황산가스,2020.10,0.0025714285714285717
전라북도,오존,2020.10,0.030071428571428572
전라북도,이산화질소,2020.10,0.011357142857142857
전라북도,일산화탄소,2020.10,0.35000000000000003
제주특별자치도,미세먼지 PM10,2020.10,31.333333333333332
제주특별자치도,미세먼지 PM2.5,2020.10,15.666666666666666
제주특별자치도,아황산가스,2020.10,0.0013333333333333333
제주특별자치도,오존,2020.10,0.04533333333333334
제주특별자치도,이산화질소,2020.10,0.008
제주특별자치도,일산화탄소,2020.10,0.26666666666666666
충청남도,미세먼지 PM10,2020.10,37.733333333333334
충청남도,미세먼지 PM2.5,2020.10,19.8
충청남도,아황산가스,2020.10,0.003933333333333334
충청남도,오존,2020.10,0.028266666666666666
충청남도,이산화질소,2020.10,0.0134
충청남도,일산화탄소,2020.10,0.46
충청북도,미세먼지 PM10,2020.10,35.63636363636363
충청북도,미세먼지 PM2.5,2020.10,20.583333333333332
충청북도,아황산가스,2020.10,0.002916666666666667
충청북도,오존,2020.10,0.023749999999999997
충청북도,이산화질소,2020.10,0.01375
충청북도,일산화탄소,2020.10,0.42500000000000004
강원도,미세먼지 PM10,2020.11,32.90909090909091
강원도,미세먼지 PM2.5,2020.11,19.133333333333333
강원도,아황산가스,2020.11,0.002631578947368421
강원도,오존,2020.11,0.02363157894736842
강원도,이산화질소,2020.11,0.012473684210526316
강원도,일산화탄소,2020.11,0.4294117647058823
경기도,미세먼지 PM10,2020.11,44.375
경기도,미세먼지 PM2.5,2020.11,24.90625
경기도,아황산가스,2020.11,0.00334375
경기도,오존,2020.11,0.0165
경기도,이산화질소,2020.11,0.02575
경기도,일산화탄소,2020.11,0.521875
경상남도,미세먼지 PM10,2020.11,30.0
경상남도,미세먼지 PM2.5,2020.11,16.88888888888889
경상남도,아황산가스,2020.11,0.0031111111111111114
경상남도,오존,2020.11,0.024777777777777777
경상남도,이산화질소,2020.11,0.015388888888888888
경상남도,일산화탄소,2020.11,0.3944444444444445
경상북도,미세먼지 PM10,2020.11,34.52173913043478
경상북도,미세먼지 PM2.5,2020.11,21.043478260869566
경상북도,아황산가스,2020.11,0.0033478260869565218
경상북도,오존,2020.11,0.024434782608695655
경상북도,이산화질소,2020.11,0.013
경상북도,일산화탄소,2020.11,0.42173913043478267
광주광역시,미세먼지 PM10,2020.11,32.0
광주광역시,미세먼지 PM2.5,2020.11,20.0
광주광역시,아황산가스,2020.11,0.003
광주광역시,오존,2020.11,0.021
광주광역시,이산화질소,2020.11,0.019
광주광역시,일산화탄소,2020.11,0.5
대구광역시,미세먼지 PM10,2020.11,40.0
대구광역시,미세먼지 PM2.5,2020.11,23.0
대구광역시,아황산가스,2020.11,0.002
대구광역시,오존,2020.11,0.017
대구광역시,이산화질소,2020.11,0.024
대구광역시,일산화탄소,2020.11,0.5
대전광역시,미세먼지 PM10,2020.11,37.0
대전광역시,미세먼지 PM2.5,2020.11,20.0
대전광역시,아황산가스,2020.11,0.002
대전광역시,오존,2020.11,0.017
대전광역시,이산화질소,2020.11,0.024
대전광역시,일산화탄소,2020.11,0.5
부산광역시,미세먼지 PM10,2020.11,31.0
부산광역시,미세먼지 PM2.5,2020.11,17.0
부산광역시,아황산가스,2020.11,0.004
부산광역시,오존,2020.11,0.023
부산광역시,이산화질소,2020.11,0.02
부산광역시,일산화탄소,2020.11,0.4
서울특별시,미세먼지 PM10,2020.11,42.0
서울특별시,미세먼지 PM2.5,2020.11,24.0
서울특별시,아황산가스,2020.11,0.003
서울특별시,오존,2020.11,0.015
서울특별시,이산화질소,2020.11,0.03
서울특별시,일산화탄소,2020.11,0.6
세종특별자치시,미세먼지 PM10,2020.11,40.0
세종특별자치시,미세먼지 PM2.5,2020.11,25.0
세종특별자치시,아황산가스,2020.11,0.004
세종특별자치시,오존,2020.11,0.019
세종특별자치시,이산화질소,2020.11,0.024
세종특별자치시,일산화탄소,2020.11,0.5
울산광역시,미세먼지 PM10,2020.11,31.0
울산광역시,미세먼지 PM2.5,2020.11,17.0
울산광역시,아황산가스,2020.11,0.003
울산광역시,오존,2020.11,0.024
울산광역시,이산화질소,2020.11,0.022
울산광역시,일산화탄소,2020.11,0.5
인천광역시,미세먼지 PM10,2020.11,39.0
인천광역시,미세먼지 PM2.5,2020.11,21.0
인천광역시,아황산가스,2020.11,0.004
인천광역시,오존,2020.11,0.02
인천광역시,이산화질소,2020.11,0.027
인천광역시,일산화탄소,2020.11,0.5
전라남도,미세먼지 PM10,2020.11,29.904761904761905
전라남도,미세먼지 PM2.5,2020.11,15.666666666666666
전라남도,아황산가스,2020.11,0.0027142857142857142
전라남도,오존,2020.11,0.027380952380952377
전라남도,이산화질소,2020.11,0.010761904761904762
전라남도,일산화탄소,2020.11,0.3904761904761904
전라북도,미세먼지 PM10,2020.11,32.5
전라북도,미세먼지 PM2.5,2020.11,20.133333333333333
전라북도,아황산가스,2020.11,0.0028
전라북도,오존,2020.11,0.024133333333333333
전라북도,이산화질소,2020.11,0.013733333333333332
전라북도,일산화탄소,2020.11,0.4
제주특별자치도,미세먼지 PM10,2020.11,28.666666666666668
제주특별자치도,미세먼지 PM2.5,2020.11,13.0
제주특별자치도,아황산가스,2020.11,0.0013333333333333333
제주특별자치도,오존,2020.11,0.036333333333333336
제주특별자치도,이산화질소,2020.11,0.009666666666666665
제주특별자치도,일산화탄소,2020.11,0.3
충청남도,미세먼지 PM10,2020.11,40.75
충청남도,미세먼지 PM2.5,2020.11,24.625
충청남도,아황산가스,2020.11,0.0040625
충청남도,오존,2020.11,0.0233125
충청남도,이산화질소,2020.11,0.016375
충청남도,일산화탄소,2020.11,0.50625
충청북도,미세먼지 PM10,2020.11,40.166666666666664
충청북도,미세먼지 PM2.5,2020.11,25.416666666666668
충청북도,아황산가스,2020.11,0.0030000000000000005
충청북도,오존,2020.11,0.0195
충청북도,이산화질소,2020.11,0.017166666666666667
충청북도,일산화탄소,2020.11,0.4916666666666667
강원도,미세먼지 PM10,2020.12,34.53333333333333
강원도,미세먼지 PM2.5,2020.12,23.0
강원도,아황산가스,2020.12,0.002736842105263158
강원도,오존,2020.12,0.022947368421052633
강원도,이산화질소,2020.12,0.014526315789473686
강원도,일산화탄소,2020.12,0.4947368421052632
경기도,미세먼지 PM10,2020.12,45.65625
경기도,미세먼지 PM2.5,2020.12,28.65625
경기도,아황산가스,2020.12,0.00384375
경기도,오존,2020.12,0.0148125
경기도,이산화질소,2020.12,0.02734375
경기도,일산화탄소,2020.12,0.571875
경상남도,미세먼지 PM10,2020.12,29.0
경상남도,미세먼지 PM2.5,2020.12,19.0
경상남도,아황산가스,2020.12,0.0032
경상남도,오존,2020.12,0.023588235294117646
경상남도,이산화질소,2020.12,0.017411764705882352
경상남도,일산화탄소,2020.12,0.45294117647058824
경상북도,미세먼지 PM10,2020.12,35.40909090909091
경상북도,미세먼지 PM2.5,2020.12,24.047619047619047
경상북도,아황산가스,2020.12,0.004260869565217392
경상북도,오존,2020.12,0.023434782608695654
경상북도,이산화질소,2020.12,0.014565217391304348
경상북도,일산화탄소,2020.12,0.5
광주광역시,미세먼지 PM10,2020.12,33.0
광주광역시,미세먼지 PM2.5,2020.12,24.0
광주광역시,아황산가스,2020.12,0.003
광주광역시,오존,2020.12,0.018
광주광역시,이산화질소,2020.12,0.022
광주광역시,일산화탄소,2020.12,0.5
대구광역시,미세먼지 PM10,2020.12,38.0
대구광역시,미세먼지 PM2.5,2020.12,24.0
대구광역시,아황산가스,2020.12,0.003
대구광역시,오존,2020.12,0.017
대구광역시,이산화질소,2020.12,0.024
대구광역시,일산화탄소,2020.12,0.5
대전광역시,미세먼지 PM10,2020.12,38.0
대전광역시,미세먼지 PM2.5,2020.12,20.0
대전광역시,아황산가스,2020.12,0.003
대전광역시,오존,2020.12,0.015
대전광역시,이산화질소,2020.12,0.027
대전광역시,일산화탄소,2020.12,0.5
부산광역시,미세먼지 PM10,2020.12,33.0
부산광역시,미세먼지 PM2.5,2020.12,21.0
부산광역시,아황산가스,2020.12,0.003
부산광역시,오존,2020.12,0.022
부산광역시,이산화질소,2020.12,0.02
부산광역시,일산화탄소,2020.12,0.4
서울특별시,미세먼지 PM10,2020.12,42.0
서울특별시,미세먼지 PM2.5,2020.12,27.0
서울특별시,아황산가스,2020.12,0.004
서울특별시,오존,2020.12,0.014
서울특별시,이산화질소,2020.12,0.032
서울특별시,일산화탄소,2020.12,0.6
세종특별자치시,미세먼지 PM10,2020.12,44.0
세종특별자치시,미세먼지 PM2.5,2020.12,28.0
세종특별자치시,아황산가스,2020.12,0.004
세종특별자치시,오존,2020.12,0.016
세종특별자치시,이산화질소,2020.12,0.025
세종특별자치시,일산화탄소,2020.12,0.6
울산광역시,미세먼지 PM10,2020.12,30.0
울산광역시,미세먼지 PM2.5,2020.12,19.0
울산광역시,아황산가스,2020.12,0.003
울산광역시,오존,2020.12,0.025
울산광역시,이산화질소,2020.12,0.023
울산광역시,일산화탄소,2020.12,0.5
인천광역시,미세먼지 PM10,2020.12,39.0
인천광역시,미세먼지 PM2.5,2020.12,24.0
인천광역시,아황산가스,2020.12,0.004
인천광역시,오존,2020.12,0.019
인천광역시,이산화질소,2020.12,0.027
인천광역시,일산화탄소,2020.12,0.6
전라남도,미세먼지 PM10,2020.12,29.217391304347824
전라남도,미세먼지 PM2.5,2020.12,17.91304347826087
전라남도,아황산가스,2020.12,0.0026956521739130435
전라남도,오존,2020.12,0.02373913043478261
전라남도,이산화질소,2020.12,0.012666666666666668
전라남도,일산화탄소,2020.12,0.4238095238095238
전라북도,미세먼지 PM10,2020.12,34.142857142857146
전라북도,미세먼지 PM2.5,2020.12,22.733333333333334
전라북도,아황산가스,2020.12,0.0029333333333333334
전라북도,오존,2020.12,0.021266666666666666
전라북도,이산화질소,2020.12,0.015666666666666666
전라북도,일산화탄소,2020.12,0.4266666666666667
제주특별자치도,미세먼지 PM10,2020.12,24.666666666666668
제주특별자치도,미세먼지 PM2.5,2020.12,14.0
제주특별자치도,아황산가스,2020.12,0.0013333333333333333
제주특별자치도,오존,2020.12,0.03466666666666667
제주특별자치도,이산화질소,2020.12,0.010666666666666666
제주특별자치도,일산화탄소,2020.12,0.3333333333333333
충청남도,미세먼지 PM10,2020.12,41.6875
충청남도,미세먼지 PM2.5,2020.12,27.1875
충청남도,아황산가스,2020.12,0.0041875
충청남도,오존,2020.12,0.02146666666666667
충청남도,이산화질소,2020.12,0.0175625
충청남도,일산화탄소,2020.12,0.50625
충청북도,미세먼지 PM10,2020.12,43.083333333333336
충청북도,미세먼지 PM2.5,2020.12,29.583333333333332
충청북도,아황산가스,2020.12,0.0033333333333333335
충청북도,오존,2020.12,0.016916666666666667
충청북도,이산화질소,2020.12,0.019818181818181818
충청북도,일산화탄소,2020.12,0.6
