시도명,항목,월,2019,2020
강원도,미세먼지 PM10,01,55.76923076923077,32.89473684210526
강원도,미세먼지 PM2.5,01,31.923076923076923,22.63157894736842
강원도,아황산가스,01,0.0033846153846153,0.003
강원도,오존,01,0.0221538461538461,0.0223157894736842
강원도,이산화질소,01,0.0184615384615384,0.0136842105263157
강원도,일산화탄소,01,0.6307692307692307,0.5444444444444445
경기도,미세먼지 PM10,01,73.1875,46.4375
경기도,미세먼지 PM2.5,01,42.0,30.96875
경기도,아황산가스,01,0.004625,0.003625
경기도,오존,01,0.01325,0.01575
경기도,이산화질소,01,0.034375,0.02865625
경기도,일산화탄소,01,0.728125,0.63125
경상남도,미세먼지 PM10,01,47.06666666666667,28.526315789473685
경상남도,미세먼지 PM2.5,01,23.4,19.210526315789476
경상남도,아황산가스,01,0.0037333333333333,0.0031578947368421
경상남도,오존,01,0.0254,0.0233157894736842
경상남도,이산화질소,01,0.0194666666666666,0.0174736842105263
경상남도,일산화탄소,01,0.52,0.4894736842105263
경상북도,미세먼지 PM10,01,64.0,32.46666666666667
경상북도,미세먼지 PM2.5,01,35.1,21.285714285714285
경상북도,아황산가스,01,0.0043999999999999,0.0042
경상북도,오존,01,0.023,0.0249285714285714
경상북도,이산화질소,01,0.0194,0.0143846153846153
경상북도,일산화탄소,01,0.5700000000000001,0.52
광주광역시,미세먼지 PM10,01,53.0,36.0
광주광역시,미세먼지 PM2.5,01,33.0,27.0
광주광역시,아황산가스,01,0.003,0.003
광주광역시,오존,01,0.021,0.022
광주광역시,이산화질소,01,0.025,0.021
광주광역시,일산화탄소,01,0.6,0.6
대구광역시,미세먼지 PM10,01,57.0,37.0
대구광역시,미세먼지 PM2.5,01,33.0,26.0
대구광역시,아황산가스,01,0.004,0.003
대구광역시,오존,01,0.017,0.018
대구광역시,이산화질소,01,0.029,0.027
대구광역시,일산화탄소,01,0.7,0.7
대전광역시,미세먼지 PM10,01,66.0,41.0
대전광역시,미세먼지 PM2.5,01,34.0,25.0
대전광역시,아황산가스,01,0.004,0.003
대전광역시,오존,01,0.013,0.015
대전광역시,이산화질소,01,0.029,0.026
대전광역시,일산화탄소,01,0.6,0.5
부산광역시,미세먼지 PM10,01,48.0,32.0
부산광역시,미세먼지 PM2.5,01,29.0,21.0
부산광역시,아황산가스,01,0.005,0.004
부산광역시,오존,01,0.023,0.023
부산광역시,이산화질소,01,0.024,0.021
부산광역시,일산화탄소,01,0.4,0.4
서울특별시,미세먼지 PM10,01,66.0,42.0
서울특별시,미세먼지 PM2.5,01,38.0,29.0
서울특별시,아황산가스,01,0.005,0.004
서울특별시,오존,01,0.012,0.014
서울특별시,이산화질소,01,0.039,0.034
서울특별시,일산화탄소,01,0.8,0.7
세종특별자치시,미세먼지 PM10,01,70.0,47.0
세종특별자치시,미세먼지 PM2.5,01,41.0,31.0
세종특별자치시,아황산가스,01,0.004,0.003
세종특별자치시,오존,01,0.014,0.016
세종특별자치시,이산화질소,01,0.024,0.027
세종특별자치시,일산화탄소,01,0.8,0.7
울산광역시,미세먼지 PM10,01,45.0,30.0
울산광역시,미세먼지 PM2.5,01,26.0,19.0
울산광역시,아황산가스,01,0.004,0.004
울산광역시,오존,01,0.025,0.025
울산광역시,이산화질소,01,0.024,0.021
울산광역시,일산화탄소,01,0.6,0.5
인천광역시,미세먼지 PM10,01,62.0,42.0
인천광역시,미세먼지 PM2.5,01,33.0,27.0
인천광역시,아황산가스,01,0.006,0.005
인천광역시,오존,01,0.017,0.02
인천광역시,이산화질소,01,0.032,0.028
인천광역시,일산화탄소,01,0.7,0.7
전라남도,미세먼지 PM10,01,44.72727272727273,33.95454545454545
전라남도,미세먼지 PM2.5,01,28.454545454545453,22.681818181818183
전라남도,아황산가스,01,0.0046363636363636,0.0032608695652173
전라남도,오존,01,0.025,0.0263043478260869
전라남도,이산화질소,01,0.0146363636363636,0.0119130434782608
전라남도,일산화탄소,01,0.5454545454545454,0.4818181818181818
전라북도,미세먼지 PM10,01,58.6,36.583333333333336
전라북도,미세먼지 PM2.5,01,38.53333333333333,28.25
전라북도,아황산가스,01,0.0038571428571428,0.003
전라북도,오존,01,0.0227333333333333,0.0223333333333333
전라북도,이산화질소,01,0.0164666666666666,0.015
전라북도,일산화탄소,01,0.56,0.4785714285714286
제주특별자치도,미세먼지 PM10,01,35.333333333333336,31.666666666666668
제주특별자치도,미세먼지 PM2.5,01,22.0,19.0
제주특별자치도,아황산가스,01,0.0023333333333333,0.002
제주특별자치도,오존,01,0.039,0.0366666666666666
제주특별자치도,이산화질소,01,0.0119999999999999,0.0106666666666666
제주특별자치도,일산화탄소,01,0.3999999999999999,0.3666666666666667
충청남도,미세먼지 PM10,01,60.1875,44.4375
충청남도,미세먼지 PM2.5,01,36.25,32.0
충청남도,아황산가스,01,0.00475,0.003625
충청남도,오존,01,0.0203125,0.01975
충청남도,이산화질소,01,0.021375,0.018375
충청남도,일산화탄소,01,0.725,0.53125
충청북도,미세먼지 PM10,01,68.9,44.833333333333336
충청북도,미세먼지 PM2.5,01,45.8,32.75
충청북도,아황산가스,01,0.0049,0.0031666666666666
충청북도,오존,01,0.0147999999999999,0.0164166666666666
충청북도,이산화질소,01,0.0278,0.0206666666666666
충청북도,일산화탄소,01,0.7,0.625
강원도,미세먼지 PM10,02,49.44444444444444,35.1578947368421
강원도,미세먼지 PM2.5,02,30.05555555555556,24.57894736842105
강원도,아황산가스,02,0.0030555555555555,0.0027894736842105
강원도,오존,02,0.0277777777777777,0.0284210526315789
강원도,이산화질소,02,0.0140555555555555,0.0121578947368421
강원도,일산화탄소,02,0.5470588235294118,0.4944444444444444
경기도,미세먼지 PM10,02,61.41935483870968,43.1875
경기도,미세먼지 PM2.5,02,38.0625,28.34375
경기도,아황산가스,02,0.0041875,0.00321875
경기도,오존,02,0.01971875,0.02109375
경기도,이산화질소,02,0.0296875,0.02559375
경기도,일산화탄소,02,0.6281249999999999,0.528125
경상남도,미세먼지 PM10,02,50.4,31.894736842105264
경상남도,미세먼지 PM2.5,02,25.0,20.210526315789476
경상남도,아황산가스,02,0.0035333333333333,0.0031666666666666
경상남도,오존,02,0.0317333333333333,0.0297368421052631
경상남도,이산화질소,02,0.0170666666666666,0.0154210526315789
경상남도,일산화탄소,02,0.4933333333333333,0.4526315789473684
경상북도,미세먼지 PM10,02,57.888888888888886,33.44444444444444
경상북도,미세먼지 PM2.5,02,34.1,22.4
경상북도,아황산가스,02,0.0038888888888888,0.004
경상북도,오존,02,0.0274444444444444,0.03
경상북도,이산화질소,02,0.0184444444444444,0.0127894736842105
경상북도,일산화탄소,02,0.5222222222222223,0.4842105263157894
광주광역시,미세먼지 PM10,02,57.0,32.0
광주광역시,미세먼지 PM2.5,02,34.0,21.0
광주광역시,아황산가스,02,0.003,0.003
광주광역시,오존,02,0.028,0.027
광주광역시,이산화질소,02,0.02,0.018
광주광역시,일산화탄소,02,0.6,0.5
대구광역시,미세먼지 PM10,02,54.0,38.0
대구광역시,미세먼지 PM2.5,02,33.0,26.0
대구광역시,아황산가스,02,0.003,0.003
대구광역시,오존,02,0.024,0.023
대구광역시,이산화질소,02,0.026,0.023
대구광역시,일산화탄소,02,0.6,0.6
대전광역시,미세먼지 PM10,02,62.0,38.0
대전광역시,미세먼지 PM2.5,02,36.0,23.0
대전광역시,아황산가스,02,0.003,0.003
대전광역시,오존,02,0.016,0.019
대전광역시,이산화질소,02,0.027,0.023
대전광역시,일산화탄소,02,0.6,0.5
부산광역시,미세먼지 PM10,02,48.0,34.0
부산광역시,미세먼지 PM2.5,02,28.0,22.0
부산광역시,아황산가스,02,0.004,0.004
부산광역시,오존,02,0.029,0.027
부산광역시,이산화질소,02,0.022,0.02
부산광역시,일산화탄소,02,0.4,0.4
서울특별시,미세먼지 PM10,02,57.0,41.0
서울특별시,미세먼지 PM2.5,02,35.0,28.0
서울특별시,아황산가스,02,0.005,0.003
서울특별시,오존,02,0.018,0.018
서울특별시,이산화질소,02,0.036,0.032
서울특별시,일산화탄소,02,0.7,0.6
세종특별자치시,미세먼지 PM10,02,64.0,43.0
세종특별자치시,미세먼지 PM2.5,02,41.0,28.0
세종특별자치시,아황산가스,02,0.004,0.003
세종특별자치시,오존,02,0.02,0.021
세종특별자치시,이산화질소,02,0.021,0.024
세종특별자치시,일산화탄소,02,0.6,0.5
울산광역시,미세먼지 PM10,02,46.0,31.0
울산광역시,미세먼지 PM2.5,02,26.0,19.0
울산광역시,아황산가스,02,0.004,0.004
울산광역시,오존,02,0.03,0.028
울산광역시,이산화질소,02,0.022,0.021
울산광역시,일산화탄소,02,0.6,0.6
인천광역시,미세먼지 PM10,02,55.0,37.0
인천광역시,미세먼지 PM2.5,02,31.0,23.0
인천광역시,아황산가스,02,0.006,0.004
인천광역시,오존,02,0.023,0.023
인천광역시,이산화질소,02,0.029,0.027
인천광역시,일산화탄소,02,0.7,0.6
전라남도,미세먼지 PM10,02,47.66666666666666,32.47826086956522
전라남도,미세먼지 PM2.5,02,29.73333333333333,19.608695652173918
전라남도,아황산가스,02,0.0041333333333333,0.0029565217391304
전라남도,오존,02,0.0324,0.0315652173913043
전라남도,이산화질소,02,0.0128,0.0105652173913043
전라남도,일산화탄소,02,0.5714285714285714,0.4217391304347825
전라북도,미세먼지 PM10,02,60.333333333333336,34.15384615384615
전라북도,미세먼지 PM2.5,02,39.4,24.384615384615383
전라북도,아황산가스,02,0.0036,0.0027333333333333
전라북도,오존,02,0.0305333333333333,0.0292
전라북도,이산화질소,02,0.0141999999999999,0.0128
전라북도,일산화탄소,02,0.5357142857142857,0.42
제주특별자치도,미세먼지 PM10,02,42.0,34.666666666666664
제주특별자치도,미세먼지 PM2.5,02,24.0,20.666666666666668
제주특별자치도,아황산가스,02,0.002,0.0013333333333333
제주특별자치도,오존,02,0.0426666666666666,0.04
제주특별자치도,이산화질소,02,0.011,0.0096666666666666
제주특별자치도,일산화탄소,02,0.3999999999999999,0.3999999999999999
충청남도,미세먼지 PM10,02,57.0,43.6875
충청남도,미세먼지 PM2.5,02,34.625,30.0625
충청남도,아황산가스,02,0.00475,0.003125
충청남도,오존,02,0.0266875,0.0246875
충청남도,이산화질소,02,0.01875,0.01575
충청남도,일산화탄소,02,0.68125,0.46875
충청북도,미세먼지 PM10,02,61.66666666666666,40.91666666666666
충청북도,미세먼지 PM2.5,02,44.75,29.83333333333333
충청북도,아황산가스,02,0.0043333333333333,0.0030833333333333
충청북도,오존,02,0.0221666666666666,0.0234999999999999
충청북도,이산화질소,02,0.0233333333333333,0.0185
충청북도,일산화탄소,02,0.6416666666666667,0.6083333333333333
강원도,미세먼지 PM10,03,57.333333333333336,36.78947368421053
강원도,미세먼지 PM2.5,03,37.05555555555556,20.84210526315789
강원도,아황산가스,03,0.0029444444444444,0.0023684210526315
강원도,오존,03,0.0393888888888888,0.0356315789473684
강원도,이산화질소,03,0.0126666666666666,0.0105263157894736
강원도,일산화탄소,03,0.4944444444444444,0.4210526315789473
경기도,미세먼지 PM10,03,71.59375,48.25
경기도,미세먼지 PM2.5,03,46.53125,25.21875
경기도,아황산가스,03,0.0041875,0.00315625
경기도,오존,03,0.0301875,0.02990625
경기도,이산화질소,03,0.02709375,0.02196875
경기도,일산화탄소,03,0.5812499999999999,0.453125
경상남도,미세먼지 PM10,03,50.4,31.166666666666668
경상남도,미세먼지 PM2.5,03,25.53333333333333,15.77777777777778
경상남도,아황산가스,03,0.0035333333333333,0.0031111111111111
경상남도,오존,03,0.0442,0.0368333333333333
경상남도,이산화질소,03,0.016,0.0131111111111111
경상남도,일산화탄소,03,0.46,0.3888888888888889
경상북도,미세먼지 PM10,03,58.25,34.22727272727273
경상북도,미세먼지 PM2.5,03,33.083333333333336,18.4
경상북도,아황산가스,03,0.0034166666666666,0.0035217391304347
경상북도,오존,03,0.0401666666666666,0.0364782608695652
경상북도,이산화질소,03,0.0155833333333333,0.0108260869565217
경상북도,일산화탄소,03,0.4333333333333333,0.3909090909090909
광주광역시,미세먼지 PM10,03,63.0,35.0
광주광역시,미세먼지 PM2.5,03,39.0,18.0
광주광역시,아황산가스,03,0.002,0.003
광주광역시,오존,03,0.036,0.033
광주광역시,이산화질소,03,0.022,0.015
광주광역시,일산화탄소,03,0.5,0.4
대구광역시,미세먼지 PM10,03,54.0,38.0
대구광역시,미세먼지 PM2.5,03,33.0,20.0
대구광역시,아황산가스,03,0.003,0.003
대구광역시,오존,03,0.036,0.03
대구광역시,이산화질소,03,0.021,0.017
대구광역시,일산화탄소,03,0.5,0.4
대전광역시,미세먼지 PM10,03,68.0,40.0
대전광역시,미세먼지 PM2.5,03,39.0,20.0
대전광역시,아황산가스,03,0.003,0.002
대전광역시,오존,03,0.028,0.029
대전광역시,이산화질소,03,0.023,0.018
대전광역시,일산화탄소,03,0.5,0.4
부산광역시,미세먼지 PM10,03,51.0,33.0
부산광역시,미세먼지 PM2.5,03,30.0,16.0
부산광역시,아황산가스,03,0.004,0.003
부산광역시,오존,03,0.039,0.034
부산광역시,이산화질소,03,0.02,0.016
부산광역시,일산화탄소,03,0.4,0.4
서울특별시,미세먼지 PM10,03,69.0,45.0
서울특별시,미세먼지 PM2.5,03,45.0,25.0
서울특별시,아황산가스,03,0.005,0.003
서울특별시,오존,03,0.028,0.027
서울특별시,이산화질소,03,0.034,0.027
서울특별시,일산화탄소,03,0.6,0.5
세종특별자치시,미세먼지 PM10,03,71.0,47.0
세종특별자치시,미세먼지 PM2.5,03,47.0,23.0
세종특별자치시,아황산가스,03,0.003,0.003
세종특별자치시,오존,03,0.034,0.032
세종특별자치시,이산화질소,03,0.022,0.019
세종특별자치시,일산화탄소,03,0.6,0.4
울산광역시,미세먼지 PM10,03,49.0,34.0
울산광역시,미세먼지 PM2.5,03,29.0,17.0
울산광역시,아황산가스,03,0.005,0.004
울산광역시,오존,03,0.039,0.035
울산광역시,이산화질소,03,0.022,0.018
울산광역시,일산화탄소,03,0.5,0.5
인천광역시,미세먼지 PM10,03,67.0,41.0
인천광역시,미세먼지 PM2.5,03,41.0,21.0
인천광역시,아황산가스,03,0.005,0.004
인천광역시,오존,03,0.033,0.032
인천광역시,이산화질소,03,0.028,0.023
인천광역시,일산화탄소,03,0.6,0.5
전라남도,미세먼지 PM10,03,50.10526315789474,32.91304347826087
전라남도,미세먼지 PM2.5,03,30.63157894736842,15.956521739130435
전라남도,아황산가스,03,0.0035294117647058,0.0028695652173913
전라남도,오존,03,0.0406842105263157,0.0357391304347826
전라남도,이산화질소,03,0.0120526315789473,0.0091304347826086
전라남도,일산화탄소,03,0.5052631578947369,0.408695652173913
전라북도,미세먼지 PM10,03,65.93333333333334,38.69230769230769
전라북도,미세먼지 PM2.5,03,42.93333333333333,21.5
전라북도,아황산가스,03,0.0033333333333333,0.0029333333333333
전라북도,오존,03,0.0407333333333333,0.0352666666666666
전라북도,이산화질소,03,0.0129333333333333,0.0109333333333333
전라북도,일산화탄소,03,0.5133333333333333,0.3933333333333333
제주특별자치도,미세먼지 PM10,03,51.0,35.666666666666664
제주특별자치도,미세먼지 PM2.5,03,29.33333333333333,15.333333333333334
제주특별자치도,아황산가스,03,0.0023333333333333,0.001
제주특별자치도,오존,03,0.054,0.0436666666666666
제주특별자치도,이산화질소,03,0.0126666666666666,0.0086666666666666
제주특별자치도,일산화탄소,03,0.3333333333333333,0.3333333333333333
충청남도,미세먼지 PM10,03,65.625,47.13333333333333
충청남도,미세먼지 PM2.5,03,42.5625,25.53333333333333
충청남도,아황산가스,03,0.004125,0.0034
충청남도,오존,03,0.0373125,0.0341333333333333
충청남도,이산화질소,03,0.016,0.0126666666666666
충청남도,일산화탄소,03,0.6,0.4266666666666667
충청북도,미세먼지 PM10,03,66.16666666666667,42.083333333333336
충청북도,미세먼지 PM2.5,03,47.333333333333336,26.08333333333333
충청북도,아황산가스,03,0.0035833333333333,0.003090909090909
충청북도,오존,03,0.0349166666666666,0.0325833333333333
충청북도,이산화질소,03,0.0195,0.0150833333333333
충청북도,일산화탄소,03,0.5,0.4583333333333333
강원도,미세먼지 PM10,04,38.05555555555556,39.0
강원도,미세먼지 PM2.5,04,17.27777777777778,18.789473684210527
강원도,아황산가스,04,0.0022222222222222,0.0025263157894736
강원도,오존,04,0.0409444444444444,0.0436842105263157
강원도,이산화질소,04,0.0102222222222222,0.0086666666666666
강원도,일산화탄소,04,0.4111111111111111,0.3647058823529412
경기도,미세먼지 PM10,04,44.1875,46.875
경기도,미세먼지 PM2.5,04,20.4375,19.875
경기도,아황산가스,04,0.0035,0.003
경기도,오존,04,0.033125,0.039625
경기도,이산화질소,04,0.0225,0.016625
경기도,일산화탄소,04,0.434375,0.396875
경상남도,미세먼지 PM10,04,39.266666666666666,32.72222222222222
경상남도,미세먼지 PM2.5,04,16.6,15.055555555555555
경상남도,아황산가스,04,0.0034666666666666,0.0031111111111111
경상남도,오존,04,0.043,0.0478888888888888
경상남도,이산화질소,04,0.0144,0.0113333333333333
경상남도,일산화탄소,04,0.3733333333333333,0.3722222222222222
경상북도,미세먼지 PM10,04,42.25,36.25
경상북도,미세먼지 PM2.5,04,16.333333333333332,16.833333333333332
경상북도,아황산가스,04,0.0033333333333333,0.0035416666666666
경상북도,오존,04,0.0406666666666666,0.0459166666666666
경상북도,이산화질소,04,0.0134166666666666,0.0089583333333333
경상북도,일산화탄소,04,0.35,0.3708333333333333
광주광역시,미세먼지 PM10,04,43.0,38.0
광주광역시,미세먼지 PM2.5,04,20.0,17.0
광주광역시,아황산가스,04,0.002,0.003
광주광역시,오존,04,0.036,0.043
광주광역시,이산화질소,04,0.019,0.013
광주광역시,일산화탄소,04,0.4,0.4
대구광역시,미세먼지 PM10,04,40.0,39.0
대구광역시,미세먼지 PM2.5,04,19.0,18.0
대구광역시,아황산가스,04,0.003,0.002
대구광역시,오존,04,0.036,0.04
대구광역시,이산화질소,04,0.017,0.013
대구광역시,일산화탄소,04,0.4,0.4
대전광역시,미세먼지 PM10,04,40.0,41.0
대전광역시,미세먼지 PM2.5,04,16.0,17.0
대전광역시,아황산가스,04,0.002,0.002
대전광역시,오존,04,0.03,0.038
대전광역시,이산화질소,04,0.018,0.014
대전광역시,일산화탄소,04,0.3,0.3
부산광역시,미세먼지 PM10,04,40.0,36.0
부산광역시,미세먼지 PM2.5,04,20.0,17.0
부산광역시,아황산가스,04,0.005,0.003
부산광역시,오존,04,0.037,0.044
부산광역시,이산화질소,04,0.019,0.014
부산광역시,일산화탄소,04,0.4,0.4
서울특별시,미세먼지 PM10,04,41.0,44.0
서울특별시,미세먼지 PM2.5,04,21.0,21.0
서울특별시,아황산가스,04,0.004,0.003
서울특별시,오존,04,0.029,0.036
서울특별시,이산화질소,04,0.029,0.021
서울특별시,일산화탄소,04,0.5,0.4
세종특별자치시,미세먼지 PM10,04,40.0,44.0
세종특별자치시,미세먼지 PM2.5,04,19.0,18.0
세종특별자치시,아황산가스,04,0.003,0.003
세종특별자치시,오존,04,0.036,0.042
세종특별자치시,이산화질소,04,0.018,0.014
세종특별자치시,일산화탄소,04,0.4,0.4
울산광역시,미세먼지 PM10,04,40.0,36.0
울산광역시,미세먼지 PM2.5,04,19.0,17.0
울산광역시,아황산가스,04,0.006,0.004
울산광역시,오존,04,0.037,0.043
울산광역시,이산화질소,04,0.021,0.016
울산광역시,일산화탄소,04,0.5,0.4
인천광역시,미세먼지 PM10,04,43.0,39.0
인천광역시,미세먼지 PM2.5,04,20.0,16.0
인천광역시,아황산가스,04,0.005,0.004
인천광역시,오존,04,0.033,0.041
인천광역시,이산화질소,04,0.026,0.017
인천광역시,일산화탄소,04,0.5,0.5
전라남도,미세먼지 PM10,04,34.36842105263158,35.30434782608695
전라남도,미세먼지 PM2.5,04,17.36842105263158,16.130434782608695
전라남도,아황산가스,04,0.0034736842105263,0.0027391304347826
전라남도,오존,04,0.04,0.044
전라남도,이산화질소,04,0.0104210526315789,0.0079565217391304
전라남도,일산화탄소,04,0.5,0.3869565217391305
전라북도,미세먼지 PM10,04,42.53333333333333,39.4
전라북도,미세먼지 PM2.5,04,22.066666666666663,18.933333333333334
전라북도,아황산가스,04,0.0032,0.0027333333333333
전라북도,오존,04,0.0405333333333333,0.0436
전라북도,이산화질소,04,0.0118,0.0098571428571428
전라북도,일산화탄소,04,0.38,0.3399999999999999
제주특별자치도,미세먼지 PM10,04,38.66666666666666,41.66666666666666
제주특별자치도,미세먼지 PM2.5,04,19.33333333333333,18.0
제주특별자치도,아황산가스,04,0.003,0.0013333333333333
제주특별자치도,오존,04,0.052,0.0526666666666666
제주특별자치도,이산화질소,04,0.011,0.0086666666666666
제주특별자치도,일산화탄소,04,0.3,0.3333333333333333
충청남도,미세먼지 PM10,04,41.375,44.13333333333333
충청남도,미세먼지 PM2.5,04,21.4375,20.066666666666663
충청남도,아황산가스,04,0.003875,0.0032666666666666
충청남도,오존,04,0.0376875,0.0404666666666666
충청남도,이산화질소,04,0.013375,0.0098666666666666
충청남도,일산화탄소,04,0.49375,0.38
충청북도,미세먼지 PM10,04,41.833333333333336,42.63636363636363
충청북도,미세먼지 PM2.5,04,22.666666666666668,22.166666666666668
충청북도,아황산가스,04,0.0031666666666666,0.0031818181818181
충청북도,오존,04,0.0360833333333333,0.0428333333333333
충청북도,이산화질소,04,0.0155,0.0118999999999999
충청북도,일산화탄소,04,0.375,0.3916666666666666
강원도,미세먼지 PM10,05,44.94736842105263,29.22222222222222
강원도,미세먼지 PM2.5,05,22.473684210526315,14.5
강원도,아황산가스,05,0.0024210526315789,0.0023333333333333
강원도,오존,05,0.0562631578947368,0.0394444444444444
강원도,이산화질소,05,0.0096111111111111,0.007
강원도,일산화탄소,05,0.4315789473684211,0.3444444444444444
경기도,미세먼지 PM10,05,54.96875,36.8125
경기도,미세먼지 PM2.5,05,27.21875,18.40625
경기도,아황산가스,05,0.00428125,0.00284375
경기도,오존,05,0.04875,0.0388437499999999
경기도,이산화질소,05,0.02075,0.0149375
경기도,일산화탄소,05,0.471875,0.4
경상남도,미세먼지 PM10,05,45.53333333333333,31.55555555555556
경상남도,미세먼지 PM2.5,05,19.6,15.944444444444445
경상남도,아황산가스,05,0.0038,0.0030526315789473
경상남도,오존,05,0.0552,0.0464736842105263
경상남도,이산화질소,05,0.0139333333333333,0.0097894736842105
경상남도,일산화탄소,05,0.3933333333333333,0.3631578947368421
경상북도,미세먼지 PM10,05,45.53846153846154,31.541666666666668
경상북도,미세먼지 PM2.5,05,20.0,15.166666666666666
경상북도,아황산가스,05,0.0042307692307692,0.0032083333333333
경상북도,오존,05,0.0536153846153846,0.0440416666666666
경상북도,이산화질소,05,0.0126923076923076,0.0073333333333333
경상북도,일산화탄소,05,0.3384615384615385,0.3583333333333333
광주광역시,미세먼지 PM10,05,50.0,31.0
광주광역시,미세먼지 PM2.5,05,22.0,18.0
광주광역시,아황산가스,05,0.003,0.002
광주광역시,오존,05,0.048,0.041
광주광역시,이산화질소,05,0.017,0.01
광주광역시,일산화탄소,05,0.4,0.4
대구광역시,미세먼지 PM10,05,46.0,38.0
대구광역시,미세먼지 PM2.5,05,23.0,20.0
대구광역시,아황산가스,05,0.003,0.002
대구광역시,오존,05,0.048,0.04
대구광역시,이산화질소,05,0.016,0.011
대구광역시,일산화탄소,05,0.4,0.4
대전광역시,미세먼지 PM10,05,46.0,32.0
대전광역시,미세먼지 PM2.5,05,22.0,16.0
대전광역시,아황산가스,05,0.003,0.002
대전광역시,오존,05,0.045,0.037
대전광역시,이산화질소,05,0.017,0.011
대전광역시,일산화탄소,05,0.4,0.3
부산광역시,미세먼지 PM10,05,47.0,32.0
부산광역시,미세먼지 PM2.5,05,25.0,17.0
부산광역시,아황산가스,05,0.006,0.004
부산광역시,오존,05,0.048,0.041
부산광역시,이산화질소,05,0.021,0.014
부산광역시,일산화탄소,05,0.4,0.4
서울특별시,미세먼지 PM10,05,52.0,35.0
서울특별시,미세먼지 PM2.5,05,29.0,19.0
서울특별시,아황산가스,05,0.005,0.003
서울특별시,오존,05,0.043,0.034
서울특별시,이산화질소,05,0.028,0.02
서울특별시,일산화탄소,05,0.5,0.4
세종특별자치시,미세먼지 PM10,05,50.0,34.0
세종특별자치시,미세먼지 PM2.5,05,25.0,14.0
세종특별자치시,아황산가스,05,0.004,0.003
세종특별자치시,오존,05,0.051,0.044
세종특별자치시,이산화질소,05,0.018,0.012
세종특별자치시,일산화탄소,05,0.5,0.5
울산광역시,미세먼지 PM10,05,49.0,36.0
울산광역시,미세먼지 PM2.5,05,26.0,19.0
울산광역시,아황산가스,05,0.007,0.005
울산광역시,오존,05,0.047,0.041
울산광역시,이산화질소,05,0.024,0.015
울산광역시,일산화탄소,05,0.5,0.4
인천광역시,미세먼지 PM10,05,51.0,31.0
인천광역시,미세먼지 PM2.5,05,26.0,15.0
인천광역시,아황산가스,05,0.006,0.004
인천광역시,오존,05,0.046,0.039
인천광역시,이산화질소,05,0.023,0.017
인천광역시,일산화탄소,05,0.5,0.5
전라남도,미세먼지 PM10,05,42.36842105263158,29.217391304347824
전라남도,미세먼지 PM2.5,05,21.73684210526316,15.590909090909092
전라남도,아황산가스,05,0.004,0.0029565217391304
전라남도,오존,05,0.0511578947368421,0.0416086956521739
전라남도,이산화질소,05,0.0094210526315789,0.0066521739130434
전라남도,일산화탄소,05,0.4842105263157894,0.4043478260869566
전라북도,미세먼지 PM10,05,48.4,33.57142857142857
전라북도,미세먼지 PM2.5,05,24.4,19.571428571428573
전라북도,아황산가스,05,0.0032666666666666,0.0026
전라북도,오존,05,0.0545999999999999,0.0442666666666666
전라북도,이산화질소,05,0.0104666666666666,0.0082142857142857
전라북도,일산화탄소,05,0.3857142857142857,0.3399999999999999
제주특별자치도,미세먼지 PM10,05,43.333333333333336,36.333333333333336
제주특별자치도,미세먼지 PM2.5,05,19.33333333333333,19.33333333333333
제주특별자치도,아황산가스,05,0.003,0.0013333333333333
제주특별자치도,오존,05,0.0626666666666666,0.0453333333333333
제주특별자치도,이산화질소,05,0.01,0.008
제주특별자치도,일산화탄소,05,0.3,0.3333333333333333
충청남도,미세먼지 PM10,05,50.625,34.93333333333333
충청남도,미세먼지 PM2.5,05,26.8125,18.857142857142858
충청남도,아황산가스,05,0.004375,0.0031333333333333
충청남도,오존,05,0.0536875,0.0407999999999999
충청남도,이산화질소,05,0.011125,0.0084
충청남도,일산화탄소,05,0.4875,0.4
충청북도,미세먼지 PM10,05,48.833333333333336,33.0
충청북도,미세먼지 PM2.5,05,27.25,18.363636363636363
충청북도,아황산가스,05,0.0031666666666666,0.0030833333333333
충청북도,오존,05,0.0493333333333333,0.0396666666666666
충청북도,이산화질소,05,0.0143333333333333,0.009
충청북도,일산화탄소,05,0.3666666666666667,0.4083333333333334
강원도,미세먼지 PM10,06,28.473684210526315,35.333333333333336
강원도,미세먼지 PM2.5,06,16.789473684210527,18.0
강원도,아황산가스,06,0.0020526315789473,0.0023888888888888
강원도,오존,06,0.0436842105263157,0.0451666666666666
강원도,이산화질소,06,0.0077777777777777,0.0068888888888888
강원도,일산화탄소,06,0.3526315789473684,0.3666666666666667
경기도,미세먼지 PM10,06,31.096774193548388,39.96875
경기도,미세먼지 PM2.5,06,18.258064516129032,20.78125
경기도,아황산가스,06,0.0034,0.00296875
경기도,오존,06,0.0428709677419354,0.04728125
경기도,이산화질소,06,0.0158064516129032,0.0144374999999999
경기도,일산화탄소,06,0.4,0.41875
경상남도,미세먼지 PM10,06,35.86666666666667,29.27777777777778
경상남도,미세먼지 PM2.5,06,19.066666666666663,15.68421052631579
경상남도,아황산가스,06,0.0033333333333333,0.0029473684210526
경상남도,오존,06,0.0455999999999999,0.0472105263157894
경상남도,이산화질소,06,0.0118666666666666,0.0101052631578947
경상남도,일산화탄소,06,0.38,0.3526315789473684
경상북도,미세먼지 PM10,06,30.916666666666668,30.45833333333333
경상북도,미세먼지 PM2.5,06,16.833333333333332,15.666666666666666
경상북도,아황산가스,06,0.0035,0.0033478260869565
경상북도,오존,06,0.0455,0.048125
경상북도,이산화질소,06,0.01025,0.008
경상북도,일산화탄소,06,0.3583333333333333,0.3304347826086956
광주광역시,미세먼지 PM10,06,40.0,31.0
광주광역시,미세먼지 PM2.5,06,25.0,18.0
광주광역시,아황산가스,06,0.002,0.002
광주광역시,오존,06,0.039,0.04
광주광역시,이산화질소,06,0.014,0.009
광주광역시,일산화탄소,06,0.4,0.3
대구광역시,미세먼지 PM10,06,32.0,35.0
대구광역시,미세먼지 PM2.5,06,20.0,20.0
대구광역시,아황산가스,06,0.002,0.002
대구광역시,오존,06,0.044,0.045
대구광역시,이산화질소,06,0.013,0.012
대구광역시,일산화탄소,06,0.4,0.4
대전광역시,미세먼지 PM10,06,30.0,34.0
대전광역시,미세먼지 PM2.5,06,18.0,19.0
대전광역시,아황산가스,06,0.002,0.002
대전광역시,오존,06,0.038,0.048
대전광역시,이산화질소,06,0.013,0.012
대전광역시,일산화탄소,06,0.3,0.4
부산광역시,미세먼지 PM10,06,32.0,27.0
부산광역시,미세먼지 PM2.5,06,21.0,15.0
부산광역시,아황산가스,06,0.006,0.004
부산광역시,오존,06,0.038,0.04
부산광역시,이산화질소,06,0.016,0.015
부산광역시,일산화탄소,06,0.4,0.4
서울특별시,미세먼지 PM10,06,29.0,36.0
서울특별시,미세먼지 PM2.5,06,20.0,21.0
서울특별시,아황산가스,06,0.004,0.003
서울특별시,오존,06,0.039,0.044
서울특별시,이산화질소,06,0.02,0.019
서울특별시,일산화탄소,06,0.4,0.4
세종특별자치시,미세먼지 PM10,06,34.0,37.0
세종특별자치시,미세먼지 PM2.5,06,20.0,16.0
세종특별자치시,아황산가스,06,0.003,0.003
세종특별자치시,오존,06,0.044,0.05
세종특별자치시,이산화질소,06,0.015,0.012
세종특별자치시,일산화탄소,06,0.5,0.5
울산광역시,미세먼지 PM10,06,34.0,32.0
울산광역시,미세먼지 PM2.5,06,22.0,19.0
울산광역시,아황산가스,06,0.007,0.006
울산광역시,오존,06,0.038,0.039
울산광역시,이산화질소,06,0.019,0.018
울산광역시,일산화탄소,06,0.5,0.4
인천광역시,미세먼지 PM10,06,29.0,32.0
인천광역시,미세먼지 PM2.5,06,17.0,17.0
인천광역시,아황산가스,06,0.004,0.003
인천광역시,오존,06,0.041,0.044
인천광역시,이산화질소,06,0.017,0.016
인천광역시,일산화탄소,06,0.4,0.4
전라남도,미세먼지 PM10,06,31.7,26.956521739130437
전라남도,미세먼지 PM2.5,06,20.68421052631579,15.045454545454543
전라남도,아황산가스,06,0.0036499999999999,0.0029565217391304
전라남도,오존,06,0.0419,0.0400869565217391
전라남도,이산화질소,06,0.0072,0.0063043478260869
전라남도,일산화탄소,06,0.445,0.3826086956521739
전라북도,미세먼지 PM10,06,36.6,36.07142857142857
전라북도,미세먼지 PM2.5,06,23.133333333333333,23.266666666666666
전라북도,아황산가스,06,0.0028666666666666,0.0026
전라북도,오존,06,0.0456666666666666,0.0472
전라북도,이산화질소,06,0.008,0.008
전라북도,일산화탄소,06,0.3333333333333333,0.3466666666666667
제주특별자치도,미세먼지 PM10,06,30.666666666666668,27.33333333333333
제주특별자치도,미세먼지 PM2.5,06,19.666666666666668,13.666666666666666
제주특별자치도,아황산가스,06,0.0023333333333333,0.0013333333333333
제주특별자치도,오존,06,0.0476666666666666,0.0396666666666666
제주특별자치도,이산화질소,06,0.0086666666666666,0.0083333333333333
제주특별자치도,일산화탄소,06,0.2333333333333333,0.2666666666666666
충청남도,미세먼지 PM10,06,32.8125,35.5
충청남도,미세먼지 PM2.5,06,21.875,19.3125
충청남도,아황산가스,06,0.0038125,0.003125
충청남도,오존,06,0.0465,0.046125
충청남도,이산화질소,06,0.0091333333333333,0.008625
충청남도,일산화탄소,06,0.45,0.40625
충청북도,미세먼지 PM10,06,34.90909090909091,36.0
충청북도,미세먼지 PM2.5,06,24.363636363636363,20.09090909090909
충청북도,아황산가스,06,0.0026363636363636,0.0029090909090909
충청북도,오존,06,0.0427272727272727,0.044090909090909
충청북도,이산화질소,06,0.0112727272727272,0.0089090909090909
충청북도,일산화탄소,06,0.3363636363636363,0.3818181818181818
강원도,미세먼지 PM10,07,25.36842105263158,16.875
강원도,미세먼지 PM2.5,07,14.444444444444445,8.68421052631579
강원도,아황산가스,07,0.0019473684210526,0.0022105263157894
강원도,오존,07,0.0338947368421052,0.0276315789473684
강원도,이산화질소,07,0.0064736842105263,0.0056666666666666
강원도,일산화탄소,07,0.3368421052631579,0.3722222222222222
경기도,미세먼지 PM10,07,28.65625,22.258064516129032
경기도,미세먼지 PM2.5,07,17.129032258064516,12.53125
경기도,아황산가스,07,0.00296875,0.00259375
경기도,오존,07,0.0349032258064516,0.03196875
경기도,이산화질소,07,0.01359375,0.01178125
경기도,일산화탄소,07,0.3875,0.4
경상남도,미세먼지 PM10,07,27.714285714285715,18.789473684210527
경상남도,미세먼지 PM2.5,07,13.928571428571429,10.27777777777778
경상남도,아황산가스,07,0.0028571428571428,0.0026315789473684
경상남도,오존,07,0.0329285714285714,0.0318421052631578
경상남도,이산화질소,07,0.0104999999999999,0.0094736842105263
경상남도,일산화탄소,07,0.3714285714285714,0.3421052631578947
경상북도,미세먼지 PM10,07,26.692307692307693,16.125
경상북도,미세먼지 PM2.5,07,15.076923076923077,8.818181818181818
경상북도,아황산가스,07,0.003076923076923,0.0028333333333333
경상북도,오존,07,0.0321538461538461,0.0310416666666666
경상북도,이산화질소,07,0.0082307692307692,0.0065833333333333
경상북도,일산화탄소,07,0.3,0.3083333333333333
광주광역시,미세먼지 PM10,07,29.0,15.0
광주광역시,미세먼지 PM2.5,07,17.0,9.0
광주광역시,아황산가스,07,0.002,0.002
광주광역시,오존,07,0.029,0.028
광주광역시,이산화질소,07,0.011,0.008
광주광역시,일산화탄소,07,0.3,0.3
대구광역시,미세먼지 PM10,07,26.0,22.0
대구광역시,미세먼지 PM2.5,07,16.0,14.0
대구광역시,아황산가스,07,0.002,0.002
대구광역시,오존,07,0.03,0.027
대구광역시,이산화질소,07,0.011,0.011
대구광역시,일산화탄소,07,0.3,0.4
대전광역시,미세먼지 PM10,07,23.0,16.0
대전광역시,미세먼지 PM2.5,07,14.0,9.0
대전광역시,아황산가스,07,0.002,0.002
대전광역시,오존,07,0.028,0.03
대전광역시,이산화질소,07,0.011,0.01
대전광역시,일산화탄소,07,0.3,0.3
부산광역시,미세먼지 PM10,07,26.0,18.0
부산광역시,미세먼지 PM2.5,07,18.0,10.0
부산광역시,아황산가스,07,0.005,0.003
부산광역시,오존,07,0.028,0.028
부산광역시,이산화질소,07,0.015,0.014
부산광역시,일산화탄소,07,0.3,0.3
서울특별시,미세먼지 PM10,07,26.0,21.0
서울특별시,미세먼지 PM2.5,07,19.0,13.0
서울특별시,아황산가스,07,0.004,0.002
서울특별시,오존,07,0.031,0.031
서울특별시,이산화질소,07,0.018,0.016
서울특별시,일산화탄소,07,0.4,0.4
세종특별자치시,미세먼지 PM10,07,23.0,17.0
세종특별자치시,미세먼지 PM2.5,07,14.0,9.0
세종특별자치시,아황산가스,07,0.003,0.002
세종특별자치시,오존,07,0.031,0.032
세종특별자치시,이산화질소,07,0.012,0.01
세종특별자치시,일산화탄소,07,0.4,0.5
울산광역시,미세먼지 PM10,07,29.0,20.0
울산광역시,미세먼지 PM2.5,07,19.0,12.0
울산광역시,아황산가스,07,0.006,0.004
울산광역시,오존,07,0.028,0.028
울산광역시,이산화질소,07,0.016,0.015
울산광역시,일산화탄소,07,0.4,0.4
인천광역시,미세먼지 PM10,07,31.0,21.0
인천광역시,미세먼지 PM2.5,07,19.0,
인천광역시,아황산가스,07,0.004,0.003
인천광역시,오존,07,0.032,0.034
인천광역시,이산화질소,07,0.015,0.014
인천광역시,일산화탄소,07,0.4,0.4
전라남도,미세먼지 PM10,07,22.75,16.636363636363637
전라남도,미세먼지 PM2.5,07,13.842105263157896,9.227272727272728
전라남도,아황산가스,07,0.0034,0.0028095238095238
전라남도,오존,07,0.0306666666666666,0.03
전라남도,이산화질소,07,0.0058095238095238,0.0056363636363636
전라남도,일산화탄소,07,0.3666666666666667,0.3904761904761904
전라북도,미세먼지 PM10,07,25.857142857142858,17.933333333333334
전라북도,미세먼지 PM2.5,07,14.933333333333334,12.466666666666669
전라북도,아황산가스,07,0.0025454545454545,0.0025384615384615
전라북도,오존,07,0.0324,0.032
전라북도,이산화질소,07,0.0066428571428571,0.0067333333333333
전라북도,일산화탄소,07,0.3,0.3133333333333333
제주특별자치도,미세먼지 PM10,07,25.666666666666668,20.0
제주특별자치도,미세먼지 PM2.5,07,16.0,9.666666666666666
제주특별자치도,아황산가스,07,0.0016666666666666,0.001
제주특별자치도,오존,07,0.035,0.0336666666666666
제주특별자치도,이산화질소,07,0.0063333333333333,0.007
제주특별자치도,일산화탄소,07,0.2333333333333333,0.2
충청남도,미세먼지 PM10,07,25.3125,21.6875
충청남도,미세먼지 PM2.5,07,16.1875,12.0625
충청남도,아황산가스,07,0.003125,0.0030625
충청남도,오존,07,0.03575,0.0335
충청남도,이산화질소,07,0.0075625,0.008
충청남도,일산화탄소,07,0.4,0.375
충청북도,미세먼지 PM10,07,24.166666666666668,17.5
충청북도,미세먼지 PM2.5,07,15.666666666666666,9.75
충청북도,아황산가스,07,0.0025833333333333,0.0028333333333333
충청북도,오존,07,0.0299166666666666,0.0270833333333333
충청북도,이산화질소,07,0.0091666666666666,0.0078333333333333
충청북도,일산화탄소,07,0.325,0.3416666666666666
강원도,미세먼지 PM10,08,25.894736842105264,18.26315789473684
강원도,미세먼지 PM2.5,08,13.894736842105264,10.2
강원도,아황산가스,08,0.0021052631578947,0.0021578947368421
강원도,오존,08,0.0294736842105263,0.0226111111111111
강원도,이산화질소,08,0.0065263157894736,0.0062105263157894
강원도,일산화탄소,08,0.3894736842105263,0.3789473684210526
경기도,미세먼지 PM10,08,27.774193548387096,22.966666666666665
경기도,미세먼지 PM2.5,08,15.0,12.419354838709678
경기도,아황산가스,08,0.0029032258064516,0.0026774193548387
경기도,오존,08,0.0331290322580645,0.022774193548387
경기도,이산화질소,08,0.0138387096774193,0.010258064516129
경기도,일산화탄소,08,0.4129032258064516,0.3375
경상남도,미세먼지 PM10,08,31.071428571428573,27.894736842105264
경상남도,미세먼지 PM2.5,08,15.266666666666667,15.63157894736842
경상남도,아황산가스,08,0.0028571428571428,0.0029473684210526
경상남도,오존,08,0.0322142857142857,0.0265263157894736
경상남도,이산화질소,08,0.0104999999999999,0.0078947368421052
경상남도,일산화탄소,08,0.4285714285714285,0.3052631578947368
경상북도,미세먼지 PM10,08,26.928571428571427,22.041666666666668
경상북도,미세먼지 PM2.5,08,15.0,13.391304347826088
경상북도,아황산가스,08,0.0032307692307692,0.0030416666666666
경상북도,오존,08,0.0318571428571428,0.0259583333333333
경상북도,이산화질소,08,0.0081428571428571,0.0064166666666666
경상북도,일산화탄소,08,0.3571428571428571,0.2791666666666667
광주광역시,미세먼지 PM10,08,31.0,22.0
광주광역시,미세먼지 PM2.5,08,17.0,14.0
광주광역시,아황산가스,08,0.003,0.003
광주광역시,오존,08,0.031,0.021
광주광역시,이산화질소,08,0.011,0.006
광주광역시,일산화탄소,08,0.4,0.3
대구광역시,미세먼지 PM10,08,26.0,25.0
대구광역시,미세먼지 PM2.5,08,16.0,16.0
대구광역시,아황산가스,08,0.002,0.002
대구광역시,오존,08,0.03,0.023
대구광역시,이산화질소,08,0.012,0.009
대구광역시,일산화탄소,08,0.3,0.3
대전광역시,미세먼지 PM10,08,25.0,20.0
대전광역시,미세먼지 PM2.5,08,15.0,10.0
대전광역시,아황산가스,08,0.002,0.002
대전광역시,오존,08,0.029,0.022
대전광역시,이산화질소,08,0.011,0.01
대전광역시,일산화탄소,08,0.3,0.3
부산광역시,미세먼지 PM10,08,30.0,31.0
부산광역시,미세먼지 PM2.5,08,19.0,19.0
부산광역시,아황산가스,08,0.005,0.004
부산광역시,오존,08,0.03,0.026
부산광역시,이산화질소,08,0.014,0.011
부산광역시,일산화탄소,08,0.4,0.3
서울특별시,미세먼지 PM10,08,25.0,23.0
서울특별시,미세먼지 PM2.5,08,16.0,14.0
서울특별시,아황산가스,08,0.004,0.003
서울특별시,오존,08,0.03,0.019
서울특별시,이산화질소,08,0.018,0.014
서울특별시,일산화탄소,08,0.4,0.3
세종특별자치시,미세먼지 PM10,08,27.0,20.0
세종특별자치시,미세먼지 PM2.5,08,16.0,11.0
세종특별자치시,아황산가스,08,0.003,0.003
세종특별자치시,오존,08,0.031,0.023
세종특별자치시,이산화질소,08,0.013,0.009
세종특별자치시,일산화탄소,08,0.5,0.4
울산광역시,미세먼지 PM10,08,30.0,28.0
울산광역시,미세먼지 PM2.5,08,18.0,17.0
울산광역시,아황산가스,08,0.006,0.004
울산광역시,오존,08,0.029,0.026
울산광역시,이산화질소,08,0.014,0.013
울산광역시,일산화탄소,08,0.5,0.5
인천광역시,미세먼지 PM10,08,30.0,24.0
인천광역시,미세먼지 PM2.5,08,18.0,14.0
인천광역시,아황산가스,08,0.004,0.003
인천광역시,오존,08,0.037,0.021
인천광역시,이산화질소,08,0.015,0.012
인천광역시,일산화탄소,08,0.4,0.3
전라남도,미세먼지 PM10,08,27.666666666666668,26.43478260869565
전라남도,미세먼지 PM2.5,08,16.75,15.130434782608695
전라남도,아황산가스,08,0.0034285714285714,0.0026818181818181
전라남도,오존,08,0.0316190476190476,0.0225
전라남도,이산화질소,08,0.006095238095238,0.0046521739130434
전라남도,일산화탄소,08,0.419047619047619,0.3652173913043478
전라북도,미세먼지 PM10,08,27.73333333333333,21.8
전라북도,미세먼지 PM2.5,08,16.133333333333333,14.866666666666667
전라북도,아황산가스,08,0.0026428571428571,0.0025
전라북도,오존,08,0.0304,0.0232
전라북도,이산화질소,08,0.0068666666666666,0.0053571428571428
전라북도,일산화탄소,08,0.3399999999999999,0.2466666666666666
제주특별자치도,미세먼지 PM10,08,30.0,28.33333333333333
제주특별자치도,미세먼지 PM2.5,08,18.0,14.333333333333334
제주특별자치도,아황산가스,08,0.0023333333333333,0.0013333333333333
제주특별자치도,오존,08,0.039,0.0213333333333333
제주특별자치도,이산화질소,08,0.0073333333333333,0.0056666666666666
제주특별자치도,일산화탄소,08,0.2333333333333333,0.2
충청남도,미세먼지 PM10,08,27.4375,23.875
충청남도,미세먼지 PM2.5,08,16.875,13.125
충청남도,아황산가스,08,0.0035,0.003125
충청남도,오존,08,0.0358,0.02475
충청남도,이산화질소,08,0.007875,0.006375
충청남도,일산화탄소,08,0.40625,0.3125
충청북도,미세먼지 PM10,08,26.25,20.916666666666668
충청북도,미세먼지 PM2.5,08,17.166666666666668,11.083333333333334
충청북도,아황산가스,08,0.0025,0.00275
충청북도,오존,08,0.0276666666666666,0.0205
충청북도,이산화질소,08,0.0094166666666666,0.0072499999999999
충청북도,일산화탄소,08,0.3583333333333333,0.3083333333333333
강원도,미세먼지 PM10,09,20.73684210526316,18.55555555555556
강원도,미세먼지 PM2.5,09,9.5,9.235294117647058
강원도,아황산가스,09,0.0017894736842105,0.0022777777777777
강원도,오존,09,0.0233684210526315,0.0292777777777777
강원도,이산화질소,09,0.0066315789473684,0.0058888888888888
강원도,일산화탄소,09,0.3421052631578947,0.3888888888888889
경기도,미세먼지 PM10,09,24.5625,21.53333333333333
경기도,미세먼지 PM2.5,09,11.96875,10.935483870967742
경기도,아황산가스,09,0.002875,0.0027666666666666
경기도,오존,09,0.02434375,0.0285806451612903
경기도,이산화질소,09,0.016375,0.0126129032258064
경기도,일산화탄소,09,0.39375,0.378125
경상남도,미세먼지 PM10,09,26.642857142857142,22.444444444444443
경상남도,미세먼지 PM2.5,09,10.733333333333333,12.473684210526317
경상남도,아황산가스,09,0.0027142857142857,0.0025263157894736
경상남도,오존,09,0.0278571428571428,0.0352105263157894
경상남도,이산화질소,09,0.0110714285714285,0.0088421052631578
경상남도,일산화탄소,09,0.3857142857142857,0.3368421052631579
경상북도,미세먼지 PM10,09,22.857142857142858,20.041666666666668
경상북도,미세먼지 PM2.5,09,11.285714285714286,11.291666666666666
경상북도,아황산가스,09,0.0027857142857142,0.0028333333333333
경상북도,오존,09,0.0275,0.0321666666666666
경상북도,이산화질소,09,0.0084285714285714,0.0072916666666666
경상북도,일산화탄소,09,0.3,0.3291666666666666
광주광역시,미세먼지 PM10,09,27.0,21.0
광주광역시,미세먼지 PM2.5,09,15.0,13.0
광주광역시,아황산가스,09,0.003,0.003
광주광역시,오존,09,0.027,0.029
광주광역시,이산화질소,09,0.012,0.011
광주광역시,일산화탄소,09,0.4,0.3
대구광역시,미세먼지 PM10,09,23.0,25.0
대구광역시,미세먼지 PM2.5,09,13.0,15.0
대구광역시,아황산가스,09,0.002,0.002
대구광역시,오존,09,0.025,0.028
대구광역시,이산화질소,09,0.013,0.013
대구광역시,일산화탄소,09,0.3,0.3
대전광역시,미세먼지 PM10,09,22.0,21.0
대전광역시,미세먼지 PM2.5,09,12.0,12.0
대전광역시,아황산가스,09,0.002,0.002
대전광역시,오존,09,0.025,0.032
대전광역시,이산화질소,09,0.013,0.012
대전광역시,일산화탄소,09,0.3,0.4
부산광역시,미세먼지 PM10,09,24.0,24.0
부산광역시,미세먼지 PM2.5,09,13.0,13.0
부산광역시,아황산가스,09,0.004,0.003
부산광역시,오존,09,0.028,0.035
부산광역시,이산화질소,09,0.015,0.012
부산광역시,일산화탄소,09,0.3,0.4
서울특별시,미세먼지 PM10,09,21.0,19.0
서울특별시,미세먼지 PM2.5,09,12.0,11.0
서울특별시,아황산가스,09,0.003,0.003
서울특별시,오존,09,0.024,0.028
서울특별시,이산화질소,09,0.021,0.016
서울특별시,일산화탄소,09,0.4,0.4
세종특별자치시,미세먼지 PM10,09,23.0,20.0
세종특별자치시,미세먼지 PM2.5,09,12.0,10.0
세종특별자치시,아황산가스,09,0.003,0.004
세종특별자치시,오존,09,0.025,0.032
세종특별자치시,이산화질소,09,0.015,0.012
세종특별자치시,일산화탄소,09,0.4,0.4
울산광역시,미세먼지 PM10,09,25.0,25.0
울산광역시,미세먼지 PM2.5,09,13.0,14.0
울산광역시,아황산가스,09,0.005,0.003
울산광역시,오존,09,0.027,0.034
울산광역시,이산화질소,09,0.015,0.014
울산광역시,일산화탄소,09,0.4,0.5
인천광역시,미세먼지 PM10,09,28.0,20.0
인천광역시,미세먼지 PM2.5,09,14.0,10.0
인천광역시,아황산가스,09,0.004,0.003
인천광역시,오존,09,0.026,0.032
인천광역시,이산화질소,09,0.021,0.015
인천광역시,일산화탄소,09,0.5,0.4
전라남도,미세먼지 PM10,09,22.26086956521739,22.61904761904762
전라남도,미세먼지 PM2.5,09,12.130434782608695,13.238095238095235
전라남도,아황산가스,09,0.0034782608695652,0.0025454545454545
전라남도,오존,09,0.0285217391304347,0.0332608695652173
전라남도,이산화질소,09,0.0065652173913043,0.0067391304347826
전라남도,일산화탄소,09,0.417391304347826,0.4181818181818181
전라북도,미세먼지 PM10,09,25.2,22.384615384615383
전라북도,미세먼지 PM2.5,09,14.333333333333334,13.461538461538462
전라북도,아황산가스,09,0.0028,0.0024166666666666
전라북도,오존,09,0.0287333333333333,0.0334285714285714
전라북도,이산화질소,09,0.0075333333333333,0.0073076923076923
전라북도,일산화탄소,09,0.3333333333333333,0.3214285714285714
제주특별자치도,미세먼지 PM10,09,25.33333333333333,26.33333333333333
제주특별자치도,미세먼지 PM2.5,09,12.666666666666666,13.0
제주특별자치도,아황산가스,09,0.002,0.0013333333333333
제주특별자치도,오존,09,0.0406666666666666,0.0456666666666666
제주특별자치도,이산화질소,09,0.0076666666666666,0.0069999999999999
제주특별자치도,일산화탄소,09,0.1666666666666666,0.2666666666666666
충청남도,미세먼지 PM10,09,25.375,23.375
충청남도,미세먼지 PM2.5,09,13.8125,12.6
충청남도,아황산가스,09,0.003375,0.003375
충청남도,오존,09,0.0298125,0.0345625
충청남도,이산화질소,09,0.0091875,0.008375
충청남도,일산화탄소,09,0.39375,0.40625
충청북도,미세먼지 PM10,09,22.5,21.916666666666668
충청북도,미세먼지 PM2.5,09,13.666666666666666,11.916666666666666
충청북도,아황산가스,09,0.0025833333333333,0.0028333333333333
충청북도,오존,09,0.0231666666666666,0.0271666666666666
충청북도,이산화질소,09,0.0106666666666666,0.0093333333333333
충청북도,일산화탄소,09,0.3166666666666666,0.375
강원도,미세먼지 PM10,1,27.5,27.55555555555556
강원도,미세먼지 PM2.5,1,13.117647058823527,13.882352941176473
강원도,아황산가스,1,0.0022222222222222,0.0022777777777777
강원도,오존,1,0.0240555555555555,0.0267222222222222
강원도,이산화질소,1,0.0087222222222222,0.0090555555555555
강원도,일산화탄소,1,0.3777777777777778,0.4
경기도,미세먼지 PM10,1,35.59375,37.46875
경기도,미세먼지 PM2.5,1,16.322580645161292,18.25
경기도,아황산가스,1,0.00296875,0.0031612903225806
경기도,오존,1,0.021375,0.0223125
경기도,이산화질소,1,0.0201875,0.0210322580645161
경기도,일산화탄소,1,0.41875,0.459375
경상남도,미세먼지 PM10,1,28.76923076923077,28.294117647058822
경상남도,미세먼지 PM2.5,1,11.153846153846152,14.117647058823527
경상남도,아황산가스,1,0.0024666666666666,0.0028235294117647
경상남도,오존,1,0.0286153846153846,0.0326875
경상남도,이산화질소,1,0.0125384615384615,0.0114705882352941
경상남도,일산화탄소,1,0.3615384615384615,0.3764705882352941
경상북도,미세먼지 PM10,1,29.142857142857142,28.791666666666668
경상북도,미세먼지 PM2.5,1,12.928571428571429,15.625
경상북도,아황산가스,1,0.0028666666666666,0.0030833333333333
경상북도,오존,1,0.0269333333333333,0.0308260869565217
경상북도,이산화질소,1,0.0101333333333333,0.010375
경상북도,일산화탄소,1,0.3357142857142857,0.3625
광주광역시,미세먼지 PM10,1,35.0,31.0
광주광역시,미세먼지 PM2.5,1,18.0,17.0
광주광역시,아황산가스,1,0.003,0.003
광주광역시,오존,1,0.025,0.028
광주광역시,이산화질소,1,0.017,0.016
광주광역시,일산화탄소,1,0.4,0.4
대구광역시,미세먼지 PM10,1,27.0,33.0
대구광역시,미세먼지 PM2.5,1,14.0,18.0
대구광역시,아황산가스,1,0.002,0.002
대구광역시,오존,1,0.022,0.026
대구광역시,이산화질소,1,0.017,0.019
대구광역시,일산화탄소,1,0.4,0.4
대전광역시,미세먼지 PM10,1,29.0,33.0
대전광역시,미세먼지 PM2.5,1,15.0,18.0
대전광역시,아황산가스,1,0.002,0.002
대전광역시,오존,1,0.02,0.025
대전광역시,이산화질소,1,0.018,0.021
대전광역시,일산화탄소,1,0.3,0.4
부산광역시,미세먼지 PM10,1,27.0,30.0
부산광역시,미세먼지 PM2.5,1,13.0,15.0
부산광역시,아황산가스,1,0.004,0.003
부산광역시,오존,1,0.029,0.033
부산광역시,이산화질소,1,0.017,0.017
부산광역시,일산화탄소,1,0.3,0.4
서울특별시,미세먼지 PM10,1,31.0,33.0
서울특별시,미세먼지 PM2.5,1,15.0,17.0
서울특별시,아황산가스,1,0.003,0.003
서울특별시,오존,1,0.021,0.022
서울특별시,이산화질소,1,0.025,0.025
서울특별시,일산화탄소,1,0.5,0.5
세종특별자치시,미세먼지 PM10,1,32.0,35.0
세종특별자치시,미세먼지 PM2.5,1,17.0,20.0
세종특별자치시,아황산가스,1,0.003,0.004
세종특별자치시,오존,1,0.021,0.024
세종특별자치시,이산화질소,1,0.019,0.02
세종특별자치시,일산화탄소,1,0.5,0.4
울산광역시,미세먼지 PM10,1,27.0,30.0
울산광역시,미세먼지 PM2.5,1,11.0,15.0
울산광역시,아황산가스,1,0.004,0.003
울산광역시,오존,1,0.029,0.034
울산광역시,이산화질소,1,0.016,0.017
울산광역시,일산화탄소,1,0.4,0.5
인천광역시,미세먼지 PM10,1,35.0,34.0
인천광역시,미세먼지 PM2.5,1,16.0,15.0
인천광역시,아황산가스,1,0.004,0.004
인천광역시,오존,1,0.024,0.028
인천광역시,이산화질소,1,0.023,0.021
인천광역시,일산화탄소,1,0.5,0.5
전라남도,미세먼지 PM10,1,28.39130434782609,29.818181818181817
전라남도,미세먼지 PM2.5,1,13.91304347826087,15.043478260869565
전라남도,아황산가스,1,0.0033043478260869,0.0027272727272727
전라남도,오존,1,0.0286086956521739,0.0336190476190476
전라남도,이산화질소,1,0.0082173913043478,0.0090454545454545
전라남도,일산화탄소,1,0.4043478260869566,0.3857142857142857
전라북도,미세먼지 PM10,1,31.785714285714285,31.285714285714285
전라북도,미세먼지 PM2.5,1,17.357142857142858,17.466666666666665
전라북도,아황산가스,1,0.0023846153846153,0.0025714285714285
전라북도,오존,1,0.0272857142857142,0.0300714285714285
전라북도,이산화질소,1,0.0107857142857142,0.0113571428571428
전라북도,일산화탄소,1,0.3285714285714285,0.35
제주특별자치도,미세먼지 PM10,1,32.333333333333336,31.33333333333333
제주특별자치도,미세먼지 PM2.5,1,15.0,15.666666666666666
제주특별자치도,아황산가스,1,0.0016666666666666,0.0013333333333333
제주특별자치도,오존,1,0.0423333333333333,0.0453333333333333
제주특별자치도,이산화질소,1,0.008,0.008
제주특별자치도,일산화탄소,1,0.2,0.2666666666666666
충청남도,미세먼지 PM10,1,36.25,37.73333333333333
충청남도,미세먼지 PM2.5,1,19.375,19.8
충청남도,아황산가스,1,0.0029375,0.0039333333333333
충청남도,오존,1,0.0269375,0.0282666666666666
충청남도,이산화질소,1,0.0119375,0.0134
충청남도,일산화탄소,1,0.4,0.46
충청북도,미세먼지 PM10,1,32.25,35.63636363636363
충청북도,미세먼지 PM2.5,1,19.166666666666668,20.58333333333333
충청북도,아황산가스,1,0.00275,0.0029166666666666
충청북도,오존,1,0.0204166666666666,0.0237499999999999
충청북도,이산화질소,1,0.0142499999999999,0.01375
충청북도,일산화탄소,1,0.3833333333333333,0.425
강원도,미세먼지 PM10,11,35.23529411764706,32.90909090909091
강원도,미세먼지 PM2.5,11,18.58823529411765,19.133333333333333
강원도,아황산가스,11,0.0027058823529411,0.0026315789473684
강원도,오존,11,0.0204705882352941,0.0236315789473684
강원도,이산화질소,11,0.0134117647058823,0.0124736842105263
강원도,일산화탄소,11,0.4647058823529412,0.4294117647058823
경기도,미세먼지 PM10,11,46.29032258064516,44.375
경기도,미세먼지 PM2.5,11,22.78125,24.90625
경기도,아황산가스,11,0.0035,0.00334375
경기도,오존,11,0.014375,0.0165
경기도,이산화질소,11,0.02790625,0.02575
경기도,일산화탄소,11,0.54375,0.521875
경상남도,미세먼지 PM10,11,35.21052631578947,30.0
경상남도,미세먼지 PM2.5,11,16.31578947368421,16.88888888888889
경상남도,아황산가스,11,0.0027894736842105,0.0031111111111111
경상남도,오존,11,0.0231052631578947,0.0247777777777777
경상남도,이산화질소,11,0.0168947368421052,0.0153888888888888
경상남도,일산화탄소,11,0.4105263157894737,0.3944444444444445
경상북도,미세먼지 PM10,11,38.8,34.52173913043478
경상북도,미세먼지 PM2.5,11,18.785714285714285,21.043478260869566
경상북도,아황산가스,11,0.0034,0.0033478260869565
경상북도,오존,11,0.023,0.0244347826086956
경상북도,이산화질소,11,0.0147857142857142,0.013
경상북도,일산화탄소,11,0.4428571428571429,0.4217391304347826
광주광역시,미세먼지 PM10,11,43.0,32.0
광주광역시,미세먼지 PM2.5,11,20.0,20.0
광주광역시,아황산가스,11,0.003,0.003
광주광역시,오존,11,0.021,0.021
광주광역시,이산화질소,11,0.023,0.019
광주광역시,일산화탄소,11,0.5,0.5
대구광역시,미세먼지 PM10,11,41.0,40.0
대구광역시,미세먼지 PM2.5,11,21.0,23.0
대구광역시,아황산가스,11,0.003,0.002
대구광역시,오존,11,0.017,0.017
대구광역시,이산화질소,11,0.026,0.024
대구광역시,일산화탄소,11,0.5,0.5
대전광역시,미세먼지 PM10,11,43.0,37.0
대전광역시,미세먼지 PM2.5,11,21.0,20.0
대전광역시,아황산가스,11,0.003,0.002
대전광역시,오존,11,0.016,0.017
대전광역시,이산화질소,11,0.025,0.024
대전광역시,일산화탄소,11,0.5,0.5
부산광역시,미세먼지 PM10,11,35.0,31.0
부산광역시,미세먼지 PM2.5,11,17.0,17.0
부산광역시,아황산가스,11,0.004,0.004
부산광역시,오존,11,0.023,0.023
부산광역시,이산화질소,11,0.023,0.02
부산광역시,일산화탄소,11,0.4,0.4
서울특별시,미세먼지 PM10,11,40.0,42.0
서울특별시,미세먼지 PM2.5,11,20.0,24.0
서울특별시,아황산가스,11,0.004,0.003
서울특별시,오존,11,0.013,0.015
서울특별시,이산화질소,11,0.034,0.03
서울특별시,일산화탄소,11,0.6,0.6
세종특별자치시,미세먼지 PM10,11,45.0,40.0
세종특별자치시,미세먼지 PM2.5,11,26.0,25.0
세종특별자치시,아황산가스,11,0.003,0.004
세종특별자치시,오존,11,0.016,0.019
세종특별자치시,이산화질소,11,0.026,0.024
세종특별자치시,일산화탄소,11,0.5,0.5
울산광역시,미세먼지 PM10,11,34.0,31.0
울산광역시,미세먼지 PM2.5,11,15.0,17.0
울산광역시,아황산가스,11,0.004,0.003
울산광역시,오존,11,0.023,0.024
울산광역시,이산화질소,11,0.022,0.022
울산광역시,일산화탄소,11,0.5,0.5
인천광역시,미세먼지 PM10,11,41.0,39.0
인천광역시,미세먼지 PM2.5,11,19.0,21.0
인천광역시,아황산가스,11,0.005,0.004
인천광역시,오존,11,0.017,0.02
인천광역시,이산화질소,11,0.031,0.027
인천광역시,일산화탄소,11,0.6,0.5
전라남도,미세먼지 PM10,11,35.91304347826087,29.904761904761905
전라남도,미세먼지 PM2.5,11,17.26086956521739,15.666666666666666
전라남도,아황산가스,11,0.003391304347826,0.0027142857142857
전라남도,오존,11,0.0256086956521739,0.0273809523809523
전라남도,이산화질소,11,0.0114090909090909,0.0107619047619047
전라남도,일산화탄소,11,0.4454545454545455,0.3904761904761904
전라북도,미세먼지 PM10,11,40.8,32.5
전라북도,미세먼지 PM2.5,11,22.4,20.133333333333333
전라북도,아황산가스,11,0.0029285714285714,0.0028
전라북도,오존,11,0.0234666666666666,0.0241333333333333
전라북도,이산화질소,11,0.0144,0.0137333333333333
전라북도,일산화탄소,11,0.44,0.4
제주특별자치도,미세먼지 PM10,11,40.66666666666666,28.666666666666668
제주특별자치도,미세먼지 PM2.5,11,15.333333333333334,13.0
제주특별자치도,아황산가스,11,0.002,0.0013333333333333
제주특별자치도,오존,11,0.0406666666666666,0.0363333333333333
제주특별자치도,이산화질소,11,0.0096666666666666,0.0096666666666666
제주특별자치도,일산화탄소,11,0.3,0.3
충청남도,미세먼지 PM10,11,44.5625,40.75
충청남도,미세먼지 PM2.5,11,23.875,24.625
충청남도,아황산가스,11,0.0033125,0.0040625
충청남도,오존,11,0.020375,0.0233125
충청남도,이산화질소,11,0.0166875,0.016375
충청남도,일산화탄소,11,0.4875,0.50625
충청북도,미세먼지 PM10,11,47.41666666666666,40.16666666666666
충청북도,미세먼지 PM2.5,11,28.416666666666668,25.416666666666668
충청북도,아황산가스,11,0.0030833333333333,0.003
충청북도,오존,11,0.0163333333333333,0.0195
충청북도,이산화질소,11,0.0205,0.0171666666666666
충청북도,일산화탄소,11,0.525,0.4916666666666667
강원도,미세먼지 PM10,12,35.89473684210526,34.53333333333333
강원도,미세먼지 PM2.5,12,24.33333333333333,23.0
강원도,아황산가스,12,0.0030526315789473,0.0027368421052631
강원도,오존,12,0.0200526315789473,0.0229473684210526
강원도,이산화질소,12,0.0156315789473684,0.0145263157894736
강원도,일산화탄소,12,0.5578947368421052,0.4947368421052632
경기도,미세먼지 PM10,12,46.32258064516129,45.65625
경기도,미세먼지 PM2.5,12,30.83870967741936,28.65625
경기도,아황산가스,12,0.00365625,0.00384375
경기도,오존,12,0.01203125,0.0148125
경기도,이산화질소,12,0.02971875,0.02734375
경기도,일산화탄소,12,0.609375,0.571875
경상남도,미세먼지 PM10,12,31.789473684210527,29.0
경상남도,미세먼지 PM2.5,12,19.473684210526315,19.0
경상남도,아황산가스,12,0.0032105263157894,0.0032
경상남도,오존,12,0.0204736842105263,0.0235882352941176
경상남도,이산화질소,12,0.0197894736842105,0.0174117647058823
경상남도,일산화탄소,12,0.4736842105263157,0.4529411764705882
경상북도,미세먼지 PM10,12,36.69230769230769,35.40909090909091
경상북도,미세먼지 PM2.5,12,24.363636363636363,24.047619047619047
경상북도,아황산가스,12,0.0045,0.0042608695652173
경상북도,오존,12,0.0213571428571428,0.0234347826086956
경상북도,이산화질소,12,0.0155,0.0145652173913043
경상북도,일산화탄소,12,0.5571428571428572,0.5
광주광역시,미세먼지 PM10,12,33.0,33.0
광주광역시,미세먼지 PM2.5,12,22.0,24.0
광주광역시,아황산가스,12,0.003,0.003
광주광역시,오존,12,0.019,0.018
광주광역시,이산화질소,12,0.025,0.022
광주광역시,일산화탄소,12,0.6,0.5
대구광역시,미세먼지 PM10,12,42.0,38.0
대구광역시,미세먼지 PM2.5,12,29.0,24.0
대구광역시,아황산가스,12,0.004,0.003
대구광역시,오존,12,0.014,0.017
대구광역시,이산화질소,12,0.03,0.024
대구광역시,일산화탄소,12,0.7,0.5
대전광역시,미세먼지 PM10,12,40.0,38.0
대전광역시,미세먼지 PM2.5,12,25.0,20.0
대전광역시,아황산가스,12,0.003,0.003
대전광역시,오존,12,0.013,0.015
대전광역시,이산화질소,12,0.028,0.027
대전광역시,일산화탄소,12,0.6,0.5
부산광역시,미세먼지 PM10,12,35.0,33.0
부산광역시,미세먼지 PM2.5,12,23.0,21.0
부산광역시,아황산가스,12,0.004,0.003
부산광역시,오존,12,0.018,0.022
부산광역시,이산화질소,12,0.026,0.02
부산광역시,일산화탄소,12,0.5,0.4
서울특별시,미세먼지 PM10,12,42.0,42.0
서울특별시,미세먼지 PM2.5,12,28.0,27.0
서울특별시,아황산가스,12,0.004,0.004
서울특별시,오존,12,0.011,0.014
서울특별시,이산화질소,12,0.035,0.032
서울특별시,일산화탄소,12,0.7,0.6
세종특별자치시,미세먼지 PM10,12,46.0,44.0
세종특별자치시,미세먼지 PM2.5,12,32.0,28.0
세종특별자치시,아황산가스,12,0.003,0.004
세종특별자치시,오존,12,0.013,0.016
세종특별자치시,이산화질소,12,0.029,0.025
세종특별자치시,일산화탄소,12,0.6,0.6
울산광역시,미세먼지 PM10,12,33.0,30.0
울산광역시,미세먼지 PM2.5,12,20.0,19.0
울산광역시,아황산가스,12,0.004,0.003
울산광역시,오존,12,0.02,0.025
울산광역시,이산화질소,12,0.025,0.023
울산광역시,일산화탄소,12,0.5,0.5
인천광역시,미세먼지 PM10,12,40.0,39.0
인천광역시,미세먼지 PM2.5,12,25.0,24.0
인천광역시,아황산가스,12,0.005,0.004
인천광역시,오존,12,0.015,0.019
인천광역시,이산화질소,12,0.031,0.027
인천광역시,일산화탄소,12,0.7,0.6
전라남도,미세먼지 PM10,12,29.52173913043478,29.217391304347824
전라남도,미세먼지 PM2.5,12,18.565217391304348,17.91304347826087
전라남도,아황산가스,12,0.0034347826086956,0.002695652173913
전라남도,오존,12,0.0227391304347826,0.0237391304347826
전라남도,이산화질소,12,0.013,0.0126666666666666
전라남도,일산화탄소,12,0.4826086956521739,0.4238095238095238
전라북도,미세먼지 PM10,12,34.857142857142854,34.142857142857146
전라북도,미세먼지 PM2.5,12,24.428571428571427,22.73333333333333
전라북도,아황산가스,12,0.0028571428571428,0.0029333333333333
전라북도,오존,12,0.0217857142857142,0.0212666666666666
전라북도,이산화질소,12,0.0146428571428571,0.0156666666666666
전라북도,일산화탄소,12,0.4615384615384615,0.4266666666666667
제주특별자치도,미세먼지 PM10,12,29.666666666666668,24.666666666666668
제주특별자치도,미세먼지 PM2.5,12,16.0,14.0
제주특별자치도,아황산가스,12,0.002,0.0013333333333333
제주특별자치도,오존,12,0.0356666666666666,0.0346666666666666
제주특별자치도,이산화질소,12,0.0106666666666666,0.0106666666666666
제주특별자치도,일산화탄소,12,0.3333333333333333,0.3333333333333333
충청남도,미세먼지 PM10,12,41.4375,41.6875
충청남도,미세먼지 PM2.5,12,28.53333333333333,27.1875
충청남도,아황산가스,12,0.0035,0.0041875
충청남도,오존,12,0.0186875,0.0214666666666666
충청남도,이산화질소,12,0.017625,0.0175625
충청남도,일산화탄소,12,0.5125,0.50625
충청북도,미세먼지 PM10,12,45.5,43.083333333333336
충청북도,미세먼지 PM2.5,12,33.25,29.58333333333333
충청북도,아황산가스,12,0.003,0.0033333333333333
충청북도,오존,12,0.0129166666666666,0.0169166666666666
충청북도,이산화질소,12,0.0223333333333333,0.0198181818181818
충청북도,일산화탄소,12,0.6454545454545454,0.6
